Copyright 1986-2022 Xilinx, Inc. All Rights Reserved. Copyright 2022-2024 Advanced Micro Devices, Inc. All Rights Reserved.
--------------------------------------------------------------------------------------------------------------------------------------------------------------------
| Tool Version : Vivado v.2024.1 (win64) Build 5076996 Wed May 22 18:37:14 MDT 2024
| Date         : Mon Apr 14 20:25:55 2025
| Host         : DESKTOP-R5RVK16 running 64-bit major release  (build 9200)
| Command      : report_methodology -file MB_wrapper_methodology_drc_routed.rpt -pb MB_wrapper_methodology_drc_routed.pb -rpx MB_wrapper_methodology_drc_routed.rpx
| Design       : MB_wrapper
| Device       : xc7a35tcpg236-1
| Speed File   : -1
| Design State : Fully Routed
--------------------------------------------------------------------------------------------------------------------------------------------------------------------

Report Methodology

Table of Contents
-----------------
1. REPORT SUMMARY
2. REPORT DETAILS

1. REPORT SUMMARY
-----------------
            Netlist: netlist
          Floorplan: design_1
      Design limits: <entire design considered>
             Max violations: <unlimited>
             Violations found: 587
+-----------+----------+-------------------------------+------------+
| Rule      | Severity | Description                   | Violations |
+-----------+----------+-------------------------------+------------+
| LUTAR-1   | Warning  | LUT drives async reset alert  | 1          |
| TIMING-9  | Warning  | Unknown CDC Logic             | 1          |
| TIMING-16 | Warning  | Large setup violation         | 582        |
| TIMING-18 | Warning  | Missing input or output delay | 3          |
+-----------+----------+-------------------------------+------------+

2. REPORT DETAILS
-----------------
LUTAR-1#1 Warning
LUT drives async reset alert  
LUT cell MB_i/mdm_1/U0/MDM_Core_I1/JTAG_CONTROL_I/sel_n_i_2, with 2 or more inputs, drives asynchronous preset/clear pin(s) MB_i/mdm_1/U0/MDM_Core_I1/JTAG_CONTROL_I/sel_n_reg/PRE. The LUT may glitch and trigger an unexpected reset, even if it is a properly timed path.
Related violations: <none>

TIMING-9#1 Warning
Unknown CDC Logic  
One or more asynchronous Clock Domain Crossing has been detected between 2 clock domains through a set_false_path or a set_clock_groups or set_max_delay -datapath_only constraint but no double-registers logic synchronizer has been found on the side of the capture clock. It is recommended to run report_cdc for a complete and detailed CDC coverage. Please consider using XPM_CDC to avoid Critical severities
Related violations: <none>

TIMING-16#1 Warning
Large setup violation  
There is a large setup violation of -1.002 ns between MB_i/simple_axi_writer_0/inst/sha256_inst/round_count_reg[2]_replica_2/C (clocked by clk_out1_MB_clk_wiz_0_2) and MB_i/simple_axi_writer_0/inst/sha256_inst/W_reg[19][10]/D (clocked by clk_out1_MB_clk_wiz_0_2). Large setup violations at the end of those stages might be difficult to fix during the post-placement implementation flow and could be the result of non-optimal XDC constraints or non-optimal design architecture
Related violations: <none>

TIMING-16#2 Warning
Large setup violation  
There is a large setup violation of -1.003 ns between MB_i/simple_axi_writer_0/inst/sha256_inst/round_count_reg[2]_replica_2/C (clocked by clk_out1_MB_clk_wiz_0_2) and MB_i/simple_axi_writer_0/inst/sha256_inst/W_reg[51][27]/D (clocked by clk_out1_MB_clk_wiz_0_2). Large setup violations at the end of those stages might be difficult to fix during the post-placement implementation flow and could be the result of non-optimal XDC constraints or non-optimal design architecture
Related violations: <none>

TIMING-16#3 Warning
Large setup violation  
There is a large setup violation of -1.004 ns between MB_i/simple_axi_writer_0/inst/sha256_inst/round_count_reg[2]_replica_2/C (clocked by clk_out1_MB_clk_wiz_0_2) and MB_i/simple_axi_writer_0/inst/sha256_inst/W_reg[29][24]/D (clocked by clk_out1_MB_clk_wiz_0_2). Large setup violations at the end of those stages might be difficult to fix during the post-placement implementation flow and could be the result of non-optimal XDC constraints or non-optimal design architecture
Related violations: <none>

TIMING-16#4 Warning
Large setup violation  
There is a large setup violation of -1.005 ns between MB_i/simple_axi_writer_0/inst/sha256_inst/round_count_reg[2]_replica_2/C (clocked by clk_out1_MB_clk_wiz_0_2) and MB_i/simple_axi_writer_0/inst/sha256_inst/W_reg[23][10]/D (clocked by clk_out1_MB_clk_wiz_0_2). Large setup violations at the end of those stages might be difficult to fix during the post-placement implementation flow and could be the result of non-optimal XDC constraints or non-optimal design architecture
Related violations: <none>

TIMING-16#5 Warning
Large setup violation  
There is a large setup violation of -1.005 ns between MB_i/simple_axi_writer_0/inst/sha256_inst/round_count_reg[2]_replica_2/C (clocked by clk_out1_MB_clk_wiz_0_2) and MB_i/simple_axi_writer_0/inst/sha256_inst/W_reg[62][29]/D (clocked by clk_out1_MB_clk_wiz_0_2). Large setup violations at the end of those stages might be difficult to fix during the post-placement implementation flow and could be the result of non-optimal XDC constraints or non-optimal design architecture
Related violations: <none>

TIMING-16#6 Warning
Large setup violation  
There is a large setup violation of -1.006 ns between MB_i/simple_axi_writer_0/inst/sha256_inst/round_count_reg[2]_replica_2/C (clocked by clk_out1_MB_clk_wiz_0_2) and MB_i/simple_axi_writer_0/inst/sha256_inst/W_reg[29][6]/D (clocked by clk_out1_MB_clk_wiz_0_2). Large setup violations at the end of those stages might be difficult to fix during the post-placement implementation flow and could be the result of non-optimal XDC constraints or non-optimal design architecture
Related violations: <none>

TIMING-16#7 Warning
Large setup violation  
There is a large setup violation of -1.007 ns between MB_i/simple_axi_writer_0/inst/sha256_inst/round_count_reg[2]_replica_2/C (clocked by clk_out1_MB_clk_wiz_0_2) and MB_i/simple_axi_writer_0/inst/sha256_inst/W_reg[17][24]/D (clocked by clk_out1_MB_clk_wiz_0_2). Large setup violations at the end of those stages might be difficult to fix during the post-placement implementation flow and could be the result of non-optimal XDC constraints or non-optimal design architecture
Related violations: <none>

TIMING-16#8 Warning
Large setup violation  
There is a large setup violation of -1.007 ns between MB_i/simple_axi_writer_0/inst/sha256_inst/round_count_reg[2]_replica_2/C (clocked by clk_out1_MB_clk_wiz_0_2) and MB_i/simple_axi_writer_0/inst/sha256_inst/W_reg[39][31]/D (clocked by clk_out1_MB_clk_wiz_0_2). Large setup violations at the end of those stages might be difficult to fix during the post-placement implementation flow and could be the result of non-optimal XDC constraints or non-optimal design architecture
Related violations: <none>

TIMING-16#9 Warning
Large setup violation  
There is a large setup violation of -1.008 ns between MB_i/simple_axi_writer_0/inst/sha256_inst/round_count_reg[2]_replica_2/C (clocked by clk_out1_MB_clk_wiz_0_2) and MB_i/simple_axi_writer_0/inst/sha256_inst/W_reg[19][9]/D (clocked by clk_out1_MB_clk_wiz_0_2). Large setup violations at the end of those stages might be difficult to fix during the post-placement implementation flow and could be the result of non-optimal XDC constraints or non-optimal design architecture
Related violations: <none>

TIMING-16#10 Warning
Large setup violation  
There is a large setup violation of -1.008 ns between MB_i/simple_axi_writer_0/inst/sha256_inst/round_count_reg[2]_replica_2/C (clocked by clk_out1_MB_clk_wiz_0_2) and MB_i/simple_axi_writer_0/inst/sha256_inst/W_reg[40][28]/D (clocked by clk_out1_MB_clk_wiz_0_2). Large setup violations at the end of those stages might be difficult to fix during the post-placement implementation flow and could be the result of non-optimal XDC constraints or non-optimal design architecture
Related violations: <none>

TIMING-16#11 Warning
Large setup violation  
There is a large setup violation of -1.010 ns between MB_i/simple_axi_writer_0/inst/sha256_inst/round_count_reg[2]_replica_2/C (clocked by clk_out1_MB_clk_wiz_0_2) and MB_i/simple_axi_writer_0/inst/sha256_inst/W_reg[24][13]/D (clocked by clk_out1_MB_clk_wiz_0_2). Large setup violations at the end of those stages might be difficult to fix during the post-placement implementation flow and could be the result of non-optimal XDC constraints or non-optimal design architecture
Related violations: <none>

TIMING-16#12 Warning
Large setup violation  
There is a large setup violation of -1.010 ns between MB_i/simple_axi_writer_0/inst/sha256_inst/round_count_reg[2]_replica_2/C (clocked by clk_out1_MB_clk_wiz_0_2) and MB_i/simple_axi_writer_0/inst/sha256_inst/W_reg[34][26]/D (clocked by clk_out1_MB_clk_wiz_0_2). Large setup violations at the end of those stages might be difficult to fix during the post-placement implementation flow and could be the result of non-optimal XDC constraints or non-optimal design architecture
Related violations: <none>

TIMING-16#13 Warning
Large setup violation  
There is a large setup violation of -1.011 ns between MB_i/simple_axi_writer_0/inst/sha256_inst/round_count_reg[2]_replica_2/C (clocked by clk_out1_MB_clk_wiz_0_2) and MB_i/simple_axi_writer_0/inst/sha256_inst/W_reg[17][6]/D (clocked by clk_out1_MB_clk_wiz_0_2). Large setup violations at the end of those stages might be difficult to fix during the post-placement implementation flow and could be the result of non-optimal XDC constraints or non-optimal design architecture
Related violations: <none>

TIMING-16#14 Warning
Large setup violation  
There is a large setup violation of -1.012 ns between MB_i/simple_axi_writer_0/inst/sha256_inst/round_count_reg[2]_replica_2/C (clocked by clk_out1_MB_clk_wiz_0_2) and MB_i/simple_axi_writer_0/inst/sha256_inst/W_reg[49][15]/D (clocked by clk_out1_MB_clk_wiz_0_2). Large setup violations at the end of those stages might be difficult to fix during the post-placement implementation flow and could be the result of non-optimal XDC constraints or non-optimal design architecture
Related violations: <none>

TIMING-16#15 Warning
Large setup violation  
There is a large setup violation of -1.013 ns between MB_i/simple_axi_writer_0/inst/sha256_inst/round_count_reg[2]_replica_2/C (clocked by clk_out1_MB_clk_wiz_0_2) and MB_i/simple_axi_writer_0/inst/sha256_inst/W_reg[37][21]/D (clocked by clk_out1_MB_clk_wiz_0_2). Large setup violations at the end of those stages might be difficult to fix during the post-placement implementation flow and could be the result of non-optimal XDC constraints or non-optimal design architecture
Related violations: <none>

TIMING-16#16 Warning
Large setup violation  
There is a large setup violation of -1.014 ns between MB_i/simple_axi_writer_0/inst/sha256_inst/round_count_reg[2]_replica_2/C (clocked by clk_out1_MB_clk_wiz_0_2) and MB_i/simple_axi_writer_0/inst/sha256_inst/W_reg[60][28]/D (clocked by clk_out1_MB_clk_wiz_0_2). Large setup violations at the end of those stages might be difficult to fix during the post-placement implementation flow and could be the result of non-optimal XDC constraints or non-optimal design architecture
Related violations: <none>

TIMING-16#17 Warning
Large setup violation  
There is a large setup violation of -1.015 ns between MB_i/simple_axi_writer_0/inst/sha256_inst/round_count_reg[2]_replica_2/C (clocked by clk_out1_MB_clk_wiz_0_2) and MB_i/simple_axi_writer_0/inst/sha256_inst/W_reg[41][10]/D (clocked by clk_out1_MB_clk_wiz_0_2). Large setup violations at the end of those stages might be difficult to fix during the post-placement implementation flow and could be the result of non-optimal XDC constraints or non-optimal design architecture
Related violations: <none>

TIMING-16#18 Warning
Large setup violation  
There is a large setup violation of -1.015 ns between MB_i/simple_axi_writer_0/inst/sha256_inst/round_count_reg[2]_replica_2/C (clocked by clk_out1_MB_clk_wiz_0_2) and MB_i/simple_axi_writer_0/inst/sha256_inst/W_reg[52][6]/D (clocked by clk_out1_MB_clk_wiz_0_2). Large setup violations at the end of those stages might be difficult to fix during the post-placement implementation flow and could be the result of non-optimal XDC constraints or non-optimal design architecture
Related violations: <none>

TIMING-16#19 Warning
Large setup violation  
There is a large setup violation of -1.017 ns between MB_i/simple_axi_writer_0/inst/sha256_inst/round_count_reg[2]_replica_2/C (clocked by clk_out1_MB_clk_wiz_0_2) and MB_i/simple_axi_writer_0/inst/sha256_inst/W_reg[36][23]/D (clocked by clk_out1_MB_clk_wiz_0_2). Large setup violations at the end of those stages might be difficult to fix during the post-placement implementation flow and could be the result of non-optimal XDC constraints or non-optimal design architecture
Related violations: <none>

TIMING-16#20 Warning
Large setup violation  
There is a large setup violation of -1.017 ns between MB_i/simple_axi_writer_0/inst/sha256_inst/round_count_reg[2]_replica_2/C (clocked by clk_out1_MB_clk_wiz_0_2) and MB_i/simple_axi_writer_0/inst/sha256_inst/W_reg[49][30]/D (clocked by clk_out1_MB_clk_wiz_0_2). Large setup violations at the end of those stages might be difficult to fix during the post-placement implementation flow and could be the result of non-optimal XDC constraints or non-optimal design architecture
Related violations: <none>

TIMING-16#21 Warning
Large setup violation  
There is a large setup violation of -1.018 ns between MB_i/simple_axi_writer_0/inst/sha256_inst/round_count_reg[2]_replica_2/C (clocked by clk_out1_MB_clk_wiz_0_2) and MB_i/simple_axi_writer_0/inst/sha256_inst/W_reg[16][10]/D (clocked by clk_out1_MB_clk_wiz_0_2). Large setup violations at the end of those stages might be difficult to fix during the post-placement implementation flow and could be the result of non-optimal XDC constraints or non-optimal design architecture
Related violations: <none>

TIMING-16#22 Warning
Large setup violation  
There is a large setup violation of -1.020 ns between MB_i/simple_axi_writer_0/inst/sha256_inst/round_count_reg[2]_replica_2/C (clocked by clk_out1_MB_clk_wiz_0_2) and MB_i/simple_axi_writer_0/inst/sha256_inst/W_reg[34][12]/D (clocked by clk_out1_MB_clk_wiz_0_2). Large setup violations at the end of those stages might be difficult to fix during the post-placement implementation flow and could be the result of non-optimal XDC constraints or non-optimal design architecture
Related violations: <none>

TIMING-16#23 Warning
Large setup violation  
There is a large setup violation of -1.020 ns between MB_i/simple_axi_writer_0/inst/sha256_inst/round_count_reg[2]_replica_2/C (clocked by clk_out1_MB_clk_wiz_0_2) and MB_i/simple_axi_writer_0/inst/sha256_inst/W_reg[52][18]/D (clocked by clk_out1_MB_clk_wiz_0_2). Large setup violations at the end of those stages might be difficult to fix during the post-placement implementation flow and could be the result of non-optimal XDC constraints or non-optimal design architecture
Related violations: <none>

TIMING-16#24 Warning
Large setup violation  
There is a large setup violation of -1.021 ns between MB_i/simple_axi_writer_0/inst/sha256_inst/round_count_reg[2]_replica_2/C (clocked by clk_out1_MB_clk_wiz_0_2) and MB_i/simple_axi_writer_0/inst/sha256_inst/W_reg[56][4]/D (clocked by clk_out1_MB_clk_wiz_0_2). Large setup violations at the end of those stages might be difficult to fix during the post-placement implementation flow and could be the result of non-optimal XDC constraints or non-optimal design architecture
Related violations: <none>

TIMING-16#25 Warning
Large setup violation  
There is a large setup violation of -1.023 ns between MB_i/rst_clk_wiz_0_50M/U0/ACTIVE_LOW_PR_OUT_DFF[0].FDRE_PER_N/C (clocked by clk_out1_MB_clk_wiz_0_2) and MB_i/simple_axi_writer_0/inst/sha256_inst/hash_reg[152]/CE (clocked by clk_out1_MB_clk_wiz_0_2). Large setup violations at the end of those stages might be difficult to fix during the post-placement implementation flow and could be the result of non-optimal XDC constraints or non-optimal design architecture
Related violations: <none>

TIMING-16#26 Warning
Large setup violation  
There is a large setup violation of -1.023 ns between MB_i/rst_clk_wiz_0_50M/U0/ACTIVE_LOW_PR_OUT_DFF[0].FDRE_PER_N/C (clocked by clk_out1_MB_clk_wiz_0_2) and MB_i/simple_axi_writer_0/inst/sha256_inst/hash_reg[153]/CE (clocked by clk_out1_MB_clk_wiz_0_2). Large setup violations at the end of those stages might be difficult to fix during the post-placement implementation flow and could be the result of non-optimal XDC constraints or non-optimal design architecture
Related violations: <none>

TIMING-16#27 Warning
Large setup violation  
There is a large setup violation of -1.023 ns between MB_i/rst_clk_wiz_0_50M/U0/ACTIVE_LOW_PR_OUT_DFF[0].FDRE_PER_N/C (clocked by clk_out1_MB_clk_wiz_0_2) and MB_i/simple_axi_writer_0/inst/sha256_inst/hash_reg[154]/CE (clocked by clk_out1_MB_clk_wiz_0_2). Large setup violations at the end of those stages might be difficult to fix during the post-placement implementation flow and could be the result of non-optimal XDC constraints or non-optimal design architecture
Related violations: <none>

TIMING-16#28 Warning
Large setup violation  
There is a large setup violation of -1.023 ns between MB_i/rst_clk_wiz_0_50M/U0/ACTIVE_LOW_PR_OUT_DFF[0].FDRE_PER_N/C (clocked by clk_out1_MB_clk_wiz_0_2) and MB_i/simple_axi_writer_0/inst/sha256_inst/hash_reg[155]/CE (clocked by clk_out1_MB_clk_wiz_0_2). Large setup violations at the end of those stages might be difficult to fix during the post-placement implementation flow and could be the result of non-optimal XDC constraints or non-optimal design architecture
Related violations: <none>

TIMING-16#29 Warning
Large setup violation  
There is a large setup violation of -1.023 ns between MB_i/simple_axi_writer_0/inst/sha256_inst/round_count_reg[2]_replica_2/C (clocked by clk_out1_MB_clk_wiz_0_2) and MB_i/simple_axi_writer_0/inst/sha256_inst/W_reg[18][30]/D (clocked by clk_out1_MB_clk_wiz_0_2). Large setup violations at the end of those stages might be difficult to fix during the post-placement implementation flow and could be the result of non-optimal XDC constraints or non-optimal design architecture
Related violations: <none>

TIMING-16#30 Warning
Large setup violation  
There is a large setup violation of -1.023 ns between MB_i/simple_axi_writer_0/inst/sha256_inst/round_count_reg[2]_replica_2/C (clocked by clk_out1_MB_clk_wiz_0_2) and MB_i/simple_axi_writer_0/inst/sha256_inst/W_reg[51][15]/D (clocked by clk_out1_MB_clk_wiz_0_2). Large setup violations at the end of those stages might be difficult to fix during the post-placement implementation flow and could be the result of non-optimal XDC constraints or non-optimal design architecture
Related violations: <none>

TIMING-16#31 Warning
Large setup violation  
There is a large setup violation of -1.024 ns between MB_i/simple_axi_writer_0/inst/sha256_inst/round_count_reg[2]_replica_2/C (clocked by clk_out1_MB_clk_wiz_0_2) and MB_i/simple_axi_writer_0/inst/sha256_inst/W_reg[52][27]/D (clocked by clk_out1_MB_clk_wiz_0_2). Large setup violations at the end of those stages might be difficult to fix during the post-placement implementation flow and could be the result of non-optimal XDC constraints or non-optimal design architecture
Related violations: <none>

TIMING-16#32 Warning
Large setup violation  
There is a large setup violation of -1.025 ns between MB_i/simple_axi_writer_0/inst/sha256_inst/round_count_reg[2]_replica_2/C (clocked by clk_out1_MB_clk_wiz_0_2) and MB_i/simple_axi_writer_0/inst/sha256_inst/W_reg[17][19]/D (clocked by clk_out1_MB_clk_wiz_0_2). Large setup violations at the end of those stages might be difficult to fix during the post-placement implementation flow and could be the result of non-optimal XDC constraints or non-optimal design architecture
Related violations: <none>

TIMING-16#33 Warning
Large setup violation  
There is a large setup violation of -1.026 ns between MB_i/simple_axi_writer_0/inst/sha256_inst/round_count_reg[2]_replica_2/C (clocked by clk_out1_MB_clk_wiz_0_2) and MB_i/simple_axi_writer_0/inst/sha256_inst/W_reg[24][10]/D (clocked by clk_out1_MB_clk_wiz_0_2). Large setup violations at the end of those stages might be difficult to fix during the post-placement implementation flow and could be the result of non-optimal XDC constraints or non-optimal design architecture
Related violations: <none>

TIMING-16#34 Warning
Large setup violation  
There is a large setup violation of -1.026 ns between MB_i/simple_axi_writer_0/inst/sha256_inst/round_count_reg[2]_replica_2/C (clocked by clk_out1_MB_clk_wiz_0_2) and MB_i/simple_axi_writer_0/inst/sha256_inst/W_reg[54][8]/D (clocked by clk_out1_MB_clk_wiz_0_2). Large setup violations at the end of those stages might be difficult to fix during the post-placement implementation flow and could be the result of non-optimal XDC constraints or non-optimal design architecture
Related violations: <none>

TIMING-16#35 Warning
Large setup violation  
There is a large setup violation of -1.028 ns between MB_i/simple_axi_writer_0/inst/sha256_inst/round_count_reg[2]_replica_2/C (clocked by clk_out1_MB_clk_wiz_0_2) and MB_i/simple_axi_writer_0/inst/sha256_inst/W_reg[26][17]/D (clocked by clk_out1_MB_clk_wiz_0_2). Large setup violations at the end of those stages might be difficult to fix during the post-placement implementation flow and could be the result of non-optimal XDC constraints or non-optimal design architecture
Related violations: <none>

TIMING-16#36 Warning
Large setup violation  
There is a large setup violation of -1.028 ns between MB_i/simple_axi_writer_0/inst/sha256_inst/round_count_reg[2]_replica_2/C (clocked by clk_out1_MB_clk_wiz_0_2) and MB_i/simple_axi_writer_0/inst/sha256_inst/W_reg[26][19]/D (clocked by clk_out1_MB_clk_wiz_0_2). Large setup violations at the end of those stages might be difficult to fix during the post-placement implementation flow and could be the result of non-optimal XDC constraints or non-optimal design architecture
Related violations: <none>

TIMING-16#37 Warning
Large setup violation  
There is a large setup violation of -1.028 ns between MB_i/simple_axi_writer_0/inst/sha256_inst/round_count_reg[2]_replica_2/C (clocked by clk_out1_MB_clk_wiz_0_2) and MB_i/simple_axi_writer_0/inst/sha256_inst/W_reg[62][20]/D (clocked by clk_out1_MB_clk_wiz_0_2). Large setup violations at the end of those stages might be difficult to fix during the post-placement implementation flow and could be the result of non-optimal XDC constraints or non-optimal design architecture
Related violations: <none>

TIMING-16#38 Warning
Large setup violation  
There is a large setup violation of -1.029 ns between MB_i/simple_axi_writer_0/inst/sha256_inst/round_count_reg[2]_replica_2/C (clocked by clk_out1_MB_clk_wiz_0_2) and MB_i/simple_axi_writer_0/inst/sha256_inst/W_reg[23][28]/D (clocked by clk_out1_MB_clk_wiz_0_2). Large setup violations at the end of those stages might be difficult to fix during the post-placement implementation flow and could be the result of non-optimal XDC constraints or non-optimal design architecture
Related violations: <none>

TIMING-16#39 Warning
Large setup violation  
There is a large setup violation of -1.029 ns between MB_i/simple_axi_writer_0/inst/sha256_inst/round_count_reg[2]_replica_2/C (clocked by clk_out1_MB_clk_wiz_0_2) and MB_i/simple_axi_writer_0/inst/sha256_inst/W_reg[32][8]/D (clocked by clk_out1_MB_clk_wiz_0_2). Large setup violations at the end of those stages might be difficult to fix during the post-placement implementation flow and could be the result of non-optimal XDC constraints or non-optimal design architecture
Related violations: <none>

TIMING-16#40 Warning
Large setup violation  
There is a large setup violation of -1.029 ns between MB_i/simple_axi_writer_0/inst/sha256_inst/round_count_reg[2]_replica_2/C (clocked by clk_out1_MB_clk_wiz_0_2) and MB_i/simple_axi_writer_0/inst/sha256_inst/W_reg[34][31]/D (clocked by clk_out1_MB_clk_wiz_0_2). Large setup violations at the end of those stages might be difficult to fix during the post-placement implementation flow and could be the result of non-optimal XDC constraints or non-optimal design architecture
Related violations: <none>

TIMING-16#41 Warning
Large setup violation  
There is a large setup violation of -1.029 ns between MB_i/simple_axi_writer_0/inst/sha256_inst/round_count_reg[2]_replica_2/C (clocked by clk_out1_MB_clk_wiz_0_2) and MB_i/simple_axi_writer_0/inst/sha256_inst/W_reg[39][27]/D (clocked by clk_out1_MB_clk_wiz_0_2). Large setup violations at the end of those stages might be difficult to fix during the post-placement implementation flow and could be the result of non-optimal XDC constraints or non-optimal design architecture
Related violations: <none>

TIMING-16#42 Warning
Large setup violation  
There is a large setup violation of -1.031 ns between MB_i/simple_axi_writer_0/inst/sha256_inst/round_count_reg[2]_replica_2/C (clocked by clk_out1_MB_clk_wiz_0_2) and MB_i/simple_axi_writer_0/inst/sha256_inst/W_reg[57][30]/D (clocked by clk_out1_MB_clk_wiz_0_2). Large setup violations at the end of those stages might be difficult to fix during the post-placement implementation flow and could be the result of non-optimal XDC constraints or non-optimal design architecture
Related violations: <none>

TIMING-16#43 Warning
Large setup violation  
There is a large setup violation of -1.033 ns between MB_i/simple_axi_writer_0/inst/sha256_inst/round_count_reg[2]_replica_2/C (clocked by clk_out1_MB_clk_wiz_0_2) and MB_i/simple_axi_writer_0/inst/sha256_inst/W_reg[20][9]/D (clocked by clk_out1_MB_clk_wiz_0_2). Large setup violations at the end of those stages might be difficult to fix during the post-placement implementation flow and could be the result of non-optimal XDC constraints or non-optimal design architecture
Related violations: <none>

TIMING-16#44 Warning
Large setup violation  
There is a large setup violation of -1.033 ns between MB_i/simple_axi_writer_0/inst/sha256_inst/round_count_reg[2]_replica_2/C (clocked by clk_out1_MB_clk_wiz_0_2) and MB_i/simple_axi_writer_0/inst/sha256_inst/W_reg[28][28]/D (clocked by clk_out1_MB_clk_wiz_0_2). Large setup violations at the end of those stages might be difficult to fix during the post-placement implementation flow and could be the result of non-optimal XDC constraints or non-optimal design architecture
Related violations: <none>

TIMING-16#45 Warning
Large setup violation  
There is a large setup violation of -1.033 ns between MB_i/simple_axi_writer_0/inst/sha256_inst/round_count_reg[2]_replica_2/C (clocked by clk_out1_MB_clk_wiz_0_2) and MB_i/simple_axi_writer_0/inst/sha256_inst/W_reg[30][25]/D (clocked by clk_out1_MB_clk_wiz_0_2). Large setup violations at the end of those stages might be difficult to fix during the post-placement implementation flow and could be the result of non-optimal XDC constraints or non-optimal design architecture
Related violations: <none>

TIMING-16#46 Warning
Large setup violation  
There is a large setup violation of -1.033 ns between MB_i/simple_axi_writer_0/inst/sha256_inst/round_count_reg[2]_replica_2/C (clocked by clk_out1_MB_clk_wiz_0_2) and MB_i/simple_axi_writer_0/inst/sha256_inst/W_reg[38][4]/D (clocked by clk_out1_MB_clk_wiz_0_2). Large setup violations at the end of those stages might be difficult to fix during the post-placement implementation flow and could be the result of non-optimal XDC constraints or non-optimal design architecture
Related violations: <none>

TIMING-16#47 Warning
Large setup violation  
There is a large setup violation of -1.033 ns between MB_i/simple_axi_writer_0/inst/sha256_inst/round_count_reg[2]_replica_2/C (clocked by clk_out1_MB_clk_wiz_0_2) and MB_i/simple_axi_writer_0/inst/sha256_inst/W_reg[46][16]/D (clocked by clk_out1_MB_clk_wiz_0_2). Large setup violations at the end of those stages might be difficult to fix during the post-placement implementation flow and could be the result of non-optimal XDC constraints or non-optimal design architecture
Related violations: <none>

TIMING-16#48 Warning
Large setup violation  
There is a large setup violation of -1.033 ns between MB_i/simple_axi_writer_0/inst/sha256_inst/round_count_reg[2]_replica_2/C (clocked by clk_out1_MB_clk_wiz_0_2) and MB_i/simple_axi_writer_0/inst/sha256_inst/W_reg[46][28]/D (clocked by clk_out1_MB_clk_wiz_0_2). Large setup violations at the end of those stages might be difficult to fix during the post-placement implementation flow and could be the result of non-optimal XDC constraints or non-optimal design architecture
Related violations: <none>

TIMING-16#49 Warning
Large setup violation  
There is a large setup violation of -1.033 ns between MB_i/simple_axi_writer_0/inst/sha256_inst/round_count_reg[2]_replica_2/C (clocked by clk_out1_MB_clk_wiz_0_2) and MB_i/simple_axi_writer_0/inst/sha256_inst/W_reg[59][8]/D (clocked by clk_out1_MB_clk_wiz_0_2). Large setup violations at the end of those stages might be difficult to fix during the post-placement implementation flow and could be the result of non-optimal XDC constraints or non-optimal design architecture
Related violations: <none>

TIMING-16#50 Warning
Large setup violation  
There is a large setup violation of -1.033 ns between MB_i/simple_axi_writer_0/inst/sha256_inst/round_count_reg[2]_replica_2/C (clocked by clk_out1_MB_clk_wiz_0_2) and MB_i/simple_axi_writer_0/inst/sha256_inst/W_reg[61][30]/D (clocked by clk_out1_MB_clk_wiz_0_2). Large setup violations at the end of those stages might be difficult to fix during the post-placement implementation flow and could be the result of non-optimal XDC constraints or non-optimal design architecture
Related violations: <none>

TIMING-16#51 Warning
Large setup violation  
There is a large setup violation of -1.034 ns between MB_i/simple_axi_writer_0/inst/sha256_inst/round_count_reg[2]_replica_2/C (clocked by clk_out1_MB_clk_wiz_0_2) and MB_i/simple_axi_writer_0/inst/sha256_inst/W_reg[26][31]/D (clocked by clk_out1_MB_clk_wiz_0_2). Large setup violations at the end of those stages might be difficult to fix during the post-placement implementation flow and could be the result of non-optimal XDC constraints or non-optimal design architecture
Related violations: <none>

TIMING-16#52 Warning
Large setup violation  
There is a large setup violation of -1.034 ns between MB_i/simple_axi_writer_0/inst/sha256_inst/round_count_reg[2]_replica_2/C (clocked by clk_out1_MB_clk_wiz_0_2) and MB_i/simple_axi_writer_0/inst/sha256_inst/W_reg[59][22]/D (clocked by clk_out1_MB_clk_wiz_0_2). Large setup violations at the end of those stages might be difficult to fix during the post-placement implementation flow and could be the result of non-optimal XDC constraints or non-optimal design architecture
Related violations: <none>

TIMING-16#53 Warning
Large setup violation  
There is a large setup violation of -1.035 ns between MB_i/simple_axi_writer_0/inst/sha256_inst/round_count_reg[2]_replica_2/C (clocked by clk_out1_MB_clk_wiz_0_2) and MB_i/simple_axi_writer_0/inst/sha256_inst/W_reg[33][10]/D (clocked by clk_out1_MB_clk_wiz_0_2). Large setup violations at the end of those stages might be difficult to fix during the post-placement implementation flow and could be the result of non-optimal XDC constraints or non-optimal design architecture
Related violations: <none>

TIMING-16#54 Warning
Large setup violation  
There is a large setup violation of -1.035 ns between MB_i/simple_axi_writer_0/inst/sha256_inst/round_count_reg[2]_replica_2/C (clocked by clk_out1_MB_clk_wiz_0_2) and MB_i/simple_axi_writer_0/inst/sha256_inst/W_reg[57][21]/D (clocked by clk_out1_MB_clk_wiz_0_2). Large setup violations at the end of those stages might be difficult to fix during the post-placement implementation flow and could be the result of non-optimal XDC constraints or non-optimal design architecture
Related violations: <none>

TIMING-16#55 Warning
Large setup violation  
There is a large setup violation of -1.036 ns between MB_i/simple_axi_writer_0/inst/sha256_inst/round_count_reg[2]_replica_2/C (clocked by clk_out1_MB_clk_wiz_0_2) and MB_i/simple_axi_writer_0/inst/sha256_inst/W_reg[39][22]/D (clocked by clk_out1_MB_clk_wiz_0_2). Large setup violations at the end of those stages might be difficult to fix during the post-placement implementation flow and could be the result of non-optimal XDC constraints or non-optimal design architecture
Related violations: <none>

TIMING-16#56 Warning
Large setup violation  
There is a large setup violation of -1.036 ns between MB_i/simple_axi_writer_0/inst/sha256_inst/round_count_reg[2]_replica_2/C (clocked by clk_out1_MB_clk_wiz_0_2) and MB_i/simple_axi_writer_0/inst/sha256_inst/W_reg[43][18]/D (clocked by clk_out1_MB_clk_wiz_0_2). Large setup violations at the end of those stages might be difficult to fix during the post-placement implementation flow and could be the result of non-optimal XDC constraints or non-optimal design architecture
Related violations: <none>

TIMING-16#57 Warning
Large setup violation  
There is a large setup violation of -1.036 ns between MB_i/simple_axi_writer_0/inst/sha256_inst/round_count_reg[2]_replica_2/C (clocked by clk_out1_MB_clk_wiz_0_2) and MB_i/simple_axi_writer_0/inst/sha256_inst/W_reg[53][27]/D (clocked by clk_out1_MB_clk_wiz_0_2). Large setup violations at the end of those stages might be difficult to fix during the post-placement implementation flow and could be the result of non-optimal XDC constraints or non-optimal design architecture
Related violations: <none>

TIMING-16#58 Warning
Large setup violation  
There is a large setup violation of -1.037 ns between MB_i/simple_axi_writer_0/inst/sha256_inst/round_count_reg[2]_replica_2/C (clocked by clk_out1_MB_clk_wiz_0_2) and MB_i/simple_axi_writer_0/inst/sha256_inst/W_reg[30][22]/D (clocked by clk_out1_MB_clk_wiz_0_2). Large setup violations at the end of those stages might be difficult to fix during the post-placement implementation flow and could be the result of non-optimal XDC constraints or non-optimal design architecture
Related violations: <none>

TIMING-16#59 Warning
Large setup violation  
There is a large setup violation of -1.038 ns between MB_i/simple_axi_writer_0/inst/sha256_inst/round_count_reg[2]_replica_2/C (clocked by clk_out1_MB_clk_wiz_0_2) and MB_i/simple_axi_writer_0/inst/sha256_inst/W_reg[30][16]/D (clocked by clk_out1_MB_clk_wiz_0_2). Large setup violations at the end of those stages might be difficult to fix during the post-placement implementation flow and could be the result of non-optimal XDC constraints or non-optimal design architecture
Related violations: <none>

TIMING-16#60 Warning
Large setup violation  
There is a large setup violation of -1.038 ns between MB_i/simple_axi_writer_0/inst/sha256_inst/round_count_reg[2]_replica_2/C (clocked by clk_out1_MB_clk_wiz_0_2) and MB_i/simple_axi_writer_0/inst/sha256_inst/W_reg[63][4]/D (clocked by clk_out1_MB_clk_wiz_0_2). Large setup violations at the end of those stages might be difficult to fix during the post-placement implementation flow and could be the result of non-optimal XDC constraints or non-optimal design architecture
Related violations: <none>

TIMING-16#61 Warning
Large setup violation  
There is a large setup violation of -1.039 ns between MB_i/simple_axi_writer_0/inst/sha256_inst/round_count_reg[2]_replica_2/C (clocked by clk_out1_MB_clk_wiz_0_2) and MB_i/simple_axi_writer_0/inst/sha256_inst/W_reg[39][23]/D (clocked by clk_out1_MB_clk_wiz_0_2). Large setup violations at the end of those stages might be difficult to fix during the post-placement implementation flow and could be the result of non-optimal XDC constraints or non-optimal design architecture
Related violations: <none>

TIMING-16#62 Warning
Large setup violation  
There is a large setup violation of -1.039 ns between MB_i/simple_axi_writer_0/inst/sha256_inst/round_count_reg[2]_replica_2/C (clocked by clk_out1_MB_clk_wiz_0_2) and MB_i/simple_axi_writer_0/inst/sha256_inst/W_reg[49][16]/D (clocked by clk_out1_MB_clk_wiz_0_2). Large setup violations at the end of those stages might be difficult to fix during the post-placement implementation flow and could be the result of non-optimal XDC constraints or non-optimal design architecture
Related violations: <none>

TIMING-16#63 Warning
Large setup violation  
There is a large setup violation of -1.039 ns between MB_i/simple_axi_writer_0/inst/sha256_inst/round_count_reg[2]_replica_2/C (clocked by clk_out1_MB_clk_wiz_0_2) and MB_i/simple_axi_writer_0/inst/sha256_inst/W_reg[50][26]/D (clocked by clk_out1_MB_clk_wiz_0_2). Large setup violations at the end of those stages might be difficult to fix during the post-placement implementation flow and could be the result of non-optimal XDC constraints or non-optimal design architecture
Related violations: <none>

TIMING-16#64 Warning
Large setup violation  
There is a large setup violation of -1.040 ns between MB_i/simple_axi_writer_0/inst/sha256_inst/round_count_reg[2]_replica_2/C (clocked by clk_out1_MB_clk_wiz_0_2) and MB_i/simple_axi_writer_0/inst/sha256_inst/W_reg[25][31]/D (clocked by clk_out1_MB_clk_wiz_0_2). Large setup violations at the end of those stages might be difficult to fix during the post-placement implementation flow and could be the result of non-optimal XDC constraints or non-optimal design architecture
Related violations: <none>

TIMING-16#65 Warning
Large setup violation  
There is a large setup violation of -1.040 ns between MB_i/simple_axi_writer_0/inst/sha256_inst/round_count_reg[2]_replica_2/C (clocked by clk_out1_MB_clk_wiz_0_2) and MB_i/simple_axi_writer_0/inst/sha256_inst/W_reg[60][16]/D (clocked by clk_out1_MB_clk_wiz_0_2). Large setup violations at the end of those stages might be difficult to fix during the post-placement implementation flow and could be the result of non-optimal XDC constraints or non-optimal design architecture
Related violations: <none>

TIMING-16#66 Warning
Large setup violation  
There is a large setup violation of -1.041 ns between MB_i/simple_axi_writer_0/inst/sha256_inst/round_count_reg[2]_replica_2/C (clocked by clk_out1_MB_clk_wiz_0_2) and MB_i/simple_axi_writer_0/inst/sha256_inst/W_reg[17][25]/D (clocked by clk_out1_MB_clk_wiz_0_2). Large setup violations at the end of those stages might be difficult to fix during the post-placement implementation flow and could be the result of non-optimal XDC constraints or non-optimal design architecture
Related violations: <none>

TIMING-16#67 Warning
Large setup violation  
There is a large setup violation of -1.041 ns between MB_i/simple_axi_writer_0/inst/sha256_inst/round_count_reg[2]_replica_2/C (clocked by clk_out1_MB_clk_wiz_0_2) and MB_i/simple_axi_writer_0/inst/sha256_inst/W_reg[60][8]/D (clocked by clk_out1_MB_clk_wiz_0_2). Large setup violations at the end of those stages might be difficult to fix during the post-placement implementation flow and could be the result of non-optimal XDC constraints or non-optimal design architecture
Related violations: <none>

TIMING-16#68 Warning
Large setup violation  
There is a large setup violation of -1.043 ns between MB_i/simple_axi_writer_0/inst/sha256_inst/round_count_reg[2]_replica_2/C (clocked by clk_out1_MB_clk_wiz_0_2) and MB_i/simple_axi_writer_0/inst/sha256_inst/W_reg[48][9]/D (clocked by clk_out1_MB_clk_wiz_0_2). Large setup violations at the end of those stages might be difficult to fix during the post-placement implementation flow and could be the result of non-optimal XDC constraints or non-optimal design architecture
Related violations: <none>

TIMING-16#69 Warning
Large setup violation  
There is a large setup violation of -1.043 ns between MB_i/simple_axi_writer_0/inst/sha256_inst/round_count_reg[2]_replica_2/C (clocked by clk_out1_MB_clk_wiz_0_2) and MB_i/simple_axi_writer_0/inst/sha256_inst/W_reg[49][20]/D (clocked by clk_out1_MB_clk_wiz_0_2). Large setup violations at the end of those stages might be difficult to fix during the post-placement implementation flow and could be the result of non-optimal XDC constraints or non-optimal design architecture
Related violations: <none>

TIMING-16#70 Warning
Large setup violation  
There is a large setup violation of -1.044 ns between MB_i/simple_axi_writer_0/inst/sha256_inst/round_count_reg[2]_replica_2/C (clocked by clk_out1_MB_clk_wiz_0_2) and MB_i/simple_axi_writer_0/inst/sha256_inst/W_reg[36][28]/D (clocked by clk_out1_MB_clk_wiz_0_2). Large setup violations at the end of those stages might be difficult to fix during the post-placement implementation flow and could be the result of non-optimal XDC constraints or non-optimal design architecture
Related violations: <none>

TIMING-16#71 Warning
Large setup violation  
There is a large setup violation of -1.046 ns between MB_i/simple_axi_writer_0/inst/sha256_inst/round_count_reg[2]_replica_1/C (clocked by clk_out1_MB_clk_wiz_0_2) and MB_i/simple_axi_writer_0/inst/sha256_inst/W_reg[32][3]/D (clocked by clk_out1_MB_clk_wiz_0_2). Large setup violations at the end of those stages might be difficult to fix during the post-placement implementation flow and could be the result of non-optimal XDC constraints or non-optimal design architecture
Related violations: <none>

TIMING-16#72 Warning
Large setup violation  
There is a large setup violation of -1.047 ns between MB_i/simple_axi_writer_0/inst/sha256_inst/round_count_reg[2]_replica_2/C (clocked by clk_out1_MB_clk_wiz_0_2) and MB_i/simple_axi_writer_0/inst/sha256_inst/W_reg[24][4]/D (clocked by clk_out1_MB_clk_wiz_0_2). Large setup violations at the end of those stages might be difficult to fix during the post-placement implementation flow and could be the result of non-optimal XDC constraints or non-optimal design architecture
Related violations: <none>

TIMING-16#73 Warning
Large setup violation  
There is a large setup violation of -1.047 ns between MB_i/simple_axi_writer_0/inst/sha256_inst/round_count_reg[2]_replica_2/C (clocked by clk_out1_MB_clk_wiz_0_2) and MB_i/simple_axi_writer_0/inst/sha256_inst/W_reg[48][13]/D (clocked by clk_out1_MB_clk_wiz_0_2). Large setup violations at the end of those stages might be difficult to fix during the post-placement implementation flow and could be the result of non-optimal XDC constraints or non-optimal design architecture
Related violations: <none>

TIMING-16#74 Warning
Large setup violation  
There is a large setup violation of -1.048 ns between MB_i/simple_axi_writer_0/inst/sha256_inst/round_count_reg[2]_replica_1/C (clocked by clk_out1_MB_clk_wiz_0_2) and MB_i/simple_axi_writer_0/inst/sha256_inst/W_reg[33][1]/D (clocked by clk_out1_MB_clk_wiz_0_2). Large setup violations at the end of those stages might be difficult to fix during the post-placement implementation flow and could be the result of non-optimal XDC constraints or non-optimal design architecture
Related violations: <none>

TIMING-16#75 Warning
Large setup violation  
There is a large setup violation of -1.048 ns between MB_i/simple_axi_writer_0/inst/sha256_inst/round_count_reg[2]_replica_2/C (clocked by clk_out1_MB_clk_wiz_0_2) and MB_i/simple_axi_writer_0/inst/sha256_inst/W_reg[21][26]/D (clocked by clk_out1_MB_clk_wiz_0_2). Large setup violations at the end of those stages might be difficult to fix during the post-placement implementation flow and could be the result of non-optimal XDC constraints or non-optimal design architecture
Related violations: <none>

TIMING-16#76 Warning
Large setup violation  
There is a large setup violation of -1.048 ns between MB_i/simple_axi_writer_0/inst/sha256_inst/round_count_reg[2]_replica_2/C (clocked by clk_out1_MB_clk_wiz_0_2) and MB_i/simple_axi_writer_0/inst/sha256_inst/W_reg[57][10]/D (clocked by clk_out1_MB_clk_wiz_0_2). Large setup violations at the end of those stages might be difficult to fix during the post-placement implementation flow and could be the result of non-optimal XDC constraints or non-optimal design architecture
Related violations: <none>

TIMING-16#77 Warning
Large setup violation  
There is a large setup violation of -1.049 ns between MB_i/simple_axi_writer_0/inst/sha256_inst/round_count_reg[2]_replica_2/C (clocked by clk_out1_MB_clk_wiz_0_2) and MB_i/simple_axi_writer_0/inst/sha256_inst/W_reg[28][17]/D (clocked by clk_out1_MB_clk_wiz_0_2). Large setup violations at the end of those stages might be difficult to fix during the post-placement implementation flow and could be the result of non-optimal XDC constraints or non-optimal design architecture
Related violations: <none>

TIMING-16#78 Warning
Large setup violation  
There is a large setup violation of -1.049 ns between MB_i/simple_axi_writer_0/inst/sha256_inst/round_count_reg[2]_replica_2/C (clocked by clk_out1_MB_clk_wiz_0_2) and MB_i/simple_axi_writer_0/inst/sha256_inst/W_reg[44][20]/D (clocked by clk_out1_MB_clk_wiz_0_2). Large setup violations at the end of those stages might be difficult to fix during the post-placement implementation flow and could be the result of non-optimal XDC constraints or non-optimal design architecture
Related violations: <none>

TIMING-16#79 Warning
Large setup violation  
There is a large setup violation of -1.050 ns between MB_i/simple_axi_writer_0/inst/sha256_inst/round_count_reg[2]_replica_2/C (clocked by clk_out1_MB_clk_wiz_0_2) and MB_i/simple_axi_writer_0/inst/sha256_inst/W_reg[45][22]/D (clocked by clk_out1_MB_clk_wiz_0_2). Large setup violations at the end of those stages might be difficult to fix during the post-placement implementation flow and could be the result of non-optimal XDC constraints or non-optimal design architecture
Related violations: <none>

TIMING-16#80 Warning
Large setup violation  
There is a large setup violation of -1.050 ns between MB_i/simple_axi_writer_0/inst/sha256_inst/round_count_reg[2]_replica_2/C (clocked by clk_out1_MB_clk_wiz_0_2) and MB_i/simple_axi_writer_0/inst/sha256_inst/W_reg[61][21]/D (clocked by clk_out1_MB_clk_wiz_0_2). Large setup violations at the end of those stages might be difficult to fix during the post-placement implementation flow and could be the result of non-optimal XDC constraints or non-optimal design architecture
Related violations: <none>

TIMING-16#81 Warning
Large setup violation  
There is a large setup violation of -1.051 ns between MB_i/simple_axi_writer_0/inst/sha256_inst/round_count_reg[2]_replica_2/C (clocked by clk_out1_MB_clk_wiz_0_2) and MB_i/simple_axi_writer_0/inst/sha256_inst/W_reg[18][16]/D (clocked by clk_out1_MB_clk_wiz_0_2). Large setup violations at the end of those stages might be difficult to fix during the post-placement implementation flow and could be the result of non-optimal XDC constraints or non-optimal design architecture
Related violations: <none>

TIMING-16#82 Warning
Large setup violation  
There is a large setup violation of -1.052 ns between MB_i/simple_axi_writer_0/inst/sha256_inst/round_count_reg[2]_replica_2/C (clocked by clk_out1_MB_clk_wiz_0_2) and MB_i/simple_axi_writer_0/inst/sha256_inst/W_reg[17][4]/D (clocked by clk_out1_MB_clk_wiz_0_2). Large setup violations at the end of those stages might be difficult to fix during the post-placement implementation flow and could be the result of non-optimal XDC constraints or non-optimal design architecture
Related violations: <none>

TIMING-16#83 Warning
Large setup violation  
There is a large setup violation of -1.053 ns between MB_i/rst_clk_wiz_0_50M/U0/ACTIVE_LOW_PR_OUT_DFF[0].FDRE_PER_N/C (clocked by clk_out1_MB_clk_wiz_0_2) and MB_i/simple_axi_writer_0/inst/sha256_inst/hash_reg[180]/CE (clocked by clk_out1_MB_clk_wiz_0_2). Large setup violations at the end of those stages might be difficult to fix during the post-placement implementation flow and could be the result of non-optimal XDC constraints or non-optimal design architecture
Related violations: <none>

TIMING-16#84 Warning
Large setup violation  
There is a large setup violation of -1.053 ns between MB_i/rst_clk_wiz_0_50M/U0/ACTIVE_LOW_PR_OUT_DFF[0].FDRE_PER_N/C (clocked by clk_out1_MB_clk_wiz_0_2) and MB_i/simple_axi_writer_0/inst/sha256_inst/hash_reg[181]/CE (clocked by clk_out1_MB_clk_wiz_0_2). Large setup violations at the end of those stages might be difficult to fix during the post-placement implementation flow and could be the result of non-optimal XDC constraints or non-optimal design architecture
Related violations: <none>

TIMING-16#85 Warning
Large setup violation  
There is a large setup violation of -1.053 ns between MB_i/rst_clk_wiz_0_50M/U0/ACTIVE_LOW_PR_OUT_DFF[0].FDRE_PER_N/C (clocked by clk_out1_MB_clk_wiz_0_2) and MB_i/simple_axi_writer_0/inst/sha256_inst/hash_reg[182]/CE (clocked by clk_out1_MB_clk_wiz_0_2). Large setup violations at the end of those stages might be difficult to fix during the post-placement implementation flow and could be the result of non-optimal XDC constraints or non-optimal design architecture
Related violations: <none>

TIMING-16#86 Warning
Large setup violation  
There is a large setup violation of -1.053 ns between MB_i/rst_clk_wiz_0_50M/U0/ACTIVE_LOW_PR_OUT_DFF[0].FDRE_PER_N/C (clocked by clk_out1_MB_clk_wiz_0_2) and MB_i/simple_axi_writer_0/inst/sha256_inst/hash_reg[183]/CE (clocked by clk_out1_MB_clk_wiz_0_2). Large setup violations at the end of those stages might be difficult to fix during the post-placement implementation flow and could be the result of non-optimal XDC constraints or non-optimal design architecture
Related violations: <none>

TIMING-16#87 Warning
Large setup violation  
There is a large setup violation of -1.053 ns between MB_i/simple_axi_writer_0/inst/sha256_inst/round_count_reg[2]_replica_2/C (clocked by clk_out1_MB_clk_wiz_0_2) and MB_i/simple_axi_writer_0/inst/sha256_inst/W_reg[33][11]/D (clocked by clk_out1_MB_clk_wiz_0_2). Large setup violations at the end of those stages might be difficult to fix during the post-placement implementation flow and could be the result of non-optimal XDC constraints or non-optimal design architecture
Related violations: <none>

TIMING-16#88 Warning
Large setup violation  
There is a large setup violation of -1.053 ns between MB_i/simple_axi_writer_0/inst/sha256_inst/round_count_reg[2]_replica_2/C (clocked by clk_out1_MB_clk_wiz_0_2) and MB_i/simple_axi_writer_0/inst/sha256_inst/W_reg[56][24]/D (clocked by clk_out1_MB_clk_wiz_0_2). Large setup violations at the end of those stages might be difficult to fix during the post-placement implementation flow and could be the result of non-optimal XDC constraints or non-optimal design architecture
Related violations: <none>

TIMING-16#89 Warning
Large setup violation  
There is a large setup violation of -1.053 ns between MB_i/simple_axi_writer_0/inst/sha256_inst/round_count_reg[2]_replica_2/C (clocked by clk_out1_MB_clk_wiz_0_2) and MB_i/simple_axi_writer_0/inst/sha256_inst/W_reg[63][11]/D (clocked by clk_out1_MB_clk_wiz_0_2). Large setup violations at the end of those stages might be difficult to fix during the post-placement implementation flow and could be the result of non-optimal XDC constraints or non-optimal design architecture
Related violations: <none>

TIMING-16#90 Warning
Large setup violation  
There is a large setup violation of -1.054 ns between MB_i/simple_axi_writer_0/inst/sha256_inst/round_count_reg[2]_replica_2/C (clocked by clk_out1_MB_clk_wiz_0_2) and MB_i/simple_axi_writer_0/inst/sha256_inst/W_reg[25][30]/D (clocked by clk_out1_MB_clk_wiz_0_2). Large setup violations at the end of those stages might be difficult to fix during the post-placement implementation flow and could be the result of non-optimal XDC constraints or non-optimal design architecture
Related violations: <none>

TIMING-16#91 Warning
Large setup violation  
There is a large setup violation of -1.054 ns between MB_i/simple_axi_writer_0/inst/sha256_inst/round_count_reg[2]_replica_2/C (clocked by clk_out1_MB_clk_wiz_0_2) and MB_i/simple_axi_writer_0/inst/sha256_inst/W_reg[51][29]/D (clocked by clk_out1_MB_clk_wiz_0_2). Large setup violations at the end of those stages might be difficult to fix during the post-placement implementation flow and could be the result of non-optimal XDC constraints or non-optimal design architecture
Related violations: <none>

TIMING-16#92 Warning
Large setup violation  
There is a large setup violation of -1.057 ns between MB_i/simple_axi_writer_0/inst/sha256_inst/round_count_reg[2]_replica_2/C (clocked by clk_out1_MB_clk_wiz_0_2) and MB_i/simple_axi_writer_0/inst/sha256_inst/W_reg[30][27]/D (clocked by clk_out1_MB_clk_wiz_0_2). Large setup violations at the end of those stages might be difficult to fix during the post-placement implementation flow and could be the result of non-optimal XDC constraints or non-optimal design architecture
Related violations: <none>

TIMING-16#93 Warning
Large setup violation  
There is a large setup violation of -1.060 ns between MB_i/simple_axi_writer_0/inst/sha256_inst/round_count_reg[2]_replica_2/C (clocked by clk_out1_MB_clk_wiz_0_2) and MB_i/simple_axi_writer_0/inst/sha256_inst/W_reg[19][4]/D (clocked by clk_out1_MB_clk_wiz_0_2). Large setup violations at the end of those stages might be difficult to fix during the post-placement implementation flow and could be the result of non-optimal XDC constraints or non-optimal design architecture
Related violations: <none>

TIMING-16#94 Warning
Large setup violation  
There is a large setup violation of -1.060 ns between MB_i/simple_axi_writer_0/inst/sha256_inst/round_count_reg[2]_replica_2/C (clocked by clk_out1_MB_clk_wiz_0_2) and MB_i/simple_axi_writer_0/inst/sha256_inst/W_reg[24][7]/D (clocked by clk_out1_MB_clk_wiz_0_2). Large setup violations at the end of those stages might be difficult to fix during the post-placement implementation flow and could be the result of non-optimal XDC constraints or non-optimal design architecture
Related violations: <none>

TIMING-16#95 Warning
Large setup violation  
There is a large setup violation of -1.061 ns between MB_i/simple_axi_writer_0/inst/sha256_inst/round_count_reg[2]_replica_2/C (clocked by clk_out1_MB_clk_wiz_0_2) and MB_i/simple_axi_writer_0/inst/sha256_inst/W_reg[16][24]/D (clocked by clk_out1_MB_clk_wiz_0_2). Large setup violations at the end of those stages might be difficult to fix during the post-placement implementation flow and could be the result of non-optimal XDC constraints or non-optimal design architecture
Related violations: <none>

TIMING-16#96 Warning
Large setup violation  
There is a large setup violation of -1.062 ns between MB_i/simple_axi_writer_0/inst/sha256_inst/round_count_reg[2]_replica_2/C (clocked by clk_out1_MB_clk_wiz_0_2) and MB_i/simple_axi_writer_0/inst/sha256_inst/W_reg[52][24]/D (clocked by clk_out1_MB_clk_wiz_0_2). Large setup violations at the end of those stages might be difficult to fix during the post-placement implementation flow and could be the result of non-optimal XDC constraints or non-optimal design architecture
Related violations: <none>

TIMING-16#97 Warning
Large setup violation  
There is a large setup violation of -1.063 ns between MB_i/simple_axi_writer_0/inst/sha256_inst/round_count_reg[2]_replica_2/C (clocked by clk_out1_MB_clk_wiz_0_2) and MB_i/simple_axi_writer_0/inst/sha256_inst/W_reg[42][24]/D (clocked by clk_out1_MB_clk_wiz_0_2). Large setup violations at the end of those stages might be difficult to fix during the post-placement implementation flow and could be the result of non-optimal XDC constraints or non-optimal design architecture
Related violations: <none>

TIMING-16#98 Warning
Large setup violation  
There is a large setup violation of -1.063 ns between MB_i/simple_axi_writer_0/inst/sha256_inst/round_count_reg[2]_replica_2/C (clocked by clk_out1_MB_clk_wiz_0_2) and MB_i/simple_axi_writer_0/inst/sha256_inst/W_reg[45][4]/D (clocked by clk_out1_MB_clk_wiz_0_2). Large setup violations at the end of those stages might be difficult to fix during the post-placement implementation flow and could be the result of non-optimal XDC constraints or non-optimal design architecture
Related violations: <none>

TIMING-16#99 Warning
Large setup violation  
There is a large setup violation of -1.063 ns between MB_i/simple_axi_writer_0/inst/sha256_inst/round_count_reg[2]_replica_2/C (clocked by clk_out1_MB_clk_wiz_0_2) and MB_i/simple_axi_writer_0/inst/sha256_inst/W_reg[63][28]/D (clocked by clk_out1_MB_clk_wiz_0_2). Large setup violations at the end of those stages might be difficult to fix during the post-placement implementation flow and could be the result of non-optimal XDC constraints or non-optimal design architecture
Related violations: <none>

TIMING-16#100 Warning
Large setup violation  
There is a large setup violation of -1.065 ns between MB_i/simple_axi_writer_0/inst/sha256_inst/round_count_reg[2]_replica_2/C (clocked by clk_out1_MB_clk_wiz_0_2) and MB_i/simple_axi_writer_0/inst/sha256_inst/W_reg[43][24]/D (clocked by clk_out1_MB_clk_wiz_0_2). Large setup violations at the end of those stages might be difficult to fix during the post-placement implementation flow and could be the result of non-optimal XDC constraints or non-optimal design architecture
Related violations: <none>

TIMING-16#101 Warning
Large setup violation  
There is a large setup violation of -1.066 ns between MB_i/rst_clk_wiz_0_50M/U0/ACTIVE_LOW_PR_OUT_DFF[0].FDRE_PER_N/C (clocked by clk_out1_MB_clk_wiz_0_2) and MB_i/simple_axi_writer_0/inst/sha256_inst/hash_reg[176]/CE (clocked by clk_out1_MB_clk_wiz_0_2). Large setup violations at the end of those stages might be difficult to fix during the post-placement implementation flow and could be the result of non-optimal XDC constraints or non-optimal design architecture
Related violations: <none>

TIMING-16#102 Warning
Large setup violation  
There is a large setup violation of -1.066 ns between MB_i/rst_clk_wiz_0_50M/U0/ACTIVE_LOW_PR_OUT_DFF[0].FDRE_PER_N/C (clocked by clk_out1_MB_clk_wiz_0_2) and MB_i/simple_axi_writer_0/inst/sha256_inst/hash_reg[177]/CE (clocked by clk_out1_MB_clk_wiz_0_2). Large setup violations at the end of those stages might be difficult to fix during the post-placement implementation flow and could be the result of non-optimal XDC constraints or non-optimal design architecture
Related violations: <none>

TIMING-16#103 Warning
Large setup violation  
There is a large setup violation of -1.066 ns between MB_i/rst_clk_wiz_0_50M/U0/ACTIVE_LOW_PR_OUT_DFF[0].FDRE_PER_N/C (clocked by clk_out1_MB_clk_wiz_0_2) and MB_i/simple_axi_writer_0/inst/sha256_inst/hash_reg[178]/CE (clocked by clk_out1_MB_clk_wiz_0_2). Large setup violations at the end of those stages might be difficult to fix during the post-placement implementation flow and could be the result of non-optimal XDC constraints or non-optimal design architecture
Related violations: <none>

TIMING-16#104 Warning
Large setup violation  
There is a large setup violation of -1.066 ns between MB_i/rst_clk_wiz_0_50M/U0/ACTIVE_LOW_PR_OUT_DFF[0].FDRE_PER_N/C (clocked by clk_out1_MB_clk_wiz_0_2) and MB_i/simple_axi_writer_0/inst/sha256_inst/hash_reg[179]/CE (clocked by clk_out1_MB_clk_wiz_0_2). Large setup violations at the end of those stages might be difficult to fix during the post-placement implementation flow and could be the result of non-optimal XDC constraints or non-optimal design architecture
Related violations: <none>

TIMING-16#105 Warning
Large setup violation  
There is a large setup violation of -1.066 ns between MB_i/simple_axi_writer_0/inst/sha256_inst/round_count_reg[2]_replica_2/C (clocked by clk_out1_MB_clk_wiz_0_2) and MB_i/simple_axi_writer_0/inst/sha256_inst/W_reg[53][11]/D (clocked by clk_out1_MB_clk_wiz_0_2). Large setup violations at the end of those stages might be difficult to fix during the post-placement implementation flow and could be the result of non-optimal XDC constraints or non-optimal design architecture
Related violations: <none>

TIMING-16#106 Warning
Large setup violation  
There is a large setup violation of -1.067 ns between MB_i/simple_axi_writer_0/inst/sha256_inst/round_count_reg[2]_replica_2/C (clocked by clk_out1_MB_clk_wiz_0_2) and MB_i/simple_axi_writer_0/inst/sha256_inst/W_reg[61][9]/D (clocked by clk_out1_MB_clk_wiz_0_2). Large setup violations at the end of those stages might be difficult to fix during the post-placement implementation flow and could be the result of non-optimal XDC constraints or non-optimal design architecture
Related violations: <none>

TIMING-16#107 Warning
Large setup violation  
There is a large setup violation of -1.068 ns between MB_i/simple_axi_writer_0/inst/sha256_inst/round_count_reg[2]_replica_2/C (clocked by clk_out1_MB_clk_wiz_0_2) and MB_i/simple_axi_writer_0/inst/sha256_inst/W_reg[37][24]/D (clocked by clk_out1_MB_clk_wiz_0_2). Large setup violations at the end of those stages might be difficult to fix during the post-placement implementation flow and could be the result of non-optimal XDC constraints or non-optimal design architecture
Related violations: <none>

TIMING-16#108 Warning
Large setup violation  
There is a large setup violation of -1.068 ns between MB_i/simple_axi_writer_0/inst/sha256_inst/round_count_reg[2]_replica_2/C (clocked by clk_out1_MB_clk_wiz_0_2) and MB_i/simple_axi_writer_0/inst/sha256_inst/W_reg[37][6]/D (clocked by clk_out1_MB_clk_wiz_0_2). Large setup violations at the end of those stages might be difficult to fix during the post-placement implementation flow and could be the result of non-optimal XDC constraints or non-optimal design architecture
Related violations: <none>

TIMING-16#109 Warning
Large setup violation  
There is a large setup violation of -1.068 ns between MB_i/simple_axi_writer_0/inst/sha256_inst/round_count_reg[2]_replica_2/C (clocked by clk_out1_MB_clk_wiz_0_2) and MB_i/simple_axi_writer_0/inst/sha256_inst/W_reg[41][31]/D (clocked by clk_out1_MB_clk_wiz_0_2). Large setup violations at the end of those stages might be difficult to fix during the post-placement implementation flow and could be the result of non-optimal XDC constraints or non-optimal design architecture
Related violations: <none>

TIMING-16#110 Warning
Large setup violation  
There is a large setup violation of -1.069 ns between MB_i/simple_axi_writer_0/inst/sha256_inst/round_count_reg[2]_replica_2/C (clocked by clk_out1_MB_clk_wiz_0_2) and MB_i/simple_axi_writer_0/inst/sha256_inst/W_reg[22][31]/D (clocked by clk_out1_MB_clk_wiz_0_2). Large setup violations at the end of those stages might be difficult to fix during the post-placement implementation flow and could be the result of non-optimal XDC constraints or non-optimal design architecture
Related violations: <none>

TIMING-16#111 Warning
Large setup violation  
There is a large setup violation of -1.071 ns between MB_i/simple_axi_writer_0/inst/sha256_inst/round_count_reg[2]_replica_2/C (clocked by clk_out1_MB_clk_wiz_0_2) and MB_i/simple_axi_writer_0/inst/sha256_inst/W_reg[37][22]/D (clocked by clk_out1_MB_clk_wiz_0_2). Large setup violations at the end of those stages might be difficult to fix during the post-placement implementation flow and could be the result of non-optimal XDC constraints or non-optimal design architecture
Related violations: <none>

TIMING-16#112 Warning
Large setup violation  
There is a large setup violation of -1.071 ns between MB_i/simple_axi_writer_0/inst/sha256_inst/round_count_reg[2]_replica_2/C (clocked by clk_out1_MB_clk_wiz_0_2) and MB_i/simple_axi_writer_0/inst/sha256_inst/W_reg[43][11]/D (clocked by clk_out1_MB_clk_wiz_0_2). Large setup violations at the end of those stages might be difficult to fix during the post-placement implementation flow and could be the result of non-optimal XDC constraints or non-optimal design architecture
Related violations: <none>

TIMING-16#113 Warning
Large setup violation  
There is a large setup violation of -1.072 ns between MB_i/simple_axi_writer_0/inst/sha256_inst/round_count_reg[2]_replica_2/C (clocked by clk_out1_MB_clk_wiz_0_2) and MB_i/simple_axi_writer_0/inst/sha256_inst/W_reg[38][28]/D (clocked by clk_out1_MB_clk_wiz_0_2). Large setup violations at the end of those stages might be difficult to fix during the post-placement implementation flow and could be the result of non-optimal XDC constraints or non-optimal design architecture
Related violations: <none>

TIMING-16#114 Warning
Large setup violation  
There is a large setup violation of -1.073 ns between MB_i/simple_axi_writer_0/inst/sha256_inst/round_count_reg[2]_replica_2/C (clocked by clk_out1_MB_clk_wiz_0_2) and MB_i/simple_axi_writer_0/inst/sha256_inst/W_reg[50][16]/D (clocked by clk_out1_MB_clk_wiz_0_2). Large setup violations at the end of those stages might be difficult to fix during the post-placement implementation flow and could be the result of non-optimal XDC constraints or non-optimal design architecture
Related violations: <none>

TIMING-16#115 Warning
Large setup violation  
There is a large setup violation of -1.076 ns between MB_i/simple_axi_writer_0/inst/sha256_inst/round_count_reg[2]_replica_2/C (clocked by clk_out1_MB_clk_wiz_0_2) and MB_i/simple_axi_writer_0/inst/sha256_inst/W_reg[61][20]/D (clocked by clk_out1_MB_clk_wiz_0_2). Large setup violations at the end of those stages might be difficult to fix during the post-placement implementation flow and could be the result of non-optimal XDC constraints or non-optimal design architecture
Related violations: <none>

TIMING-16#116 Warning
Large setup violation  
There is a large setup violation of -1.077 ns between MB_i/simple_axi_writer_0/inst/sha256_inst/round_count_reg[2]_replica_2/C (clocked by clk_out1_MB_clk_wiz_0_2) and MB_i/simple_axi_writer_0/inst/sha256_inst/W_reg[41][30]/D (clocked by clk_out1_MB_clk_wiz_0_2). Large setup violations at the end of those stages might be difficult to fix during the post-placement implementation flow and could be the result of non-optimal XDC constraints or non-optimal design architecture
Related violations: <none>

TIMING-16#117 Warning
Large setup violation  
There is a large setup violation of -1.078 ns between MB_i/simple_axi_writer_0/inst/sha256_inst/round_count_reg[2]_replica_2/C (clocked by clk_out1_MB_clk_wiz_0_2) and MB_i/simple_axi_writer_0/inst/sha256_inst/W_reg[63][19]/D (clocked by clk_out1_MB_clk_wiz_0_2). Large setup violations at the end of those stages might be difficult to fix during the post-placement implementation flow and could be the result of non-optimal XDC constraints or non-optimal design architecture
Related violations: <none>

TIMING-16#118 Warning
Large setup violation  
There is a large setup violation of -1.079 ns between MB_i/simple_axi_writer_0/inst/sha256_inst/round_count_reg[2]_replica_2/C (clocked by clk_out1_MB_clk_wiz_0_2) and MB_i/simple_axi_writer_0/inst/sha256_inst/W_reg[57][11]/D (clocked by clk_out1_MB_clk_wiz_0_2). Large setup violations at the end of those stages might be difficult to fix during the post-placement implementation flow and could be the result of non-optimal XDC constraints or non-optimal design architecture
Related violations: <none>

TIMING-16#119 Warning
Large setup violation  
There is a large setup violation of -1.080 ns between MB_i/simple_axi_writer_0/inst/sha256_inst/round_count_reg[2]_replica_2/C (clocked by clk_out1_MB_clk_wiz_0_2) and MB_i/simple_axi_writer_0/inst/sha256_inst/W_reg[57][27]/D (clocked by clk_out1_MB_clk_wiz_0_2). Large setup violations at the end of those stages might be difficult to fix during the post-placement implementation flow and could be the result of non-optimal XDC constraints or non-optimal design architecture
Related violations: <none>

TIMING-16#120 Warning
Large setup violation  
There is a large setup violation of -1.081 ns between MB_i/simple_axi_writer_0/inst/sha256_inst/round_count_reg[2]_replica_2/C (clocked by clk_out1_MB_clk_wiz_0_2) and MB_i/simple_axi_writer_0/inst/sha256_inst/W_reg[41][17]/D (clocked by clk_out1_MB_clk_wiz_0_2). Large setup violations at the end of those stages might be difficult to fix during the post-placement implementation flow and could be the result of non-optimal XDC constraints or non-optimal design architecture
Related violations: <none>

TIMING-16#121 Warning
Large setup violation  
There is a large setup violation of -1.081 ns between MB_i/simple_axi_writer_0/inst/sha256_inst/round_count_reg[2]_replica_2/C (clocked by clk_out1_MB_clk_wiz_0_2) and MB_i/simple_axi_writer_0/inst/sha256_inst/W_reg[51][30]/D (clocked by clk_out1_MB_clk_wiz_0_2). Large setup violations at the end of those stages might be difficult to fix during the post-placement implementation flow and could be the result of non-optimal XDC constraints or non-optimal design architecture
Related violations: <none>

TIMING-16#122 Warning
Large setup violation  
There is a large setup violation of -1.082 ns between MB_i/simple_axi_writer_0/inst/sha256_inst/round_count_reg[2]_replica_2/C (clocked by clk_out1_MB_clk_wiz_0_2) and MB_i/simple_axi_writer_0/inst/sha256_inst/W_reg[24][31]/D (clocked by clk_out1_MB_clk_wiz_0_2). Large setup violations at the end of those stages might be difficult to fix during the post-placement implementation flow and could be the result of non-optimal XDC constraints or non-optimal design architecture
Related violations: <none>

TIMING-16#123 Warning
Large setup violation  
There is a large setup violation of -1.082 ns between MB_i/simple_axi_writer_0/inst/sha256_inst/round_count_reg[2]_replica_2/C (clocked by clk_out1_MB_clk_wiz_0_2) and MB_i/simple_axi_writer_0/inst/sha256_inst/W_reg[35][21]/D (clocked by clk_out1_MB_clk_wiz_0_2). Large setup violations at the end of those stages might be difficult to fix during the post-placement implementation flow and could be the result of non-optimal XDC constraints or non-optimal design architecture
Related violations: <none>

TIMING-16#124 Warning
Large setup violation  
There is a large setup violation of -1.083 ns between MB_i/simple_axi_writer_0/inst/sha256_inst/round_count_reg[2]_replica_2/C (clocked by clk_out1_MB_clk_wiz_0_2) and MB_i/simple_axi_writer_0/inst/sha256_inst/W_reg[61][27]/D (clocked by clk_out1_MB_clk_wiz_0_2). Large setup violations at the end of those stages might be difficult to fix during the post-placement implementation flow and could be the result of non-optimal XDC constraints or non-optimal design architecture
Related violations: <none>

TIMING-16#125 Warning
Large setup violation  
There is a large setup violation of -1.085 ns between MB_i/simple_axi_writer_0/inst/sha256_inst/round_count_reg[2]_replica_1/C (clocked by clk_out1_MB_clk_wiz_0_2) and MB_i/simple_axi_writer_0/inst/sha256_inst/W_reg[55][1]/D (clocked by clk_out1_MB_clk_wiz_0_2). Large setup violations at the end of those stages might be difficult to fix during the post-placement implementation flow and could be the result of non-optimal XDC constraints or non-optimal design architecture
Related violations: <none>

TIMING-16#126 Warning
Large setup violation  
There is a large setup violation of -1.086 ns between MB_i/simple_axi_writer_0/inst/sha256_inst/round_count_reg[2]_replica_2/C (clocked by clk_out1_MB_clk_wiz_0_2) and MB_i/simple_axi_writer_0/inst/sha256_inst/W_reg[21][11]/D (clocked by clk_out1_MB_clk_wiz_0_2). Large setup violations at the end of those stages might be difficult to fix during the post-placement implementation flow and could be the result of non-optimal XDC constraints or non-optimal design architecture
Related violations: <none>

TIMING-16#127 Warning
Large setup violation  
There is a large setup violation of -1.087 ns between MB_i/simple_axi_writer_0/inst/sha256_inst/round_count_reg[2]_replica_2/C (clocked by clk_out1_MB_clk_wiz_0_2) and MB_i/simple_axi_writer_0/inst/sha256_inst/W_reg[32][21]/D (clocked by clk_out1_MB_clk_wiz_0_2). Large setup violations at the end of those stages might be difficult to fix during the post-placement implementation flow and could be the result of non-optimal XDC constraints or non-optimal design architecture
Related violations: <none>

TIMING-16#128 Warning
Large setup violation  
There is a large setup violation of -1.087 ns between MB_i/simple_axi_writer_0/inst/sha256_inst/round_count_reg[2]_replica_2/C (clocked by clk_out1_MB_clk_wiz_0_2) and MB_i/simple_axi_writer_0/inst/sha256_inst/W_reg[35][11]/D (clocked by clk_out1_MB_clk_wiz_0_2). Large setup violations at the end of those stages might be difficult to fix during the post-placement implementation flow and could be the result of non-optimal XDC constraints or non-optimal design architecture
Related violations: <none>

TIMING-16#129 Warning
Large setup violation  
There is a large setup violation of -1.087 ns between MB_i/simple_axi_writer_0/inst/sha256_inst/round_count_reg[2]_replica_2/C (clocked by clk_out1_MB_clk_wiz_0_2) and MB_i/simple_axi_writer_0/inst/sha256_inst/W_reg[56][12]/D (clocked by clk_out1_MB_clk_wiz_0_2). Large setup violations at the end of those stages might be difficult to fix during the post-placement implementation flow and could be the result of non-optimal XDC constraints or non-optimal design architecture
Related violations: <none>

TIMING-16#130 Warning
Large setup violation  
There is a large setup violation of -1.088 ns between MB_i/simple_axi_writer_0/inst/sha256_inst/round_count_reg[2]_replica_2/C (clocked by clk_out1_MB_clk_wiz_0_2) and MB_i/simple_axi_writer_0/inst/sha256_inst/W_reg[27][4]/D (clocked by clk_out1_MB_clk_wiz_0_2). Large setup violations at the end of those stages might be difficult to fix during the post-placement implementation flow and could be the result of non-optimal XDC constraints or non-optimal design architecture
Related violations: <none>

TIMING-16#131 Warning
Large setup violation  
There is a large setup violation of -1.089 ns between MB_i/simple_axi_writer_0/inst/sha256_inst/round_count_reg[2]_replica_2/C (clocked by clk_out1_MB_clk_wiz_0_2) and MB_i/simple_axi_writer_0/inst/sha256_inst/W_reg[27][20]/D (clocked by clk_out1_MB_clk_wiz_0_2). Large setup violations at the end of those stages might be difficult to fix during the post-placement implementation flow and could be the result of non-optimal XDC constraints or non-optimal design architecture
Related violations: <none>

TIMING-16#132 Warning
Large setup violation  
There is a large setup violation of -1.090 ns between MB_i/simple_axi_writer_0/inst/sha256_inst/round_count_reg[2]_replica_2/C (clocked by clk_out1_MB_clk_wiz_0_2) and MB_i/simple_axi_writer_0/inst/sha256_inst/W_reg[60][24]/D (clocked by clk_out1_MB_clk_wiz_0_2). Large setup violations at the end of those stages might be difficult to fix during the post-placement implementation flow and could be the result of non-optimal XDC constraints or non-optimal design architecture
Related violations: <none>

TIMING-16#133 Warning
Large setup violation  
There is a large setup violation of -1.092 ns between MB_i/simple_axi_writer_0/inst/sha256_inst/round_count_reg[2]_replica_1/C (clocked by clk_out1_MB_clk_wiz_0_2) and MB_i/simple_axi_writer_0/inst/sha256_inst/W_reg[32][1]/D (clocked by clk_out1_MB_clk_wiz_0_2). Large setup violations at the end of those stages might be difficult to fix during the post-placement implementation flow and could be the result of non-optimal XDC constraints or non-optimal design architecture
Related violations: <none>

TIMING-16#134 Warning
Large setup violation  
There is a large setup violation of -1.092 ns between MB_i/simple_axi_writer_0/inst/sha256_inst/round_count_reg[2]_replica_2/C (clocked by clk_out1_MB_clk_wiz_0_2) and MB_i/simple_axi_writer_0/inst/sha256_inst/W_reg[52][28]/D (clocked by clk_out1_MB_clk_wiz_0_2). Large setup violations at the end of those stages might be difficult to fix during the post-placement implementation flow and could be the result of non-optimal XDC constraints or non-optimal design architecture
Related violations: <none>

TIMING-16#135 Warning
Large setup violation  
There is a large setup violation of -1.093 ns between MB_i/simple_axi_writer_0/inst/sha256_inst/round_count_reg[2]_replica_2/C (clocked by clk_out1_MB_clk_wiz_0_2) and MB_i/simple_axi_writer_0/inst/sha256_inst/W_reg[16][13]/D (clocked by clk_out1_MB_clk_wiz_0_2). Large setup violations at the end of those stages might be difficult to fix during the post-placement implementation flow and could be the result of non-optimal XDC constraints or non-optimal design architecture
Related violations: <none>

TIMING-16#136 Warning
Large setup violation  
There is a large setup violation of -1.094 ns between MB_i/simple_axi_writer_0/inst/sha256_inst/round_count_reg[2]_replica_2/C (clocked by clk_out1_MB_clk_wiz_0_2) and MB_i/simple_axi_writer_0/inst/sha256_inst/W_reg[18][18]/D (clocked by clk_out1_MB_clk_wiz_0_2). Large setup violations at the end of those stages might be difficult to fix during the post-placement implementation flow and could be the result of non-optimal XDC constraints or non-optimal design architecture
Related violations: <none>

TIMING-16#137 Warning
Large setup violation  
There is a large setup violation of -1.096 ns between MB_i/simple_axi_writer_0/inst/sha256_inst/round_count_reg[2]_replica_2/C (clocked by clk_out1_MB_clk_wiz_0_2) and MB_i/simple_axi_writer_0/inst/sha256_inst/W_reg[57][19]/D (clocked by clk_out1_MB_clk_wiz_0_2). Large setup violations at the end of those stages might be difficult to fix during the post-placement implementation flow and could be the result of non-optimal XDC constraints or non-optimal design architecture
Related violations: <none>

TIMING-16#138 Warning
Large setup violation  
There is a large setup violation of -1.097 ns between MB_i/simple_axi_writer_0/inst/sha256_inst/round_count_reg[2]_replica_2/C (clocked by clk_out1_MB_clk_wiz_0_2) and MB_i/simple_axi_writer_0/inst/sha256_inst/W_reg[24][11]/D (clocked by clk_out1_MB_clk_wiz_0_2). Large setup violations at the end of those stages might be difficult to fix during the post-placement implementation flow and could be the result of non-optimal XDC constraints or non-optimal design architecture
Related violations: <none>

TIMING-16#139 Warning
Large setup violation  
There is a large setup violation of -1.097 ns between MB_i/simple_axi_writer_0/inst/sha256_inst/round_count_reg[2]_replica_2/C (clocked by clk_out1_MB_clk_wiz_0_2) and MB_i/simple_axi_writer_0/inst/sha256_inst/W_reg[63][21]/D (clocked by clk_out1_MB_clk_wiz_0_2). Large setup violations at the end of those stages might be difficult to fix during the post-placement implementation flow and could be the result of non-optimal XDC constraints or non-optimal design architecture
Related violations: <none>

TIMING-16#140 Warning
Large setup violation  
There is a large setup violation of -1.100 ns between MB_i/simple_axi_writer_0/inst/sha256_inst/round_count_reg[2]_replica_2/C (clocked by clk_out1_MB_clk_wiz_0_2) and MB_i/simple_axi_writer_0/inst/sha256_inst/W_reg[50][10]/D (clocked by clk_out1_MB_clk_wiz_0_2). Large setup violations at the end of those stages might be difficult to fix during the post-placement implementation flow and could be the result of non-optimal XDC constraints or non-optimal design architecture
Related violations: <none>

TIMING-16#141 Warning
Large setup violation  
There is a large setup violation of -1.100 ns between MB_i/simple_axi_writer_0/inst/sha256_inst/round_count_reg[2]_replica_2/C (clocked by clk_out1_MB_clk_wiz_0_2) and MB_i/simple_axi_writer_0/inst/sha256_inst/W_reg[59][30]/D (clocked by clk_out1_MB_clk_wiz_0_2). Large setup violations at the end of those stages might be difficult to fix during the post-placement implementation flow and could be the result of non-optimal XDC constraints or non-optimal design architecture
Related violations: <none>

TIMING-16#142 Warning
Large setup violation  
There is a large setup violation of -1.103 ns between MB_i/simple_axi_writer_0/inst/sha256_inst/round_count_reg[2]_replica_2/C (clocked by clk_out1_MB_clk_wiz_0_2) and MB_i/simple_axi_writer_0/inst/sha256_inst/W_reg[63][30]/D (clocked by clk_out1_MB_clk_wiz_0_2). Large setup violations at the end of those stages might be difficult to fix during the post-placement implementation flow and could be the result of non-optimal XDC constraints or non-optimal design architecture
Related violations: <none>

TIMING-16#143 Warning
Large setup violation  
There is a large setup violation of -1.104 ns between MB_i/simple_axi_writer_0/inst/sha256_inst/round_count_reg[2]_replica_1/C (clocked by clk_out1_MB_clk_wiz_0_2) and MB_i/simple_axi_writer_0/inst/sha256_inst/W_reg[56][1]/D (clocked by clk_out1_MB_clk_wiz_0_2). Large setup violations at the end of those stages might be difficult to fix during the post-placement implementation flow and could be the result of non-optimal XDC constraints or non-optimal design architecture
Related violations: <none>

TIMING-16#144 Warning
Large setup violation  
There is a large setup violation of -1.104 ns between MB_i/simple_axi_writer_0/inst/sha256_inst/round_count_reg[2]_replica_2/C (clocked by clk_out1_MB_clk_wiz_0_2) and MB_i/simple_axi_writer_0/inst/sha256_inst/W_reg[28][10]/D (clocked by clk_out1_MB_clk_wiz_0_2). Large setup violations at the end of those stages might be difficult to fix during the post-placement implementation flow and could be the result of non-optimal XDC constraints or non-optimal design architecture
Related violations: <none>

TIMING-16#145 Warning
Large setup violation  
There is a large setup violation of -1.104 ns between MB_i/simple_axi_writer_0/inst/sha256_inst/round_count_reg[2]_replica_2/C (clocked by clk_out1_MB_clk_wiz_0_2) and MB_i/simple_axi_writer_0/inst/sha256_inst/W_reg[60][10]/D (clocked by clk_out1_MB_clk_wiz_0_2). Large setup violations at the end of those stages might be difficult to fix during the post-placement implementation flow and could be the result of non-optimal XDC constraints or non-optimal design architecture
Related violations: <none>

TIMING-16#146 Warning
Large setup violation  
There is a large setup violation of -1.105 ns between MB_i/simple_axi_writer_0/inst/sha256_inst/round_count_reg[2]_replica_2/C (clocked by clk_out1_MB_clk_wiz_0_2) and MB_i/simple_axi_writer_0/inst/sha256_inst/W_reg[28][12]/D (clocked by clk_out1_MB_clk_wiz_0_2). Large setup violations at the end of those stages might be difficult to fix during the post-placement implementation flow and could be the result of non-optimal XDC constraints or non-optimal design architecture
Related violations: <none>

TIMING-16#147 Warning
Large setup violation  
There is a large setup violation of -1.105 ns between MB_i/simple_axi_writer_0/inst/sha256_inst/round_count_reg[2]_replica_2/C (clocked by clk_out1_MB_clk_wiz_0_2) and MB_i/simple_axi_writer_0/inst/sha256_inst/W_reg[37][13]/D (clocked by clk_out1_MB_clk_wiz_0_2). Large setup violations at the end of those stages might be difficult to fix during the post-placement implementation flow and could be the result of non-optimal XDC constraints or non-optimal design architecture
Related violations: <none>

TIMING-16#148 Warning
Large setup violation  
There is a large setup violation of -1.105 ns between MB_i/simple_axi_writer_0/inst/sha256_inst/round_count_reg[2]_replica_2/C (clocked by clk_out1_MB_clk_wiz_0_2) and MB_i/simple_axi_writer_0/inst/sha256_inst/W_reg[38][24]/D (clocked by clk_out1_MB_clk_wiz_0_2). Large setup violations at the end of those stages might be difficult to fix during the post-placement implementation flow and could be the result of non-optimal XDC constraints or non-optimal design architecture
Related violations: <none>

TIMING-16#149 Warning
Large setup violation  
There is a large setup violation of -1.106 ns between MB_i/simple_axi_writer_0/inst/sha256_inst/round_count_reg[2]_replica_2/C (clocked by clk_out1_MB_clk_wiz_0_2) and MB_i/simple_axi_writer_0/inst/sha256_inst/W_reg[23][11]/D (clocked by clk_out1_MB_clk_wiz_0_2). Large setup violations at the end of those stages might be difficult to fix during the post-placement implementation flow and could be the result of non-optimal XDC constraints or non-optimal design architecture
Related violations: <none>

TIMING-16#150 Warning
Large setup violation  
There is a large setup violation of -1.107 ns between MB_i/rst_clk_wiz_0_50M/U0/ACTIVE_LOW_PR_OUT_DFF[0].FDRE_PER_N/C (clocked by clk_out1_MB_clk_wiz_0_2) and MB_i/simple_axi_writer_0/inst/sha256_inst/hash_reg[144]/CE (clocked by clk_out1_MB_clk_wiz_0_2). Large setup violations at the end of those stages might be difficult to fix during the post-placement implementation flow and could be the result of non-optimal XDC constraints or non-optimal design architecture
Related violations: <none>

TIMING-16#151 Warning
Large setup violation  
There is a large setup violation of -1.107 ns between MB_i/rst_clk_wiz_0_50M/U0/ACTIVE_LOW_PR_OUT_DFF[0].FDRE_PER_N/C (clocked by clk_out1_MB_clk_wiz_0_2) and MB_i/simple_axi_writer_0/inst/sha256_inst/hash_reg[145]/CE (clocked by clk_out1_MB_clk_wiz_0_2). Large setup violations at the end of those stages might be difficult to fix during the post-placement implementation flow and could be the result of non-optimal XDC constraints or non-optimal design architecture
Related violations: <none>

TIMING-16#152 Warning
Large setup violation  
There is a large setup violation of -1.107 ns between MB_i/rst_clk_wiz_0_50M/U0/ACTIVE_LOW_PR_OUT_DFF[0].FDRE_PER_N/C (clocked by clk_out1_MB_clk_wiz_0_2) and MB_i/simple_axi_writer_0/inst/sha256_inst/hash_reg[146]/CE (clocked by clk_out1_MB_clk_wiz_0_2). Large setup violations at the end of those stages might be difficult to fix during the post-placement implementation flow and could be the result of non-optimal XDC constraints or non-optimal design architecture
Related violations: <none>

TIMING-16#153 Warning
Large setup violation  
There is a large setup violation of -1.107 ns between MB_i/rst_clk_wiz_0_50M/U0/ACTIVE_LOW_PR_OUT_DFF[0].FDRE_PER_N/C (clocked by clk_out1_MB_clk_wiz_0_2) and MB_i/simple_axi_writer_0/inst/sha256_inst/hash_reg[147]/CE (clocked by clk_out1_MB_clk_wiz_0_2). Large setup violations at the end of those stages might be difficult to fix during the post-placement implementation flow and could be the result of non-optimal XDC constraints or non-optimal design architecture
Related violations: <none>

TIMING-16#154 Warning
Large setup violation  
There is a large setup violation of -1.107 ns between MB_i/simple_axi_writer_0/inst/sha256_inst/round_count_reg[2]_replica_2/C (clocked by clk_out1_MB_clk_wiz_0_2) and MB_i/simple_axi_writer_0/inst/sha256_inst/W_reg[34][22]/D (clocked by clk_out1_MB_clk_wiz_0_2). Large setup violations at the end of those stages might be difficult to fix during the post-placement implementation flow and could be the result of non-optimal XDC constraints or non-optimal design architecture
Related violations: <none>

TIMING-16#155 Warning
Large setup violation  
There is a large setup violation of -1.107 ns between MB_i/simple_axi_writer_0/inst/sha256_inst/round_count_reg[2]_replica_2/C (clocked by clk_out1_MB_clk_wiz_0_2) and MB_i/simple_axi_writer_0/inst/sha256_inst/W_reg[44][19]/D (clocked by clk_out1_MB_clk_wiz_0_2). Large setup violations at the end of those stages might be difficult to fix during the post-placement implementation flow and could be the result of non-optimal XDC constraints or non-optimal design architecture
Related violations: <none>

TIMING-16#156 Warning
Large setup violation  
There is a large setup violation of -1.112 ns between MB_i/simple_axi_writer_0/inst/sha256_inst/round_count_reg[2]_replica_2/C (clocked by clk_out1_MB_clk_wiz_0_2) and MB_i/simple_axi_writer_0/inst/sha256_inst/W_reg[31][25]/D (clocked by clk_out1_MB_clk_wiz_0_2). Large setup violations at the end of those stages might be difficult to fix during the post-placement implementation flow and could be the result of non-optimal XDC constraints or non-optimal design architecture
Related violations: <none>

TIMING-16#157 Warning
Large setup violation  
There is a large setup violation of -1.112 ns between MB_i/simple_axi_writer_0/inst/sha256_inst/round_count_reg[2]_replica_2/C (clocked by clk_out1_MB_clk_wiz_0_2) and MB_i/simple_axi_writer_0/inst/sha256_inst/W_reg[38][13]/D (clocked by clk_out1_MB_clk_wiz_0_2). Large setup violations at the end of those stages might be difficult to fix during the post-placement implementation flow and could be the result of non-optimal XDC constraints or non-optimal design architecture
Related violations: <none>

TIMING-16#158 Warning
Large setup violation  
There is a large setup violation of -1.113 ns between MB_i/simple_axi_writer_0/inst/sha256_inst/round_count_reg[2]_replica_2/C (clocked by clk_out1_MB_clk_wiz_0_2) and MB_i/simple_axi_writer_0/inst/sha256_inst/W_reg[44][31]/D (clocked by clk_out1_MB_clk_wiz_0_2). Large setup violations at the end of those stages might be difficult to fix during the post-placement implementation flow and could be the result of non-optimal XDC constraints or non-optimal design architecture
Related violations: <none>

TIMING-16#159 Warning
Large setup violation  
There is a large setup violation of -1.114 ns between MB_i/simple_axi_writer_0/inst/sha256_inst/round_count_reg[2]_replica_2/C (clocked by clk_out1_MB_clk_wiz_0_2) and MB_i/simple_axi_writer_0/inst/sha256_inst/W_reg[48][29]/D (clocked by clk_out1_MB_clk_wiz_0_2). Large setup violations at the end of those stages might be difficult to fix during the post-placement implementation flow and could be the result of non-optimal XDC constraints or non-optimal design architecture
Related violations: <none>

TIMING-16#160 Warning
Large setup violation  
There is a large setup violation of -1.115 ns between MB_i/simple_axi_writer_0/inst/sha256_inst/round_count_reg[2]_replica_2/C (clocked by clk_out1_MB_clk_wiz_0_2) and MB_i/simple_axi_writer_0/inst/sha256_inst/W_reg[16][23]/D (clocked by clk_out1_MB_clk_wiz_0_2). Large setup violations at the end of those stages might be difficult to fix during the post-placement implementation flow and could be the result of non-optimal XDC constraints or non-optimal design architecture
Related violations: <none>

TIMING-16#161 Warning
Large setup violation  
There is a large setup violation of -1.115 ns between MB_i/simple_axi_writer_0/inst/sha256_inst/round_count_reg[2]_replica_2/C (clocked by clk_out1_MB_clk_wiz_0_2) and MB_i/simple_axi_writer_0/inst/sha256_inst/W_reg[55][19]/D (clocked by clk_out1_MB_clk_wiz_0_2). Large setup violations at the end of those stages might be difficult to fix during the post-placement implementation flow and could be the result of non-optimal XDC constraints or non-optimal design architecture
Related violations: <none>

TIMING-16#162 Warning
Large setup violation  
There is a large setup violation of -1.118 ns between MB_i/rst_clk_wiz_0_50M/U0/ACTIVE_LOW_PR_OUT_DFF[0].FDRE_PER_N/C (clocked by clk_out1_MB_clk_wiz_0_2) and MB_i/simple_axi_writer_0/inst/sha256_inst/hash_reg[32]/CE (clocked by clk_out1_MB_clk_wiz_0_2). Large setup violations at the end of those stages might be difficult to fix during the post-placement implementation flow and could be the result of non-optimal XDC constraints or non-optimal design architecture
Related violations: <none>

TIMING-16#163 Warning
Large setup violation  
There is a large setup violation of -1.118 ns between MB_i/rst_clk_wiz_0_50M/U0/ACTIVE_LOW_PR_OUT_DFF[0].FDRE_PER_N/C (clocked by clk_out1_MB_clk_wiz_0_2) and MB_i/simple_axi_writer_0/inst/sha256_inst/hash_reg[33]/CE (clocked by clk_out1_MB_clk_wiz_0_2). Large setup violations at the end of those stages might be difficult to fix during the post-placement implementation flow and could be the result of non-optimal XDC constraints or non-optimal design architecture
Related violations: <none>

TIMING-16#164 Warning
Large setup violation  
There is a large setup violation of -1.118 ns between MB_i/rst_clk_wiz_0_50M/U0/ACTIVE_LOW_PR_OUT_DFF[0].FDRE_PER_N/C (clocked by clk_out1_MB_clk_wiz_0_2) and MB_i/simple_axi_writer_0/inst/sha256_inst/hash_reg[34]/CE (clocked by clk_out1_MB_clk_wiz_0_2). Large setup violations at the end of those stages might be difficult to fix during the post-placement implementation flow and could be the result of non-optimal XDC constraints or non-optimal design architecture
Related violations: <none>

TIMING-16#165 Warning
Large setup violation  
There is a large setup violation of -1.118 ns between MB_i/rst_clk_wiz_0_50M/U0/ACTIVE_LOW_PR_OUT_DFF[0].FDRE_PER_N/C (clocked by clk_out1_MB_clk_wiz_0_2) and MB_i/simple_axi_writer_0/inst/sha256_inst/hash_reg[35]/CE (clocked by clk_out1_MB_clk_wiz_0_2). Large setup violations at the end of those stages might be difficult to fix during the post-placement implementation flow and could be the result of non-optimal XDC constraints or non-optimal design architecture
Related violations: <none>

TIMING-16#166 Warning
Large setup violation  
There is a large setup violation of -1.120 ns between MB_i/simple_axi_writer_0/inst/sha256_inst/round_count_reg[2]_replica_2/C (clocked by clk_out1_MB_clk_wiz_0_2) and MB_i/simple_axi_writer_0/inst/sha256_inst/W_reg[39][17]/D (clocked by clk_out1_MB_clk_wiz_0_2). Large setup violations at the end of those stages might be difficult to fix during the post-placement implementation flow and could be the result of non-optimal XDC constraints or non-optimal design architecture
Related violations: <none>

TIMING-16#167 Warning
Large setup violation  
There is a large setup violation of -1.120 ns between MB_i/simple_axi_writer_0/inst/sha256_inst/round_count_reg[2]_replica_2/C (clocked by clk_out1_MB_clk_wiz_0_2) and MB_i/simple_axi_writer_0/inst/sha256_inst/W_reg[55][31]/D (clocked by clk_out1_MB_clk_wiz_0_2). Large setup violations at the end of those stages might be difficult to fix during the post-placement implementation flow and could be the result of non-optimal XDC constraints or non-optimal design architecture
Related violations: <none>

TIMING-16#168 Warning
Large setup violation  
There is a large setup violation of -1.122 ns between MB_i/simple_axi_writer_0/inst/sha256_inst/round_count_reg[2]_replica_2/C (clocked by clk_out1_MB_clk_wiz_0_2) and MB_i/simple_axi_writer_0/inst/sha256_inst/W_reg[36][25]/D (clocked by clk_out1_MB_clk_wiz_0_2). Large setup violations at the end of those stages might be difficult to fix during the post-placement implementation flow and could be the result of non-optimal XDC constraints or non-optimal design architecture
Related violations: <none>

TIMING-16#169 Warning
Large setup violation  
There is a large setup violation of -1.122 ns between MB_i/simple_axi_writer_0/inst/sha256_inst/round_count_reg[2]_replica_2/C (clocked by clk_out1_MB_clk_wiz_0_2) and MB_i/simple_axi_writer_0/inst/sha256_inst/W_reg[55][23]/D (clocked by clk_out1_MB_clk_wiz_0_2). Large setup violations at the end of those stages might be difficult to fix during the post-placement implementation flow and could be the result of non-optimal XDC constraints or non-optimal design architecture
Related violations: <none>

TIMING-16#170 Warning
Large setup violation  
There is a large setup violation of -1.126 ns between MB_i/simple_axi_writer_0/inst/sha256_inst/round_count_reg[2]_replica_2/C (clocked by clk_out1_MB_clk_wiz_0_2) and MB_i/simple_axi_writer_0/inst/sha256_inst/W_reg[53][10]/D (clocked by clk_out1_MB_clk_wiz_0_2). Large setup violations at the end of those stages might be difficult to fix during the post-placement implementation flow and could be the result of non-optimal XDC constraints or non-optimal design architecture
Related violations: <none>

TIMING-16#171 Warning
Large setup violation  
There is a large setup violation of -1.126 ns between MB_i/simple_axi_writer_0/inst/sha256_inst/round_count_reg[2]_replica_2/C (clocked by clk_out1_MB_clk_wiz_0_2) and MB_i/simple_axi_writer_0/inst/sha256_inst/W_reg[58][31]/D (clocked by clk_out1_MB_clk_wiz_0_2). Large setup violations at the end of those stages might be difficult to fix during the post-placement implementation flow and could be the result of non-optimal XDC constraints or non-optimal design architecture
Related violations: <none>

TIMING-16#172 Warning
Large setup violation  
There is a large setup violation of -1.129 ns between MB_i/simple_axi_writer_0/inst/sha256_inst/round_count_reg[2]_replica_2/C (clocked by clk_out1_MB_clk_wiz_0_2) and MB_i/simple_axi_writer_0/inst/sha256_inst/W_reg[27][11]/D (clocked by clk_out1_MB_clk_wiz_0_2). Large setup violations at the end of those stages might be difficult to fix during the post-placement implementation flow and could be the result of non-optimal XDC constraints or non-optimal design architecture
Related violations: <none>

TIMING-16#173 Warning
Large setup violation  
There is a large setup violation of -1.135 ns between MB_i/simple_axi_writer_0/inst/sha256_inst/round_count_reg[2]_replica_2/C (clocked by clk_out1_MB_clk_wiz_0_2) and MB_i/simple_axi_writer_0/inst/sha256_inst/W_reg[19][24]/D (clocked by clk_out1_MB_clk_wiz_0_2). Large setup violations at the end of those stages might be difficult to fix during the post-placement implementation flow and could be the result of non-optimal XDC constraints or non-optimal design architecture
Related violations: <none>

TIMING-16#174 Warning
Large setup violation  
There is a large setup violation of -1.135 ns between MB_i/simple_axi_writer_0/inst/sha256_inst/round_count_reg[2]_replica_2/C (clocked by clk_out1_MB_clk_wiz_0_2) and MB_i/simple_axi_writer_0/inst/sha256_inst/W_reg[22][21]/D (clocked by clk_out1_MB_clk_wiz_0_2). Large setup violations at the end of those stages might be difficult to fix during the post-placement implementation flow and could be the result of non-optimal XDC constraints or non-optimal design architecture
Related violations: <none>

TIMING-16#175 Warning
Large setup violation  
There is a large setup violation of -1.136 ns between MB_i/simple_axi_writer_0/inst/sha256_inst/round_count_reg[2]_replica_2/C (clocked by clk_out1_MB_clk_wiz_0_2) and MB_i/simple_axi_writer_0/inst/sha256_inst/W_reg[32][25]/D (clocked by clk_out1_MB_clk_wiz_0_2). Large setup violations at the end of those stages might be difficult to fix during the post-placement implementation flow and could be the result of non-optimal XDC constraints or non-optimal design architecture
Related violations: <none>

TIMING-16#176 Warning
Large setup violation  
There is a large setup violation of -1.138 ns between MB_i/simple_axi_writer_0/inst/sha256_inst/round_count_reg[2]_replica_2/C (clocked by clk_out1_MB_clk_wiz_0_2) and MB_i/simple_axi_writer_0/inst/sha256_inst/W_reg[26][21]/D (clocked by clk_out1_MB_clk_wiz_0_2). Large setup violations at the end of those stages might be difficult to fix during the post-placement implementation flow and could be the result of non-optimal XDC constraints or non-optimal design architecture
Related violations: <none>

TIMING-16#177 Warning
Large setup violation  
There is a large setup violation of -1.138 ns between MB_i/simple_axi_writer_0/inst/sha256_inst/round_count_reg[2]_replica_2/C (clocked by clk_out1_MB_clk_wiz_0_2) and MB_i/simple_axi_writer_0/inst/sha256_inst/W_reg[47][24]/D (clocked by clk_out1_MB_clk_wiz_0_2). Large setup violations at the end of those stages might be difficult to fix during the post-placement implementation flow and could be the result of non-optimal XDC constraints or non-optimal design architecture
Related violations: <none>

TIMING-16#178 Warning
Large setup violation  
There is a large setup violation of -1.139 ns between MB_i/simple_axi_writer_0/inst/sha256_inst/round_count_reg[2]_replica_2/C (clocked by clk_out1_MB_clk_wiz_0_2) and MB_i/simple_axi_writer_0/inst/sha256_inst/W_reg[48][27]/D (clocked by clk_out1_MB_clk_wiz_0_2). Large setup violations at the end of those stages might be difficult to fix during the post-placement implementation flow and could be the result of non-optimal XDC constraints or non-optimal design architecture
Related violations: <none>

TIMING-16#179 Warning
Large setup violation  
There is a large setup violation of -1.140 ns between MB_i/simple_axi_writer_0/inst/sha256_inst/round_count_reg[2]_replica_2/C (clocked by clk_out1_MB_clk_wiz_0_2) and MB_i/simple_axi_writer_0/inst/sha256_inst/W_reg[19][25]/D (clocked by clk_out1_MB_clk_wiz_0_2). Large setup violations at the end of those stages might be difficult to fix during the post-placement implementation flow and could be the result of non-optimal XDC constraints or non-optimal design architecture
Related violations: <none>

TIMING-16#180 Warning
Large setup violation  
There is a large setup violation of -1.140 ns between MB_i/simple_axi_writer_0/inst/sha256_inst/round_count_reg[2]_replica_2/C (clocked by clk_out1_MB_clk_wiz_0_2) and MB_i/simple_axi_writer_0/inst/sha256_inst/W_reg[49][8]/D (clocked by clk_out1_MB_clk_wiz_0_2). Large setup violations at the end of those stages might be difficult to fix during the post-placement implementation flow and could be the result of non-optimal XDC constraints or non-optimal design architecture
Related violations: <none>

TIMING-16#181 Warning
Large setup violation  
There is a large setup violation of -1.140 ns between MB_i/simple_axi_writer_0/inst/sha256_inst/round_count_reg[2]_replica_2/C (clocked by clk_out1_MB_clk_wiz_0_2) and MB_i/simple_axi_writer_0/inst/sha256_inst/W_reg[54][29]/D (clocked by clk_out1_MB_clk_wiz_0_2). Large setup violations at the end of those stages might be difficult to fix during the post-placement implementation flow and could be the result of non-optimal XDC constraints or non-optimal design architecture
Related violations: <none>

TIMING-16#182 Warning
Large setup violation  
There is a large setup violation of -1.141 ns between MB_i/simple_axi_writer_0/inst/sha256_inst/round_count_reg[2]_replica_2/C (clocked by clk_out1_MB_clk_wiz_0_2) and MB_i/simple_axi_writer_0/inst/sha256_inst/W_reg[24][12]/D (clocked by clk_out1_MB_clk_wiz_0_2). Large setup violations at the end of those stages might be difficult to fix during the post-placement implementation flow and could be the result of non-optimal XDC constraints or non-optimal design architecture
Related violations: <none>

TIMING-16#183 Warning
Large setup violation  
There is a large setup violation of -1.141 ns between MB_i/simple_axi_writer_0/inst/sha256_inst/round_count_reg[2]_replica_2/C (clocked by clk_out1_MB_clk_wiz_0_2) and MB_i/simple_axi_writer_0/inst/sha256_inst/W_reg[51][13]/D (clocked by clk_out1_MB_clk_wiz_0_2). Large setup violations at the end of those stages might be difficult to fix during the post-placement implementation flow and could be the result of non-optimal XDC constraints or non-optimal design architecture
Related violations: <none>

TIMING-16#184 Warning
Large setup violation  
There is a large setup violation of -1.144 ns between MB_i/simple_axi_writer_0/inst/sha256_inst/round_count_reg[2]_replica_2/C (clocked by clk_out1_MB_clk_wiz_0_2) and MB_i/simple_axi_writer_0/inst/sha256_inst/W_reg[43][17]/D (clocked by clk_out1_MB_clk_wiz_0_2). Large setup violations at the end of those stages might be difficult to fix during the post-placement implementation flow and could be the result of non-optimal XDC constraints or non-optimal design architecture
Related violations: <none>

TIMING-16#185 Warning
Large setup violation  
There is a large setup violation of -1.144 ns between MB_i/simple_axi_writer_0/inst/sha256_inst/round_count_reg[2]_replica_2/C (clocked by clk_out1_MB_clk_wiz_0_2) and MB_i/simple_axi_writer_0/inst/sha256_inst/W_reg[48][18]/D (clocked by clk_out1_MB_clk_wiz_0_2). Large setup violations at the end of those stages might be difficult to fix during the post-placement implementation flow and could be the result of non-optimal XDC constraints or non-optimal design architecture
Related violations: <none>

TIMING-16#186 Warning
Large setup violation  
There is a large setup violation of -1.145 ns between MB_i/simple_axi_writer_0/inst/sha256_inst/round_count_reg[2]_replica_2/C (clocked by clk_out1_MB_clk_wiz_0_2) and MB_i/simple_axi_writer_0/inst/sha256_inst/W_reg[29][4]/D (clocked by clk_out1_MB_clk_wiz_0_2). Large setup violations at the end of those stages might be difficult to fix during the post-placement implementation flow and could be the result of non-optimal XDC constraints or non-optimal design architecture
Related violations: <none>

TIMING-16#187 Warning
Large setup violation  
There is a large setup violation of -1.145 ns between MB_i/simple_axi_writer_0/inst/sha256_inst/round_count_reg[2]_replica_2/C (clocked by clk_out1_MB_clk_wiz_0_2) and MB_i/simple_axi_writer_0/inst/sha256_inst/W_reg[36][18]/D (clocked by clk_out1_MB_clk_wiz_0_2). Large setup violations at the end of those stages might be difficult to fix during the post-placement implementation flow and could be the result of non-optimal XDC constraints or non-optimal design architecture
Related violations: <none>

TIMING-16#188 Warning
Large setup violation  
There is a large setup violation of -1.145 ns between MB_i/simple_axi_writer_0/inst/sha256_inst/round_count_reg[2]_replica_2/C (clocked by clk_out1_MB_clk_wiz_0_2) and MB_i/simple_axi_writer_0/inst/sha256_inst/W_reg[56][28]/D (clocked by clk_out1_MB_clk_wiz_0_2). Large setup violations at the end of those stages might be difficult to fix during the post-placement implementation flow and could be the result of non-optimal XDC constraints or non-optimal design architecture
Related violations: <none>

TIMING-16#189 Warning
Large setup violation  
There is a large setup violation of -1.147 ns between MB_i/simple_axi_writer_0/inst/sha256_inst/round_count_reg[2]_replica_2/C (clocked by clk_out1_MB_clk_wiz_0_2) and MB_i/simple_axi_writer_0/inst/sha256_inst/W_reg[21][13]/D (clocked by clk_out1_MB_clk_wiz_0_2). Large setup violations at the end of those stages might be difficult to fix during the post-placement implementation flow and could be the result of non-optimal XDC constraints or non-optimal design architecture
Related violations: <none>

TIMING-16#190 Warning
Large setup violation  
There is a large setup violation of -1.148 ns between MB_i/simple_axi_writer_0/inst/sha256_inst/round_count_reg[2]_replica_2/C (clocked by clk_out1_MB_clk_wiz_0_2) and MB_i/simple_axi_writer_0/inst/sha256_inst/W_reg[55][27]/D (clocked by clk_out1_MB_clk_wiz_0_2). Large setup violations at the end of those stages might be difficult to fix during the post-placement implementation flow and could be the result of non-optimal XDC constraints or non-optimal design architecture
Related violations: <none>

TIMING-16#191 Warning
Large setup violation  
There is a large setup violation of -1.150 ns between MB_i/simple_axi_writer_0/inst/sha256_inst/round_count_reg[2]_replica_2/C (clocked by clk_out1_MB_clk_wiz_0_2) and MB_i/simple_axi_writer_0/inst/sha256_inst/W_reg[17][27]/D (clocked by clk_out1_MB_clk_wiz_0_2). Large setup violations at the end of those stages might be difficult to fix during the post-placement implementation flow and could be the result of non-optimal XDC constraints or non-optimal design architecture
Related violations: <none>

TIMING-16#192 Warning
Large setup violation  
There is a large setup violation of -1.150 ns between MB_i/simple_axi_writer_0/inst/sha256_inst/round_count_reg[2]_replica_2/C (clocked by clk_out1_MB_clk_wiz_0_2) and MB_i/simple_axi_writer_0/inst/sha256_inst/W_reg[42][27]/D (clocked by clk_out1_MB_clk_wiz_0_2). Large setup violations at the end of those stages might be difficult to fix during the post-placement implementation flow and could be the result of non-optimal XDC constraints or non-optimal design architecture
Related violations: <none>

TIMING-16#193 Warning
Large setup violation  
There is a large setup violation of -1.151 ns between MB_i/simple_axi_writer_0/inst/sha256_inst/round_count_reg[2]_replica_2/C (clocked by clk_out1_MB_clk_wiz_0_2) and MB_i/simple_axi_writer_0/inst/sha256_inst/W_reg[27][21]/D (clocked by clk_out1_MB_clk_wiz_0_2). Large setup violations at the end of those stages might be difficult to fix during the post-placement implementation flow and could be the result of non-optimal XDC constraints or non-optimal design architecture
Related violations: <none>

TIMING-16#194 Warning
Large setup violation  
There is a large setup violation of -1.151 ns between MB_i/simple_axi_writer_0/inst/sha256_inst/round_count_reg[2]_replica_2/C (clocked by clk_out1_MB_clk_wiz_0_2) and MB_i/simple_axi_writer_0/inst/sha256_inst/W_reg[58][28]/D (clocked by clk_out1_MB_clk_wiz_0_2). Large setup violations at the end of those stages might be difficult to fix during the post-placement implementation flow and could be the result of non-optimal XDC constraints or non-optimal design architecture
Related violations: <none>

TIMING-16#195 Warning
Large setup violation  
There is a large setup violation of -1.153 ns between MB_i/simple_axi_writer_0/inst/sha256_inst/round_count_reg[2]_replica_2/C (clocked by clk_out1_MB_clk_wiz_0_2) and MB_i/simple_axi_writer_0/inst/sha256_inst/W_reg[25][16]/D (clocked by clk_out1_MB_clk_wiz_0_2). Large setup violations at the end of those stages might be difficult to fix during the post-placement implementation flow and could be the result of non-optimal XDC constraints or non-optimal design architecture
Related violations: <none>

TIMING-16#196 Warning
Large setup violation  
There is a large setup violation of -1.153 ns between MB_i/simple_axi_writer_0/inst/sha256_inst/round_count_reg[2]_replica_2/C (clocked by clk_out1_MB_clk_wiz_0_2) and MB_i/simple_axi_writer_0/inst/sha256_inst/W_reg[56][8]/D (clocked by clk_out1_MB_clk_wiz_0_2). Large setup violations at the end of those stages might be difficult to fix during the post-placement implementation flow and could be the result of non-optimal XDC constraints or non-optimal design architecture
Related violations: <none>

TIMING-16#197 Warning
Large setup violation  
There is a large setup violation of -1.154 ns between MB_i/simple_axi_writer_0/inst/sha256_inst/round_count_reg[2]_replica_2/C (clocked by clk_out1_MB_clk_wiz_0_2) and MB_i/simple_axi_writer_0/inst/sha256_inst/W_reg[19][27]/D (clocked by clk_out1_MB_clk_wiz_0_2). Large setup violations at the end of those stages might be difficult to fix during the post-placement implementation flow and could be the result of non-optimal XDC constraints or non-optimal design architecture
Related violations: <none>

TIMING-16#198 Warning
Large setup violation  
There is a large setup violation of -1.154 ns between MB_i/simple_axi_writer_0/inst/sha256_inst/round_count_reg[2]_replica_2/C (clocked by clk_out1_MB_clk_wiz_0_2) and MB_i/simple_axi_writer_0/inst/sha256_inst/W_reg[23][21]/D (clocked by clk_out1_MB_clk_wiz_0_2). Large setup violations at the end of those stages might be difficult to fix during the post-placement implementation flow and could be the result of non-optimal XDC constraints or non-optimal design architecture
Related violations: <none>

TIMING-16#199 Warning
Large setup violation  
There is a large setup violation of -1.155 ns between MB_i/simple_axi_writer_0/inst/sha256_inst/round_count_reg[2]_replica_2/C (clocked by clk_out1_MB_clk_wiz_0_2) and MB_i/simple_axi_writer_0/inst/sha256_inst/W_reg[41][19]/D (clocked by clk_out1_MB_clk_wiz_0_2). Large setup violations at the end of those stages might be difficult to fix during the post-placement implementation flow and could be the result of non-optimal XDC constraints or non-optimal design architecture
Related violations: <none>

TIMING-16#200 Warning
Large setup violation  
There is a large setup violation of -1.155 ns between MB_i/simple_axi_writer_0/inst/sha256_inst/round_count_reg[2]_replica_2/C (clocked by clk_out1_MB_clk_wiz_0_2) and MB_i/simple_axi_writer_0/inst/sha256_inst/W_reg[50][28]/D (clocked by clk_out1_MB_clk_wiz_0_2). Large setup violations at the end of those stages might be difficult to fix during the post-placement implementation flow and could be the result of non-optimal XDC constraints or non-optimal design architecture
Related violations: <none>

TIMING-16#201 Warning
Large setup violation  
There is a large setup violation of -1.156 ns between MB_i/simple_axi_writer_0/inst/sha256_inst/round_count_reg[2]_replica_2/C (clocked by clk_out1_MB_clk_wiz_0_2) and MB_i/simple_axi_writer_0/inst/sha256_inst/W_reg[24][28]/D (clocked by clk_out1_MB_clk_wiz_0_2). Large setup violations at the end of those stages might be difficult to fix during the post-placement implementation flow and could be the result of non-optimal XDC constraints or non-optimal design architecture
Related violations: <none>

TIMING-16#202 Warning
Large setup violation  
There is a large setup violation of -1.156 ns between MB_i/simple_axi_writer_0/inst/sha256_inst/round_count_reg[2]_replica_2/C (clocked by clk_out1_MB_clk_wiz_0_2) and MB_i/simple_axi_writer_0/inst/sha256_inst/W_reg[51][10]/D (clocked by clk_out1_MB_clk_wiz_0_2). Large setup violations at the end of those stages might be difficult to fix during the post-placement implementation flow and could be the result of non-optimal XDC constraints or non-optimal design architecture
Related violations: <none>

TIMING-16#203 Warning
Large setup violation  
There is a large setup violation of -1.157 ns between MB_i/simple_axi_writer_0/inst/sha256_inst/round_count_reg[2]_replica_2/C (clocked by clk_out1_MB_clk_wiz_0_2) and MB_i/simple_axi_writer_0/inst/sha256_inst/W_reg[31][10]/D (clocked by clk_out1_MB_clk_wiz_0_2). Large setup violations at the end of those stages might be difficult to fix during the post-placement implementation flow and could be the result of non-optimal XDC constraints or non-optimal design architecture
Related violations: <none>

TIMING-16#204 Warning
Large setup violation  
There is a large setup violation of -1.158 ns between MB_i/simple_axi_writer_0/inst/sha256_inst/round_count_reg[2]_replica_2/C (clocked by clk_out1_MB_clk_wiz_0_2) and MB_i/simple_axi_writer_0/inst/sha256_inst/W_reg[19][17]/D (clocked by clk_out1_MB_clk_wiz_0_2). Large setup violations at the end of those stages might be difficult to fix during the post-placement implementation flow and could be the result of non-optimal XDC constraints or non-optimal design architecture
Related violations: <none>

TIMING-16#205 Warning
Large setup violation  
There is a large setup violation of -1.160 ns between MB_i/simple_axi_writer_0/inst/sha256_inst/round_count_reg[2]_replica_2/C (clocked by clk_out1_MB_clk_wiz_0_2) and MB_i/simple_axi_writer_0/inst/sha256_inst/W_reg[63][8]/D (clocked by clk_out1_MB_clk_wiz_0_2). Large setup violations at the end of those stages might be difficult to fix during the post-placement implementation flow and could be the result of non-optimal XDC constraints or non-optimal design architecture
Related violations: <none>

TIMING-16#206 Warning
Large setup violation  
There is a large setup violation of -1.161 ns between MB_i/simple_axi_writer_0/inst/sha256_inst/round_count_reg[2]_replica_2/C (clocked by clk_out1_MB_clk_wiz_0_2) and MB_i/simple_axi_writer_0/inst/sha256_inst/W_reg[61][10]/D (clocked by clk_out1_MB_clk_wiz_0_2). Large setup violations at the end of those stages might be difficult to fix during the post-placement implementation flow and could be the result of non-optimal XDC constraints or non-optimal design architecture
Related violations: <none>

TIMING-16#207 Warning
Large setup violation  
There is a large setup violation of -1.162 ns between MB_i/simple_axi_writer_0/inst/sha256_inst/round_count_reg[2]_replica_2/C (clocked by clk_out1_MB_clk_wiz_0_2) and MB_i/simple_axi_writer_0/inst/sha256_inst/W_reg[61][16]/D (clocked by clk_out1_MB_clk_wiz_0_2). Large setup violations at the end of those stages might be difficult to fix during the post-placement implementation flow and could be the result of non-optimal XDC constraints or non-optimal design architecture
Related violations: <none>

TIMING-16#208 Warning
Large setup violation  
There is a large setup violation of -1.164 ns between MB_i/simple_axi_writer_0/inst/sha256_inst/round_count_reg[2]_replica_2/C (clocked by clk_out1_MB_clk_wiz_0_2) and MB_i/simple_axi_writer_0/inst/sha256_inst/W_reg[38][22]/D (clocked by clk_out1_MB_clk_wiz_0_2). Large setup violations at the end of those stages might be difficult to fix during the post-placement implementation flow and could be the result of non-optimal XDC constraints or non-optimal design architecture
Related violations: <none>

TIMING-16#209 Warning
Large setup violation  
There is a large setup violation of -1.165 ns between MB_i/simple_axi_writer_0/inst/sha256_inst/round_count_reg[2]_replica_2/C (clocked by clk_out1_MB_clk_wiz_0_2) and MB_i/simple_axi_writer_0/inst/sha256_inst/W_reg[57][14]/D (clocked by clk_out1_MB_clk_wiz_0_2). Large setup violations at the end of those stages might be difficult to fix during the post-placement implementation flow and could be the result of non-optimal XDC constraints or non-optimal design architecture
Related violations: <none>

TIMING-16#210 Warning
Large setup violation  
There is a large setup violation of -1.166 ns between MB_i/simple_axi_writer_0/inst/sha256_inst/round_count_reg[2]_replica_2/C (clocked by clk_out1_MB_clk_wiz_0_2) and MB_i/simple_axi_writer_0/inst/sha256_inst/W_reg[22][7]/D (clocked by clk_out1_MB_clk_wiz_0_2). Large setup violations at the end of those stages might be difficult to fix during the post-placement implementation flow and could be the result of non-optimal XDC constraints or non-optimal design architecture
Related violations: <none>

TIMING-16#211 Warning
Large setup violation  
There is a large setup violation of -1.167 ns between MB_i/simple_axi_writer_0/inst/sha256_inst/round_count_reg[2]_replica_2/C (clocked by clk_out1_MB_clk_wiz_0_2) and MB_i/simple_axi_writer_0/inst/sha256_inst/W_reg[26][20]/D (clocked by clk_out1_MB_clk_wiz_0_2). Large setup violations at the end of those stages might be difficult to fix during the post-placement implementation flow and could be the result of non-optimal XDC constraints or non-optimal design architecture
Related violations: <none>

TIMING-16#212 Warning
Large setup violation  
There is a large setup violation of -1.167 ns between MB_i/simple_axi_writer_0/inst/sha256_inst/round_count_reg[2]_replica_2/C (clocked by clk_out1_MB_clk_wiz_0_2) and MB_i/simple_axi_writer_0/inst/sha256_inst/W_reg[40][13]/D (clocked by clk_out1_MB_clk_wiz_0_2). Large setup violations at the end of those stages might be difficult to fix during the post-placement implementation flow and could be the result of non-optimal XDC constraints or non-optimal design architecture
Related violations: <none>

TIMING-16#213 Warning
Large setup violation  
There is a large setup violation of -1.169 ns between MB_i/simple_axi_writer_0/inst/sha256_inst/round_count_reg[2]_replica_2/C (clocked by clk_out1_MB_clk_wiz_0_2) and MB_i/simple_axi_writer_0/inst/sha256_inst/W_reg[45][19]/D (clocked by clk_out1_MB_clk_wiz_0_2). Large setup violations at the end of those stages might be difficult to fix during the post-placement implementation flow and could be the result of non-optimal XDC constraints or non-optimal design architecture
Related violations: <none>

TIMING-16#214 Warning
Large setup violation  
There is a large setup violation of -1.169 ns between MB_i/simple_axi_writer_0/inst/sha256_inst/round_count_reg[2]_replica_2/C (clocked by clk_out1_MB_clk_wiz_0_2) and MB_i/simple_axi_writer_0/inst/sha256_inst/W_reg[52][10]/D (clocked by clk_out1_MB_clk_wiz_0_2). Large setup violations at the end of those stages might be difficult to fix during the post-placement implementation flow and could be the result of non-optimal XDC constraints or non-optimal design architecture
Related violations: <none>

TIMING-16#215 Warning
Large setup violation  
There is a large setup violation of -1.169 ns between MB_i/simple_axi_writer_0/inst/sha256_inst/round_count_reg[2]_replica_2/C (clocked by clk_out1_MB_clk_wiz_0_2) and MB_i/simple_axi_writer_0/inst/sha256_inst/W_reg[59][16]/D (clocked by clk_out1_MB_clk_wiz_0_2). Large setup violations at the end of those stages might be difficult to fix during the post-placement implementation flow and could be the result of non-optimal XDC constraints or non-optimal design architecture
Related violations: <none>

TIMING-16#216 Warning
Large setup violation  
There is a large setup violation of -1.172 ns between MB_i/simple_axi_writer_0/inst/sha256_inst/round_count_reg[2]_replica_2/C (clocked by clk_out1_MB_clk_wiz_0_2) and MB_i/simple_axi_writer_0/inst/sha256_inst/W_reg[34][27]/D (clocked by clk_out1_MB_clk_wiz_0_2). Large setup violations at the end of those stages might be difficult to fix during the post-placement implementation flow and could be the result of non-optimal XDC constraints or non-optimal design architecture
Related violations: <none>

TIMING-16#217 Warning
Large setup violation  
There is a large setup violation of -1.172 ns between MB_i/simple_axi_writer_0/inst/sha256_inst/round_count_reg[2]_replica_2/C (clocked by clk_out1_MB_clk_wiz_0_2) and MB_i/simple_axi_writer_0/inst/sha256_inst/W_reg[50][24]/D (clocked by clk_out1_MB_clk_wiz_0_2). Large setup violations at the end of those stages might be difficult to fix during the post-placement implementation flow and could be the result of non-optimal XDC constraints or non-optimal design architecture
Related violations: <none>

TIMING-16#218 Warning
Large setup violation  
There is a large setup violation of -1.173 ns between MB_i/simple_axi_writer_0/inst/sha256_inst/round_count_reg[2]_replica_2/C (clocked by clk_out1_MB_clk_wiz_0_2) and MB_i/simple_axi_writer_0/inst/sha256_inst/W_reg[21][21]/D (clocked by clk_out1_MB_clk_wiz_0_2). Large setup violations at the end of those stages might be difficult to fix during the post-placement implementation flow and could be the result of non-optimal XDC constraints or non-optimal design architecture
Related violations: <none>

TIMING-16#219 Warning
Large setup violation  
There is a large setup violation of -1.173 ns between MB_i/simple_axi_writer_0/inst/sha256_inst/round_count_reg[2]_replica_2/C (clocked by clk_out1_MB_clk_wiz_0_2) and MB_i/simple_axi_writer_0/inst/sha256_inst/W_reg[43][10]/D (clocked by clk_out1_MB_clk_wiz_0_2). Large setup violations at the end of those stages might be difficult to fix during the post-placement implementation flow and could be the result of non-optimal XDC constraints or non-optimal design architecture
Related violations: <none>

TIMING-16#220 Warning
Large setup violation  
There is a large setup violation of -1.173 ns between MB_i/simple_axi_writer_0/inst/sha256_inst/round_count_reg[2]_replica_2/C (clocked by clk_out1_MB_clk_wiz_0_2) and MB_i/simple_axi_writer_0/inst/sha256_inst/W_reg[45][27]/D (clocked by clk_out1_MB_clk_wiz_0_2). Large setup violations at the end of those stages might be difficult to fix during the post-placement implementation flow and could be the result of non-optimal XDC constraints or non-optimal design architecture
Related violations: <none>

TIMING-16#221 Warning
Large setup violation  
There is a large setup violation of -1.173 ns between MB_i/simple_axi_writer_0/inst/sha256_inst/round_count_reg[2]_replica_2/C (clocked by clk_out1_MB_clk_wiz_0_2) and MB_i/simple_axi_writer_0/inst/sha256_inst/W_reg[51][16]/D (clocked by clk_out1_MB_clk_wiz_0_2). Large setup violations at the end of those stages might be difficult to fix during the post-placement implementation flow and could be the result of non-optimal XDC constraints or non-optimal design architecture
Related violations: <none>

TIMING-16#222 Warning
Large setup violation  
There is a large setup violation of -1.174 ns between MB_i/simple_axi_writer_0/inst/sha256_inst/round_count_reg[2]_replica_2/C (clocked by clk_out1_MB_clk_wiz_0_2) and MB_i/simple_axi_writer_0/inst/sha256_inst/W_reg[33][16]/D (clocked by clk_out1_MB_clk_wiz_0_2). Large setup violations at the end of those stages might be difficult to fix during the post-placement implementation flow and could be the result of non-optimal XDC constraints or non-optimal design architecture
Related violations: <none>

TIMING-16#223 Warning
Large setup violation  
There is a large setup violation of -1.176 ns between MB_i/simple_axi_writer_0/inst/sha256_inst/round_count_reg[2]_replica_2/C (clocked by clk_out1_MB_clk_wiz_0_2) and MB_i/simple_axi_writer_0/inst/sha256_inst/W_reg[17][28]/D (clocked by clk_out1_MB_clk_wiz_0_2). Large setup violations at the end of those stages might be difficult to fix during the post-placement implementation flow and could be the result of non-optimal XDC constraints or non-optimal design architecture
Related violations: <none>

TIMING-16#224 Warning
Large setup violation  
There is a large setup violation of -1.176 ns between MB_i/simple_axi_writer_0/inst/sha256_inst/round_count_reg[2]_replica_2/C (clocked by clk_out1_MB_clk_wiz_0_2) and MB_i/simple_axi_writer_0/inst/sha256_inst/W_reg[49][10]/D (clocked by clk_out1_MB_clk_wiz_0_2). Large setup violations at the end of those stages might be difficult to fix during the post-placement implementation flow and could be the result of non-optimal XDC constraints or non-optimal design architecture
Related violations: <none>

TIMING-16#225 Warning
Large setup violation  
There is a large setup violation of -1.181 ns between MB_i/simple_axi_writer_0/inst/sha256_inst/round_count_reg[2]_replica_2/C (clocked by clk_out1_MB_clk_wiz_0_2) and MB_i/simple_axi_writer_0/inst/sha256_inst/W_reg[37][10]/D (clocked by clk_out1_MB_clk_wiz_0_2). Large setup violations at the end of those stages might be difficult to fix during the post-placement implementation flow and could be the result of non-optimal XDC constraints or non-optimal design architecture
Related violations: <none>

TIMING-16#226 Warning
Large setup violation  
There is a large setup violation of -1.182 ns between MB_i/simple_axi_writer_0/inst/sha256_inst/round_count_reg[2]_replica_2/C (clocked by clk_out1_MB_clk_wiz_0_2) and MB_i/simple_axi_writer_0/inst/sha256_inst/W_reg[29][23]/D (clocked by clk_out1_MB_clk_wiz_0_2). Large setup violations at the end of those stages might be difficult to fix during the post-placement implementation flow and could be the result of non-optimal XDC constraints or non-optimal design architecture
Related violations: <none>

TIMING-16#227 Warning
Large setup violation  
There is a large setup violation of -1.184 ns between MB_i/simple_axi_writer_0/inst/sha256_inst/round_count_reg[2]_replica_2/C (clocked by clk_out1_MB_clk_wiz_0_2) and MB_i/simple_axi_writer_0/inst/sha256_inst/W_reg[52][11]/D (clocked by clk_out1_MB_clk_wiz_0_2). Large setup violations at the end of those stages might be difficult to fix during the post-placement implementation flow and could be the result of non-optimal XDC constraints or non-optimal design architecture
Related violations: <none>

TIMING-16#228 Warning
Large setup violation  
There is a large setup violation of -1.185 ns between MB_i/simple_axi_writer_0/inst/sha256_inst/round_count_reg[2]_replica_2/C (clocked by clk_out1_MB_clk_wiz_0_2) and MB_i/simple_axi_writer_0/inst/sha256_inst/W_reg[22][10]/D (clocked by clk_out1_MB_clk_wiz_0_2). Large setup violations at the end of those stages might be difficult to fix during the post-placement implementation flow and could be the result of non-optimal XDC constraints or non-optimal design architecture
Related violations: <none>

TIMING-16#229 Warning
Large setup violation  
There is a large setup violation of -1.186 ns between MB_i/simple_axi_writer_0/inst/sha256_inst/round_count_reg[2]_replica_2/C (clocked by clk_out1_MB_clk_wiz_0_2) and MB_i/simple_axi_writer_0/inst/sha256_inst/W_reg[31][27]/D (clocked by clk_out1_MB_clk_wiz_0_2). Large setup violations at the end of those stages might be difficult to fix during the post-placement implementation flow and could be the result of non-optimal XDC constraints or non-optimal design architecture
Related violations: <none>

TIMING-16#230 Warning
Large setup violation  
There is a large setup violation of -1.188 ns between MB_i/simple_axi_writer_0/inst/sha256_inst/round_count_reg[2]_replica_2/C (clocked by clk_out1_MB_clk_wiz_0_2) and MB_i/simple_axi_writer_0/inst/sha256_inst/W_reg[23][25]/D (clocked by clk_out1_MB_clk_wiz_0_2). Large setup violations at the end of those stages might be difficult to fix during the post-placement implementation flow and could be the result of non-optimal XDC constraints or non-optimal design architecture
Related violations: <none>

TIMING-16#231 Warning
Large setup violation  
There is a large setup violation of -1.188 ns between MB_i/simple_axi_writer_0/inst/sha256_inst/round_count_reg[2]_replica_2/C (clocked by clk_out1_MB_clk_wiz_0_2) and MB_i/simple_axi_writer_0/inst/sha256_inst/W_reg[26][28]/D (clocked by clk_out1_MB_clk_wiz_0_2). Large setup violations at the end of those stages might be difficult to fix during the post-placement implementation flow and could be the result of non-optimal XDC constraints or non-optimal design architecture
Related violations: <none>

TIMING-16#232 Warning
Large setup violation  
There is a large setup violation of -1.189 ns between MB_i/simple_axi_writer_0/inst/sha256_inst/round_count_reg[2]_replica_2/C (clocked by clk_out1_MB_clk_wiz_0_2) and MB_i/simple_axi_writer_0/inst/sha256_inst/W_reg[56][18]/D (clocked by clk_out1_MB_clk_wiz_0_2). Large setup violations at the end of those stages might be difficult to fix during the post-placement implementation flow and could be the result of non-optimal XDC constraints or non-optimal design architecture
Related violations: <none>

TIMING-16#233 Warning
Large setup violation  
There is a large setup violation of -1.190 ns between MB_i/simple_axi_writer_0/inst/sha256_inst/round_count_reg[2]_replica_2/C (clocked by clk_out1_MB_clk_wiz_0_2) and MB_i/simple_axi_writer_0/inst/sha256_inst/W_reg[25][26]/D (clocked by clk_out1_MB_clk_wiz_0_2). Large setup violations at the end of those stages might be difficult to fix during the post-placement implementation flow and could be the result of non-optimal XDC constraints or non-optimal design architecture
Related violations: <none>

TIMING-16#234 Warning
Large setup violation  
There is a large setup violation of -1.190 ns between MB_i/simple_axi_writer_0/inst/sha256_inst/round_count_reg[2]_replica_2/C (clocked by clk_out1_MB_clk_wiz_0_2) and MB_i/simple_axi_writer_0/inst/sha256_inst/W_reg[35][26]/D (clocked by clk_out1_MB_clk_wiz_0_2). Large setup violations at the end of those stages might be difficult to fix during the post-placement implementation flow and could be the result of non-optimal XDC constraints or non-optimal design architecture
Related violations: <none>

TIMING-16#235 Warning
Large setup violation  
There is a large setup violation of -1.193 ns between MB_i/simple_axi_writer_0/inst/sha256_inst/round_count_reg[2]_replica_2/C (clocked by clk_out1_MB_clk_wiz_0_2) and MB_i/simple_axi_writer_0/inst/sha256_inst/W_reg[18][28]/D (clocked by clk_out1_MB_clk_wiz_0_2). Large setup violations at the end of those stages might be difficult to fix during the post-placement implementation flow and could be the result of non-optimal XDC constraints or non-optimal design architecture
Related violations: <none>

TIMING-16#236 Warning
Large setup violation  
There is a large setup violation of -1.195 ns between MB_i/simple_axi_writer_0/inst/sha256_inst/round_count_reg[2]_replica_2/C (clocked by clk_out1_MB_clk_wiz_0_2) and MB_i/simple_axi_writer_0/inst/sha256_inst/W_reg[43][27]/D (clocked by clk_out1_MB_clk_wiz_0_2). Large setup violations at the end of those stages might be difficult to fix during the post-placement implementation flow and could be the result of non-optimal XDC constraints or non-optimal design architecture
Related violations: <none>

TIMING-16#237 Warning
Large setup violation  
There is a large setup violation of -1.196 ns between MB_i/simple_axi_writer_0/inst/sha256_inst/round_count_reg[2]_replica_2/C (clocked by clk_out1_MB_clk_wiz_0_2) and MB_i/simple_axi_writer_0/inst/sha256_inst/W_reg[28][9]/D (clocked by clk_out1_MB_clk_wiz_0_2). Large setup violations at the end of those stages might be difficult to fix during the post-placement implementation flow and could be the result of non-optimal XDC constraints or non-optimal design architecture
Related violations: <none>

TIMING-16#238 Warning
Large setup violation  
There is a large setup violation of -1.197 ns between MB_i/simple_axi_writer_0/inst/sha256_inst/round_count_reg[2]_replica_2/C (clocked by clk_out1_MB_clk_wiz_0_2) and MB_i/simple_axi_writer_0/inst/sha256_inst/W_reg[36][16]/D (clocked by clk_out1_MB_clk_wiz_0_2). Large setup violations at the end of those stages might be difficult to fix during the post-placement implementation flow and could be the result of non-optimal XDC constraints or non-optimal design architecture
Related violations: <none>

TIMING-16#239 Warning
Large setup violation  
There is a large setup violation of -1.197 ns between MB_i/simple_axi_writer_0/inst/sha256_inst/round_count_reg[2]_replica_2/C (clocked by clk_out1_MB_clk_wiz_0_2) and MB_i/simple_axi_writer_0/inst/sha256_inst/W_reg[57][13]/D (clocked by clk_out1_MB_clk_wiz_0_2). Large setup violations at the end of those stages might be difficult to fix during the post-placement implementation flow and could be the result of non-optimal XDC constraints or non-optimal design architecture
Related violations: <none>

TIMING-16#240 Warning
Large setup violation  
There is a large setup violation of -1.198 ns between MB_i/simple_axi_writer_0/inst/sha256_inst/round_count_reg[2]_replica_2/C (clocked by clk_out1_MB_clk_wiz_0_2) and MB_i/simple_axi_writer_0/inst/sha256_inst/W_reg[23][30]/D (clocked by clk_out1_MB_clk_wiz_0_2). Large setup violations at the end of those stages might be difficult to fix during the post-placement implementation flow and could be the result of non-optimal XDC constraints or non-optimal design architecture
Related violations: <none>

TIMING-16#241 Warning
Large setup violation  
There is a large setup violation of -1.198 ns between MB_i/simple_axi_writer_0/inst/sha256_inst/round_count_reg[2]_replica_2/C (clocked by clk_out1_MB_clk_wiz_0_2) and MB_i/simple_axi_writer_0/inst/sha256_inst/W_reg[63][22]/D (clocked by clk_out1_MB_clk_wiz_0_2). Large setup violations at the end of those stages might be difficult to fix during the post-placement implementation flow and could be the result of non-optimal XDC constraints or non-optimal design architecture
Related violations: <none>

TIMING-16#242 Warning
Large setup violation  
There is a large setup violation of -1.199 ns between MB_i/simple_axi_writer_0/inst/sha256_inst/round_count_reg[2]_replica_2/C (clocked by clk_out1_MB_clk_wiz_0_2) and MB_i/simple_axi_writer_0/inst/sha256_inst/W_reg[58][17]/D (clocked by clk_out1_MB_clk_wiz_0_2). Large setup violations at the end of those stages might be difficult to fix during the post-placement implementation flow and could be the result of non-optimal XDC constraints or non-optimal design architecture
Related violations: <none>

TIMING-16#243 Warning
Large setup violation  
There is a large setup violation of -1.199 ns between MB_i/simple_axi_writer_0/inst/sha256_inst/round_count_reg[2]_replica_2/C (clocked by clk_out1_MB_clk_wiz_0_2) and MB_i/simple_axi_writer_0/inst/sha256_inst/W_reg[62][24]/D (clocked by clk_out1_MB_clk_wiz_0_2). Large setup violations at the end of those stages might be difficult to fix during the post-placement implementation flow and could be the result of non-optimal XDC constraints or non-optimal design architecture
Related violations: <none>

TIMING-16#244 Warning
Large setup violation  
There is a large setup violation of -1.200 ns between MB_i/simple_axi_writer_0/inst/sha256_inst/round_count_reg[2]_replica_2/C (clocked by clk_out1_MB_clk_wiz_0_2) and MB_i/simple_axi_writer_0/inst/sha256_inst/W_reg[16][22]/D (clocked by clk_out1_MB_clk_wiz_0_2). Large setup violations at the end of those stages might be difficult to fix during the post-placement implementation flow and could be the result of non-optimal XDC constraints or non-optimal design architecture
Related violations: <none>

TIMING-16#245 Warning
Large setup violation  
There is a large setup violation of -1.202 ns between MB_i/simple_axi_writer_0/inst/sha256_inst/round_count_reg[2]_replica_2/C (clocked by clk_out1_MB_clk_wiz_0_2) and MB_i/simple_axi_writer_0/inst/sha256_inst/W_reg[25][9]/D (clocked by clk_out1_MB_clk_wiz_0_2). Large setup violations at the end of those stages might be difficult to fix during the post-placement implementation flow and could be the result of non-optimal XDC constraints or non-optimal design architecture
Related violations: <none>

TIMING-16#246 Warning
Large setup violation  
There is a large setup violation of -1.208 ns between MB_i/simple_axi_writer_0/inst/sha256_inst/round_count_reg[2]_replica_2/C (clocked by clk_out1_MB_clk_wiz_0_2) and MB_i/simple_axi_writer_0/inst/sha256_inst/W_reg[61][26]/D (clocked by clk_out1_MB_clk_wiz_0_2). Large setup violations at the end of those stages might be difficult to fix during the post-placement implementation flow and could be the result of non-optimal XDC constraints or non-optimal design architecture
Related violations: <none>

TIMING-16#247 Warning
Large setup violation  
There is a large setup violation of -1.209 ns between MB_i/simple_axi_writer_0/inst/sha256_inst/round_count_reg[2]_replica_2/C (clocked by clk_out1_MB_clk_wiz_0_2) and MB_i/simple_axi_writer_0/inst/sha256_inst/W_reg[23][27]/D (clocked by clk_out1_MB_clk_wiz_0_2). Large setup violations at the end of those stages might be difficult to fix during the post-placement implementation flow and could be the result of non-optimal XDC constraints or non-optimal design architecture
Related violations: <none>

TIMING-16#248 Warning
Large setup violation  
There is a large setup violation of -1.209 ns between MB_i/simple_axi_writer_0/inst/sha256_inst/round_count_reg[2]_replica_2/C (clocked by clk_out1_MB_clk_wiz_0_2) and MB_i/simple_axi_writer_0/inst/sha256_inst/W_reg[43][12]/D (clocked by clk_out1_MB_clk_wiz_0_2). Large setup violations at the end of those stages might be difficult to fix during the post-placement implementation flow and could be the result of non-optimal XDC constraints or non-optimal design architecture
Related violations: <none>

TIMING-16#249 Warning
Large setup violation  
There is a large setup violation of -1.210 ns between MB_i/simple_axi_writer_0/inst/sha256_inst/round_count_reg[2]_replica_2/C (clocked by clk_out1_MB_clk_wiz_0_2) and MB_i/simple_axi_writer_0/inst/sha256_inst/W_reg[49][26]/D (clocked by clk_out1_MB_clk_wiz_0_2). Large setup violations at the end of those stages might be difficult to fix during the post-placement implementation flow and could be the result of non-optimal XDC constraints or non-optimal design architecture
Related violations: <none>

TIMING-16#250 Warning
Large setup violation  
There is a large setup violation of -1.211 ns between MB_i/simple_axi_writer_0/inst/sha256_inst/round_count_reg[2]_replica_2/C (clocked by clk_out1_MB_clk_wiz_0_2) and MB_i/simple_axi_writer_0/inst/sha256_inst/W_reg[63][13]/D (clocked by clk_out1_MB_clk_wiz_0_2). Large setup violations at the end of those stages might be difficult to fix during the post-placement implementation flow and could be the result of non-optimal XDC constraints or non-optimal design architecture
Related violations: <none>

TIMING-16#251 Warning
Large setup violation  
There is a large setup violation of -1.212 ns between MB_i/simple_axi_writer_0/inst/sha256_inst/round_count_reg[2]_replica_2/C (clocked by clk_out1_MB_clk_wiz_0_2) and MB_i/simple_axi_writer_0/inst/sha256_inst/W_reg[34][17]/D (clocked by clk_out1_MB_clk_wiz_0_2). Large setup violations at the end of those stages might be difficult to fix during the post-placement implementation flow and could be the result of non-optimal XDC constraints or non-optimal design architecture
Related violations: <none>

TIMING-16#252 Warning
Large setup violation  
There is a large setup violation of -1.213 ns between MB_i/simple_axi_writer_0/inst/sha256_inst/round_count_reg[2]_replica_2/C (clocked by clk_out1_MB_clk_wiz_0_2) and MB_i/simple_axi_writer_0/inst/sha256_inst/W_reg[28][22]/D (clocked by clk_out1_MB_clk_wiz_0_2). Large setup violations at the end of those stages might be difficult to fix during the post-placement implementation flow and could be the result of non-optimal XDC constraints or non-optimal design architecture
Related violations: <none>

TIMING-16#253 Warning
Large setup violation  
There is a large setup violation of -1.215 ns between MB_i/simple_axi_writer_0/inst/sha256_inst/round_count_reg[2]_replica_2/C (clocked by clk_out1_MB_clk_wiz_0_2) and MB_i/simple_axi_writer_0/inst/sha256_inst/W_reg[35][15]/D (clocked by clk_out1_MB_clk_wiz_0_2). Large setup violations at the end of those stages might be difficult to fix during the post-placement implementation flow and could be the result of non-optimal XDC constraints or non-optimal design architecture
Related violations: <none>

TIMING-16#254 Warning
Large setup violation  
There is a large setup violation of -1.218 ns between MB_i/simple_axi_writer_0/inst/sha256_inst/round_count_reg[2]_replica_2/C (clocked by clk_out1_MB_clk_wiz_0_2) and MB_i/simple_axi_writer_0/inst/sha256_inst/W_reg[18][17]/D (clocked by clk_out1_MB_clk_wiz_0_2). Large setup violations at the end of those stages might be difficult to fix during the post-placement implementation flow and could be the result of non-optimal XDC constraints or non-optimal design architecture
Related violations: <none>

TIMING-16#255 Warning
Large setup violation  
There is a large setup violation of -1.218 ns between MB_i/simple_axi_writer_0/inst/sha256_inst/round_count_reg[2]_replica_2/C (clocked by clk_out1_MB_clk_wiz_0_2) and MB_i/simple_axi_writer_0/inst/sha256_inst/W_reg[25][10]/D (clocked by clk_out1_MB_clk_wiz_0_2). Large setup violations at the end of those stages might be difficult to fix during the post-placement implementation flow and could be the result of non-optimal XDC constraints or non-optimal design architecture
Related violations: <none>

TIMING-16#256 Warning
Large setup violation  
There is a large setup violation of -1.218 ns between MB_i/simple_axi_writer_0/inst/sha256_inst/round_count_reg[2]_replica_2/C (clocked by clk_out1_MB_clk_wiz_0_2) and MB_i/simple_axi_writer_0/inst/sha256_inst/W_reg[26][18]/D (clocked by clk_out1_MB_clk_wiz_0_2). Large setup violations at the end of those stages might be difficult to fix during the post-placement implementation flow and could be the result of non-optimal XDC constraints or non-optimal design architecture
Related violations: <none>

TIMING-16#257 Warning
Large setup violation  
There is a large setup violation of -1.220 ns between MB_i/simple_axi_writer_0/inst/sha256_inst/round_count_reg[2]_replica_2/C (clocked by clk_out1_MB_clk_wiz_0_2) and MB_i/simple_axi_writer_0/inst/sha256_inst/W_reg[41][22]/D (clocked by clk_out1_MB_clk_wiz_0_2). Large setup violations at the end of those stages might be difficult to fix during the post-placement implementation flow and could be the result of non-optimal XDC constraints or non-optimal design architecture
Related violations: <none>

TIMING-16#258 Warning
Large setup violation  
There is a large setup violation of -1.221 ns between MB_i/simple_axi_writer_0/inst/sha256_inst/round_count_reg[2]_replica_2/C (clocked by clk_out1_MB_clk_wiz_0_2) and MB_i/simple_axi_writer_0/inst/sha256_inst/W_reg[19][23]/D (clocked by clk_out1_MB_clk_wiz_0_2). Large setup violations at the end of those stages might be difficult to fix during the post-placement implementation flow and could be the result of non-optimal XDC constraints or non-optimal design architecture
Related violations: <none>

TIMING-16#259 Warning
Large setup violation  
There is a large setup violation of -1.222 ns between MB_i/rst_clk_wiz_0_50M/U0/ACTIVE_LOW_PR_OUT_DFF[0].FDRE_PER_N/C (clocked by clk_out1_MB_clk_wiz_0_2) and MB_i/simple_axi_writer_0/inst/sha256_inst/W_reg[63][21]/CE (clocked by clk_out1_MB_clk_wiz_0_2). Large setup violations at the end of those stages might be difficult to fix during the post-placement implementation flow and could be the result of non-optimal XDC constraints or non-optimal design architecture
Related violations: <none>

TIMING-16#260 Warning
Large setup violation  
There is a large setup violation of -1.222 ns between MB_i/simple_axi_writer_0/inst/sha256_inst/round_count_reg[2]_replica_2/C (clocked by clk_out1_MB_clk_wiz_0_2) and MB_i/simple_axi_writer_0/inst/sha256_inst/W_reg[51][18]/D (clocked by clk_out1_MB_clk_wiz_0_2). Large setup violations at the end of those stages might be difficult to fix during the post-placement implementation flow and could be the result of non-optimal XDC constraints or non-optimal design architecture
Related violations: <none>

TIMING-16#261 Warning
Large setup violation  
There is a large setup violation of -1.222 ns between MB_i/simple_axi_writer_0/inst/sha256_inst/round_count_reg[2]_replica_2/C (clocked by clk_out1_MB_clk_wiz_0_2) and MB_i/simple_axi_writer_0/inst/sha256_inst/W_reg[58][27]/D (clocked by clk_out1_MB_clk_wiz_0_2). Large setup violations at the end of those stages might be difficult to fix during the post-placement implementation flow and could be the result of non-optimal XDC constraints or non-optimal design architecture
Related violations: <none>

TIMING-16#262 Warning
Large setup violation  
There is a large setup violation of -1.226 ns between MB_i/rst_clk_wiz_0_50M/U0/ACTIVE_LOW_PR_OUT_DFF[0].FDRE_PER_N/C (clocked by clk_out1_MB_clk_wiz_0_2) and MB_i/simple_axi_writer_0/inst/sha256_inst/hash_reg[172]/CE (clocked by clk_out1_MB_clk_wiz_0_2). Large setup violations at the end of those stages might be difficult to fix during the post-placement implementation flow and could be the result of non-optimal XDC constraints or non-optimal design architecture
Related violations: <none>

TIMING-16#263 Warning
Large setup violation  
There is a large setup violation of -1.226 ns between MB_i/rst_clk_wiz_0_50M/U0/ACTIVE_LOW_PR_OUT_DFF[0].FDRE_PER_N/C (clocked by clk_out1_MB_clk_wiz_0_2) and MB_i/simple_axi_writer_0/inst/sha256_inst/hash_reg[173]/CE (clocked by clk_out1_MB_clk_wiz_0_2). Large setup violations at the end of those stages might be difficult to fix during the post-placement implementation flow and could be the result of non-optimal XDC constraints or non-optimal design architecture
Related violations: <none>

TIMING-16#264 Warning
Large setup violation  
There is a large setup violation of -1.226 ns between MB_i/rst_clk_wiz_0_50M/U0/ACTIVE_LOW_PR_OUT_DFF[0].FDRE_PER_N/C (clocked by clk_out1_MB_clk_wiz_0_2) and MB_i/simple_axi_writer_0/inst/sha256_inst/hash_reg[174]/CE (clocked by clk_out1_MB_clk_wiz_0_2). Large setup violations at the end of those stages might be difficult to fix during the post-placement implementation flow and could be the result of non-optimal XDC constraints or non-optimal design architecture
Related violations: <none>

TIMING-16#265 Warning
Large setup violation  
There is a large setup violation of -1.226 ns between MB_i/rst_clk_wiz_0_50M/U0/ACTIVE_LOW_PR_OUT_DFF[0].FDRE_PER_N/C (clocked by clk_out1_MB_clk_wiz_0_2) and MB_i/simple_axi_writer_0/inst/sha256_inst/hash_reg[175]/CE (clocked by clk_out1_MB_clk_wiz_0_2). Large setup violations at the end of those stages might be difficult to fix during the post-placement implementation flow and could be the result of non-optimal XDC constraints or non-optimal design architecture
Related violations: <none>

TIMING-16#266 Warning
Large setup violation  
There is a large setup violation of -1.231 ns between MB_i/simple_axi_writer_0/inst/sha256_inst/round_count_reg[2]_replica_2/C (clocked by clk_out1_MB_clk_wiz_0_2) and MB_i/simple_axi_writer_0/inst/sha256_inst/W_reg[46][22]/D (clocked by clk_out1_MB_clk_wiz_0_2). Large setup violations at the end of those stages might be difficult to fix during the post-placement implementation flow and could be the result of non-optimal XDC constraints or non-optimal design architecture
Related violations: <none>

TIMING-16#267 Warning
Large setup violation  
There is a large setup violation of -1.231 ns between MB_i/simple_axi_writer_0/inst/sha256_inst/round_count_reg[2]_replica_2/C (clocked by clk_out1_MB_clk_wiz_0_2) and MB_i/simple_axi_writer_0/inst/sha256_inst/W_reg[58][20]/D (clocked by clk_out1_MB_clk_wiz_0_2). Large setup violations at the end of those stages might be difficult to fix during the post-placement implementation flow and could be the result of non-optimal XDC constraints or non-optimal design architecture
Related violations: <none>

TIMING-16#268 Warning
Large setup violation  
There is a large setup violation of -1.231 ns between MB_i/simple_axi_writer_0/inst/sha256_inst/round_count_reg[2]_replica_2/C (clocked by clk_out1_MB_clk_wiz_0_2) and MB_i/simple_axi_writer_0/inst/sha256_inst/W_reg[62][28]/D (clocked by clk_out1_MB_clk_wiz_0_2). Large setup violations at the end of those stages might be difficult to fix during the post-placement implementation flow and could be the result of non-optimal XDC constraints or non-optimal design architecture
Related violations: <none>

TIMING-16#269 Warning
Large setup violation  
There is a large setup violation of -1.232 ns between MB_i/simple_axi_writer_0/inst/sha256_inst/round_count_reg[2]_replica_1/C (clocked by clk_out1_MB_clk_wiz_0_2) and MB_i/simple_axi_writer_0/inst/sha256_inst/W_reg[36][1]/D (clocked by clk_out1_MB_clk_wiz_0_2). Large setup violations at the end of those stages might be difficult to fix during the post-placement implementation flow and could be the result of non-optimal XDC constraints or non-optimal design architecture
Related violations: <none>

TIMING-16#270 Warning
Large setup violation  
There is a large setup violation of -1.232 ns between MB_i/simple_axi_writer_0/inst/sha256_inst/round_count_reg[2]_replica_2/C (clocked by clk_out1_MB_clk_wiz_0_2) and MB_i/simple_axi_writer_0/inst/sha256_inst/W_reg[24][23]/D (clocked by clk_out1_MB_clk_wiz_0_2). Large setup violations at the end of those stages might be difficult to fix during the post-placement implementation flow and could be the result of non-optimal XDC constraints or non-optimal design architecture
Related violations: <none>

TIMING-16#271 Warning
Large setup violation  
There is a large setup violation of -1.234 ns between MB_i/simple_axi_writer_0/inst/sha256_inst/round_count_reg[2]_replica_2/C (clocked by clk_out1_MB_clk_wiz_0_2) and MB_i/simple_axi_writer_0/inst/sha256_inst/W_reg[54][28]/D (clocked by clk_out1_MB_clk_wiz_0_2). Large setup violations at the end of those stages might be difficult to fix during the post-placement implementation flow and could be the result of non-optimal XDC constraints or non-optimal design architecture
Related violations: <none>

TIMING-16#272 Warning
Large setup violation  
There is a large setup violation of -1.235 ns between MB_i/simple_axi_writer_0/inst/sha256_inst/round_count_reg[2]_replica_2/C (clocked by clk_out1_MB_clk_wiz_0_2) and MB_i/simple_axi_writer_0/inst/sha256_inst/W_reg[34][10]/D (clocked by clk_out1_MB_clk_wiz_0_2). Large setup violations at the end of those stages might be difficult to fix during the post-placement implementation flow and could be the result of non-optimal XDC constraints or non-optimal design architecture
Related violations: <none>

TIMING-16#273 Warning
Large setup violation  
There is a large setup violation of -1.236 ns between MB_i/simple_axi_writer_0/inst/sha256_inst/round_count_reg[2]_replica_2/C (clocked by clk_out1_MB_clk_wiz_0_2) and MB_i/simple_axi_writer_0/inst/sha256_inst/W_reg[26][16]/D (clocked by clk_out1_MB_clk_wiz_0_2). Large setup violations at the end of those stages might be difficult to fix during the post-placement implementation flow and could be the result of non-optimal XDC constraints or non-optimal design architecture
Related violations: <none>

TIMING-16#274 Warning
Large setup violation  
There is a large setup violation of -1.236 ns between MB_i/simple_axi_writer_0/inst/sha256_inst/round_count_reg[2]_replica_2/C (clocked by clk_out1_MB_clk_wiz_0_2) and MB_i/simple_axi_writer_0/inst/sha256_inst/W_reg[41][16]/D (clocked by clk_out1_MB_clk_wiz_0_2). Large setup violations at the end of those stages might be difficult to fix during the post-placement implementation flow and could be the result of non-optimal XDC constraints or non-optimal design architecture
Related violations: <none>

TIMING-16#275 Warning
Large setup violation  
There is a large setup violation of -1.239 ns between MB_i/simple_axi_writer_0/inst/sha256_inst/round_count_reg[2]_replica_2/C (clocked by clk_out1_MB_clk_wiz_0_2) and MB_i/simple_axi_writer_0/inst/sha256_inst/W_reg[26][4]/D (clocked by clk_out1_MB_clk_wiz_0_2). Large setup violations at the end of those stages might be difficult to fix during the post-placement implementation flow and could be the result of non-optimal XDC constraints or non-optimal design architecture
Related violations: <none>

TIMING-16#276 Warning
Large setup violation  
There is a large setup violation of -1.240 ns between MB_i/simple_axi_writer_0/inst/sha256_inst/round_count_reg[2]_replica_2/C (clocked by clk_out1_MB_clk_wiz_0_2) and MB_i/simple_axi_writer_0/inst/sha256_inst/W_reg[18][27]/D (clocked by clk_out1_MB_clk_wiz_0_2). Large setup violations at the end of those stages might be difficult to fix during the post-placement implementation flow and could be the result of non-optimal XDC constraints or non-optimal design architecture
Related violations: <none>

TIMING-16#277 Warning
Large setup violation  
There is a large setup violation of -1.240 ns between MB_i/simple_axi_writer_0/inst/sha256_inst/round_count_reg[2]_replica_2/C (clocked by clk_out1_MB_clk_wiz_0_2) and MB_i/simple_axi_writer_0/inst/sha256_inst/W_reg[57][18]/D (clocked by clk_out1_MB_clk_wiz_0_2). Large setup violations at the end of those stages might be difficult to fix during the post-placement implementation flow and could be the result of non-optimal XDC constraints or non-optimal design architecture
Related violations: <none>

TIMING-16#278 Warning
Large setup violation  
There is a large setup violation of -1.243 ns between MB_i/simple_axi_writer_0/inst/sha256_inst/round_count_reg[2]_replica_2/C (clocked by clk_out1_MB_clk_wiz_0_2) and MB_i/simple_axi_writer_0/inst/sha256_inst/W_reg[18][24]/D (clocked by clk_out1_MB_clk_wiz_0_2). Large setup violations at the end of those stages might be difficult to fix during the post-placement implementation flow and could be the result of non-optimal XDC constraints or non-optimal design architecture
Related violations: <none>

TIMING-16#279 Warning
Large setup violation  
There is a large setup violation of -1.244 ns between MB_i/simple_axi_writer_0/inst/sha256_inst/round_count_reg[2]_replica_2/C (clocked by clk_out1_MB_clk_wiz_0_2) and MB_i/simple_axi_writer_0/inst/sha256_inst/W_reg[43][16]/D (clocked by clk_out1_MB_clk_wiz_0_2). Large setup violations at the end of those stages might be difficult to fix during the post-placement implementation flow and could be the result of non-optimal XDC constraints or non-optimal design architecture
Related violations: <none>

TIMING-16#280 Warning
Large setup violation  
There is a large setup violation of -1.245 ns between MB_i/simple_axi_writer_0/inst/sha256_inst/round_count_reg[2]_replica_2/C (clocked by clk_out1_MB_clk_wiz_0_2) and MB_i/simple_axi_writer_0/inst/sha256_inst/W_reg[34][28]/D (clocked by clk_out1_MB_clk_wiz_0_2). Large setup violations at the end of those stages might be difficult to fix during the post-placement implementation flow and could be the result of non-optimal XDC constraints or non-optimal design architecture
Related violations: <none>

TIMING-16#281 Warning
Large setup violation  
There is a large setup violation of -1.247 ns between MB_i/simple_axi_writer_0/inst/sha256_inst/round_count_reg[2]_replica_2/C (clocked by clk_out1_MB_clk_wiz_0_2) and MB_i/simple_axi_writer_0/inst/sha256_inst/W_reg[28][11]/D (clocked by clk_out1_MB_clk_wiz_0_2). Large setup violations at the end of those stages might be difficult to fix during the post-placement implementation flow and could be the result of non-optimal XDC constraints or non-optimal design architecture
Related violations: <none>

TIMING-16#282 Warning
Large setup violation  
There is a large setup violation of -1.248 ns between MB_i/simple_axi_writer_0/inst/sha256_inst/round_count_reg[2]_replica_2/C (clocked by clk_out1_MB_clk_wiz_0_2) and MB_i/simple_axi_writer_0/inst/sha256_inst/W_reg[63][23]/D (clocked by clk_out1_MB_clk_wiz_0_2). Large setup violations at the end of those stages might be difficult to fix during the post-placement implementation flow and could be the result of non-optimal XDC constraints or non-optimal design architecture
Related violations: <none>

TIMING-16#283 Warning
Large setup violation  
There is a large setup violation of -1.249 ns between MB_i/simple_axi_writer_0/inst/sha256_inst/round_count_reg[2]_replica_2/C (clocked by clk_out1_MB_clk_wiz_0_2) and MB_i/simple_axi_writer_0/inst/sha256_inst/W_reg[23][6]/D (clocked by clk_out1_MB_clk_wiz_0_2). Large setup violations at the end of those stages might be difficult to fix during the post-placement implementation flow and could be the result of non-optimal XDC constraints or non-optimal design architecture
Related violations: <none>

TIMING-16#284 Warning
Large setup violation  
There is a large setup violation of -1.250 ns between MB_i/simple_axi_writer_0/inst/sha256_inst/round_count_reg[2]_replica_2/C (clocked by clk_out1_MB_clk_wiz_0_2) and MB_i/simple_axi_writer_0/inst/sha256_inst/W_reg[25][21]/D (clocked by clk_out1_MB_clk_wiz_0_2). Large setup violations at the end of those stages might be difficult to fix during the post-placement implementation flow and could be the result of non-optimal XDC constraints or non-optimal design architecture
Related violations: <none>

TIMING-16#285 Warning
Large setup violation  
There is a large setup violation of -1.251 ns between MB_i/simple_axi_writer_0/inst/sha256_inst/round_count_reg[2]_replica_2/C (clocked by clk_out1_MB_clk_wiz_0_2) and MB_i/simple_axi_writer_0/inst/sha256_inst/W_reg[53][21]/D (clocked by clk_out1_MB_clk_wiz_0_2). Large setup violations at the end of those stages might be difficult to fix during the post-placement implementation flow and could be the result of non-optimal XDC constraints or non-optimal design architecture
Related violations: <none>

TIMING-16#286 Warning
Large setup violation  
There is a large setup violation of -1.252 ns between MB_i/simple_axi_writer_0/inst/sha256_inst/round_count_reg[2]_replica_2/C (clocked by clk_out1_MB_clk_wiz_0_2) and MB_i/simple_axi_writer_0/inst/sha256_inst/W_reg[41][18]/D (clocked by clk_out1_MB_clk_wiz_0_2). Large setup violations at the end of those stages might be difficult to fix during the post-placement implementation flow and could be the result of non-optimal XDC constraints or non-optimal design architecture
Related violations: <none>

TIMING-16#287 Warning
Large setup violation  
There is a large setup violation of -1.253 ns between MB_i/simple_axi_writer_0/inst/sha256_inst/round_count_reg[2]_replica_2/C (clocked by clk_out1_MB_clk_wiz_0_2) and MB_i/simple_axi_writer_0/inst/sha256_inst/W_reg[48][4]/D (clocked by clk_out1_MB_clk_wiz_0_2). Large setup violations at the end of those stages might be difficult to fix during the post-placement implementation flow and could be the result of non-optimal XDC constraints or non-optimal design architecture
Related violations: <none>

TIMING-16#288 Warning
Large setup violation  
There is a large setup violation of -1.255 ns between MB_i/simple_axi_writer_0/inst/sha256_inst/round_count_reg[2]_replica_2/C (clocked by clk_out1_MB_clk_wiz_0_2) and MB_i/simple_axi_writer_0/inst/sha256_inst/W_reg[35][29]/D (clocked by clk_out1_MB_clk_wiz_0_2). Large setup violations at the end of those stages might be difficult to fix during the post-placement implementation flow and could be the result of non-optimal XDC constraints or non-optimal design architecture
Related violations: <none>

TIMING-16#289 Warning
Large setup violation  
There is a large setup violation of -1.256 ns between MB_i/simple_axi_writer_0/inst/sha256_inst/round_count_reg[2]_replica_2/C (clocked by clk_out1_MB_clk_wiz_0_2) and MB_i/simple_axi_writer_0/inst/sha256_inst/W_reg[17][13]/D (clocked by clk_out1_MB_clk_wiz_0_2). Large setup violations at the end of those stages might be difficult to fix during the post-placement implementation flow and could be the result of non-optimal XDC constraints or non-optimal design architecture
Related violations: <none>

TIMING-16#290 Warning
Large setup violation  
There is a large setup violation of -1.256 ns between MB_i/simple_axi_writer_0/inst/sha256_inst/round_count_reg[2]_replica_2/C (clocked by clk_out1_MB_clk_wiz_0_2) and MB_i/simple_axi_writer_0/inst/sha256_inst/W_reg[49][9]/D (clocked by clk_out1_MB_clk_wiz_0_2). Large setup violations at the end of those stages might be difficult to fix during the post-placement implementation flow and could be the result of non-optimal XDC constraints or non-optimal design architecture
Related violations: <none>

TIMING-16#291 Warning
Large setup violation  
There is a large setup violation of -1.257 ns between MB_i/rst_clk_wiz_0_50M/U0/ACTIVE_LOW_PR_OUT_DFF[0].FDRE_PER_N/C (clocked by clk_out1_MB_clk_wiz_0_2) and MB_i/simple_axi_writer_0/inst/sha256_inst/hash_reg[140]/CE (clocked by clk_out1_MB_clk_wiz_0_2). Large setup violations at the end of those stages might be difficult to fix during the post-placement implementation flow and could be the result of non-optimal XDC constraints or non-optimal design architecture
Related violations: <none>

TIMING-16#292 Warning
Large setup violation  
There is a large setup violation of -1.257 ns between MB_i/rst_clk_wiz_0_50M/U0/ACTIVE_LOW_PR_OUT_DFF[0].FDRE_PER_N/C (clocked by clk_out1_MB_clk_wiz_0_2) and MB_i/simple_axi_writer_0/inst/sha256_inst/hash_reg[141]/CE (clocked by clk_out1_MB_clk_wiz_0_2). Large setup violations at the end of those stages might be difficult to fix during the post-placement implementation flow and could be the result of non-optimal XDC constraints or non-optimal design architecture
Related violations: <none>

TIMING-16#293 Warning
Large setup violation  
There is a large setup violation of -1.257 ns between MB_i/rst_clk_wiz_0_50M/U0/ACTIVE_LOW_PR_OUT_DFF[0].FDRE_PER_N/C (clocked by clk_out1_MB_clk_wiz_0_2) and MB_i/simple_axi_writer_0/inst/sha256_inst/hash_reg[142]/CE (clocked by clk_out1_MB_clk_wiz_0_2). Large setup violations at the end of those stages might be difficult to fix during the post-placement implementation flow and could be the result of non-optimal XDC constraints or non-optimal design architecture
Related violations: <none>

TIMING-16#294 Warning
Large setup violation  
There is a large setup violation of -1.257 ns between MB_i/rst_clk_wiz_0_50M/U0/ACTIVE_LOW_PR_OUT_DFF[0].FDRE_PER_N/C (clocked by clk_out1_MB_clk_wiz_0_2) and MB_i/simple_axi_writer_0/inst/sha256_inst/hash_reg[143]/CE (clocked by clk_out1_MB_clk_wiz_0_2). Large setup violations at the end of those stages might be difficult to fix during the post-placement implementation flow and could be the result of non-optimal XDC constraints or non-optimal design architecture
Related violations: <none>

TIMING-16#295 Warning
Large setup violation  
There is a large setup violation of -1.257 ns between MB_i/simple_axi_writer_0/inst/sha256_inst/round_count_reg[2]_replica_2/C (clocked by clk_out1_MB_clk_wiz_0_2) and MB_i/simple_axi_writer_0/inst/sha256_inst/W_reg[39][21]/D (clocked by clk_out1_MB_clk_wiz_0_2). Large setup violations at the end of those stages might be difficult to fix during the post-placement implementation flow and could be the result of non-optimal XDC constraints or non-optimal design architecture
Related violations: <none>

TIMING-16#296 Warning
Large setup violation  
There is a large setup violation of -1.258 ns between MB_i/simple_axi_writer_0/inst/sha256_inst/round_count_reg[2]_replica_2/C (clocked by clk_out1_MB_clk_wiz_0_2) and MB_i/simple_axi_writer_0/inst/sha256_inst/W_reg[52][9]/D (clocked by clk_out1_MB_clk_wiz_0_2). Large setup violations at the end of those stages might be difficult to fix during the post-placement implementation flow and could be the result of non-optimal XDC constraints or non-optimal design architecture
Related violations: <none>

TIMING-16#297 Warning
Large setup violation  
There is a large setup violation of -1.258 ns between MB_i/simple_axi_writer_0/inst/sha256_inst/round_count_reg[2]_replica_2/C (clocked by clk_out1_MB_clk_wiz_0_2) and MB_i/simple_axi_writer_0/inst/sha256_inst/W_reg[58][9]/D (clocked by clk_out1_MB_clk_wiz_0_2). Large setup violations at the end of those stages might be difficult to fix during the post-placement implementation flow and could be the result of non-optimal XDC constraints or non-optimal design architecture
Related violations: <none>

TIMING-16#298 Warning
Large setup violation  
There is a large setup violation of -1.259 ns between MB_i/simple_axi_writer_0/inst/sha256_inst/round_count_reg[2]_replica_2/C (clocked by clk_out1_MB_clk_wiz_0_2) and MB_i/simple_axi_writer_0/inst/sha256_inst/W_reg[27][31]/D (clocked by clk_out1_MB_clk_wiz_0_2). Large setup violations at the end of those stages might be difficult to fix during the post-placement implementation flow and could be the result of non-optimal XDC constraints or non-optimal design architecture
Related violations: <none>

TIMING-16#299 Warning
Large setup violation  
There is a large setup violation of -1.260 ns between MB_i/simple_axi_writer_0/inst/sha256_inst/round_count_reg[2]_replica_2/C (clocked by clk_out1_MB_clk_wiz_0_2) and MB_i/simple_axi_writer_0/inst/sha256_inst/W_reg[43][29]/D (clocked by clk_out1_MB_clk_wiz_0_2). Large setup violations at the end of those stages might be difficult to fix during the post-placement implementation flow and could be the result of non-optimal XDC constraints or non-optimal design architecture
Related violations: <none>

TIMING-16#300 Warning
Large setup violation  
There is a large setup violation of -1.261 ns between MB_i/simple_axi_writer_0/inst/sha256_inst/round_count_reg[2]_replica_2/C (clocked by clk_out1_MB_clk_wiz_0_2) and MB_i/simple_axi_writer_0/inst/sha256_inst/W_reg[47][30]/D (clocked by clk_out1_MB_clk_wiz_0_2). Large setup violations at the end of those stages might be difficult to fix during the post-placement implementation flow and could be the result of non-optimal XDC constraints or non-optimal design architecture
Related violations: <none>

TIMING-16#301 Warning
Large setup violation  
There is a large setup violation of -1.262 ns between MB_i/simple_axi_writer_0/inst/sha256_inst/round_count_reg[2]_replica_1/C (clocked by clk_out1_MB_clk_wiz_0_2) and MB_i/simple_axi_writer_0/inst/sha256_inst/W_reg[54][1]/D (clocked by clk_out1_MB_clk_wiz_0_2). Large setup violations at the end of those stages might be difficult to fix during the post-placement implementation flow and could be the result of non-optimal XDC constraints or non-optimal design architecture
Related violations: <none>

TIMING-16#302 Warning
Large setup violation  
There is a large setup violation of -1.262 ns between MB_i/simple_axi_writer_0/inst/sha256_inst/round_count_reg[2]_replica_2/C (clocked by clk_out1_MB_clk_wiz_0_2) and MB_i/simple_axi_writer_0/inst/sha256_inst/W_reg[43][14]/D (clocked by clk_out1_MB_clk_wiz_0_2). Large setup violations at the end of those stages might be difficult to fix during the post-placement implementation flow and could be the result of non-optimal XDC constraints or non-optimal design architecture
Related violations: <none>

TIMING-16#303 Warning
Large setup violation  
There is a large setup violation of -1.264 ns between MB_i/simple_axi_writer_0/inst/sha256_inst/round_count_reg[2]_replica_2/C (clocked by clk_out1_MB_clk_wiz_0_2) and MB_i/simple_axi_writer_0/inst/sha256_inst/W_reg[56][26]/D (clocked by clk_out1_MB_clk_wiz_0_2). Large setup violations at the end of those stages might be difficult to fix during the post-placement implementation flow and could be the result of non-optimal XDC constraints or non-optimal design architecture
Related violations: <none>

TIMING-16#304 Warning
Large setup violation  
There is a large setup violation of -1.266 ns between MB_i/simple_axi_writer_0/inst/sha256_inst/round_count_reg[2]_replica_2/C (clocked by clk_out1_MB_clk_wiz_0_2) and MB_i/simple_axi_writer_0/inst/sha256_inst/W_reg[34][16]/D (clocked by clk_out1_MB_clk_wiz_0_2). Large setup violations at the end of those stages might be difficult to fix during the post-placement implementation flow and could be the result of non-optimal XDC constraints or non-optimal design architecture
Related violations: <none>

TIMING-16#305 Warning
Large setup violation  
There is a large setup violation of -1.269 ns between MB_i/simple_axi_writer_0/inst/sha256_inst/round_count_reg[2]_replica_2/C (clocked by clk_out1_MB_clk_wiz_0_2) and MB_i/simple_axi_writer_0/inst/sha256_inst/W_reg[59][7]/D (clocked by clk_out1_MB_clk_wiz_0_2). Large setup violations at the end of those stages might be difficult to fix during the post-placement implementation flow and could be the result of non-optimal XDC constraints or non-optimal design architecture
Related violations: <none>

TIMING-16#306 Warning
Large setup violation  
There is a large setup violation of -1.270 ns between MB_i/simple_axi_writer_0/inst/sha256_inst/round_count_reg[2]_replica_2/C (clocked by clk_out1_MB_clk_wiz_0_2) and MB_i/simple_axi_writer_0/inst/sha256_inst/W_reg[21][17]/D (clocked by clk_out1_MB_clk_wiz_0_2). Large setup violations at the end of those stages might be difficult to fix during the post-placement implementation flow and could be the result of non-optimal XDC constraints or non-optimal design architecture
Related violations: <none>

TIMING-16#307 Warning
Large setup violation  
There is a large setup violation of -1.273 ns between MB_i/simple_axi_writer_0/inst/sha256_inst/round_count_reg[2]_replica_2/C (clocked by clk_out1_MB_clk_wiz_0_2) and MB_i/simple_axi_writer_0/inst/sha256_inst/W_reg[20][28]/D (clocked by clk_out1_MB_clk_wiz_0_2). Large setup violations at the end of those stages might be difficult to fix during the post-placement implementation flow and could be the result of non-optimal XDC constraints or non-optimal design architecture
Related violations: <none>

TIMING-16#308 Warning
Large setup violation  
There is a large setup violation of -1.275 ns between MB_i/simple_axi_writer_0/inst/sha256_inst/round_count_reg[2]_replica_2/C (clocked by clk_out1_MB_clk_wiz_0_2) and MB_i/simple_axi_writer_0/inst/sha256_inst/W_reg[47][27]/D (clocked by clk_out1_MB_clk_wiz_0_2). Large setup violations at the end of those stages might be difficult to fix during the post-placement implementation flow and could be the result of non-optimal XDC constraints or non-optimal design architecture
Related violations: <none>

TIMING-16#309 Warning
Large setup violation  
There is a large setup violation of -1.276 ns between MB_i/simple_axi_writer_0/inst/sha256_inst/round_count_reg[2]_replica_2/C (clocked by clk_out1_MB_clk_wiz_0_2) and MB_i/simple_axi_writer_0/inst/sha256_inst/W_reg[53][8]/D (clocked by clk_out1_MB_clk_wiz_0_2). Large setup violations at the end of those stages might be difficult to fix during the post-placement implementation flow and could be the result of non-optimal XDC constraints or non-optimal design architecture
Related violations: <none>

TIMING-16#310 Warning
Large setup violation  
There is a large setup violation of -1.277 ns between MB_i/simple_axi_writer_0/inst/sha256_inst/round_count_reg[2]_replica_2/C (clocked by clk_out1_MB_clk_wiz_0_2) and MB_i/simple_axi_writer_0/inst/sha256_inst/W_reg[26][29]/D (clocked by clk_out1_MB_clk_wiz_0_2). Large setup violations at the end of those stages might be difficult to fix during the post-placement implementation flow and could be the result of non-optimal XDC constraints or non-optimal design architecture
Related violations: <none>

TIMING-16#311 Warning
Large setup violation  
There is a large setup violation of -1.279 ns between MB_i/simple_axi_writer_0/inst/sha256_inst/round_count_reg[2]_replica_2/C (clocked by clk_out1_MB_clk_wiz_0_2) and MB_i/simple_axi_writer_0/inst/sha256_inst/W_reg[54][27]/D (clocked by clk_out1_MB_clk_wiz_0_2). Large setup violations at the end of those stages might be difficult to fix during the post-placement implementation flow and could be the result of non-optimal XDC constraints or non-optimal design architecture
Related violations: <none>

TIMING-16#312 Warning
Large setup violation  
There is a large setup violation of -1.280 ns between MB_i/simple_axi_writer_0/inst/sha256_inst/round_count_reg[2]_replica_2/C (clocked by clk_out1_MB_clk_wiz_0_2) and MB_i/simple_axi_writer_0/inst/sha256_inst/W_reg[48][10]/D (clocked by clk_out1_MB_clk_wiz_0_2). Large setup violations at the end of those stages might be difficult to fix during the post-placement implementation flow and could be the result of non-optimal XDC constraints or non-optimal design architecture
Related violations: <none>

TIMING-16#313 Warning
Large setup violation  
There is a large setup violation of -1.282 ns between MB_i/simple_axi_writer_0/inst/sha256_inst/round_count_reg[2]_replica_2/C (clocked by clk_out1_MB_clk_wiz_0_2) and MB_i/simple_axi_writer_0/inst/sha256_inst/W_reg[30][6]/D (clocked by clk_out1_MB_clk_wiz_0_2). Large setup violations at the end of those stages might be difficult to fix during the post-placement implementation flow and could be the result of non-optimal XDC constraints or non-optimal design architecture
Related violations: <none>

TIMING-16#314 Warning
Large setup violation  
There is a large setup violation of -1.283 ns between MB_i/simple_axi_writer_0/inst/sha256_inst/round_count_reg[2]_replica_2/C (clocked by clk_out1_MB_clk_wiz_0_2) and MB_i/simple_axi_writer_0/inst/sha256_inst/W_reg[21][8]/D (clocked by clk_out1_MB_clk_wiz_0_2). Large setup violations at the end of those stages might be difficult to fix during the post-placement implementation flow and could be the result of non-optimal XDC constraints or non-optimal design architecture
Related violations: <none>

TIMING-16#315 Warning
Large setup violation  
There is a large setup violation of -1.283 ns between MB_i/simple_axi_writer_0/inst/sha256_inst/round_count_reg[2]_replica_2/C (clocked by clk_out1_MB_clk_wiz_0_2) and MB_i/simple_axi_writer_0/inst/sha256_inst/W_reg[48][11]/D (clocked by clk_out1_MB_clk_wiz_0_2). Large setup violations at the end of those stages might be difficult to fix during the post-placement implementation flow and could be the result of non-optimal XDC constraints or non-optimal design architecture
Related violations: <none>

TIMING-16#316 Warning
Large setup violation  
There is a large setup violation of -1.290 ns between MB_i/simple_axi_writer_0/inst/sha256_inst/round_count_reg[2]_replica_2/C (clocked by clk_out1_MB_clk_wiz_0_2) and MB_i/simple_axi_writer_0/inst/sha256_inst/W_reg[36][6]/D (clocked by clk_out1_MB_clk_wiz_0_2). Large setup violations at the end of those stages might be difficult to fix during the post-placement implementation flow and could be the result of non-optimal XDC constraints or non-optimal design architecture
Related violations: <none>

TIMING-16#317 Warning
Large setup violation  
There is a large setup violation of -1.290 ns between MB_i/simple_axi_writer_0/inst/sha256_inst/round_count_reg[2]_replica_2/C (clocked by clk_out1_MB_clk_wiz_0_2) and MB_i/simple_axi_writer_0/inst/sha256_inst/W_reg[46][27]/D (clocked by clk_out1_MB_clk_wiz_0_2). Large setup violations at the end of those stages might be difficult to fix during the post-placement implementation flow and could be the result of non-optimal XDC constraints or non-optimal design architecture
Related violations: <none>

TIMING-16#318 Warning
Large setup violation  
There is a large setup violation of -1.291 ns between MB_i/simple_axi_writer_0/inst/sha256_inst/round_count_reg[2]_replica_2/C (clocked by clk_out1_MB_clk_wiz_0_2) and MB_i/simple_axi_writer_0/inst/sha256_inst/W_reg[51][9]/D (clocked by clk_out1_MB_clk_wiz_0_2). Large setup violations at the end of those stages might be difficult to fix during the post-placement implementation flow and could be the result of non-optimal XDC constraints or non-optimal design architecture
Related violations: <none>

TIMING-16#319 Warning
Large setup violation  
There is a large setup violation of -1.292 ns between MB_i/simple_axi_writer_0/inst/sha256_inst/round_count_reg[2]_replica_2/C (clocked by clk_out1_MB_clk_wiz_0_2) and MB_i/simple_axi_writer_0/inst/sha256_inst/W_reg[16][17]/D (clocked by clk_out1_MB_clk_wiz_0_2). Large setup violations at the end of those stages might be difficult to fix during the post-placement implementation flow and could be the result of non-optimal XDC constraints or non-optimal design architecture
Related violations: <none>

TIMING-16#320 Warning
Large setup violation  
There is a large setup violation of -1.292 ns between MB_i/simple_axi_writer_0/inst/sha256_inst/round_count_reg[2]_replica_2/C (clocked by clk_out1_MB_clk_wiz_0_2) and MB_i/simple_axi_writer_0/inst/sha256_inst/W_reg[27][18]/D (clocked by clk_out1_MB_clk_wiz_0_2). Large setup violations at the end of those stages might be difficult to fix during the post-placement implementation flow and could be the result of non-optimal XDC constraints or non-optimal design architecture
Related violations: <none>

TIMING-16#321 Warning
Large setup violation  
There is a large setup violation of -1.292 ns between MB_i/simple_axi_writer_0/inst/sha256_inst/round_count_reg[2]_replica_2/C (clocked by clk_out1_MB_clk_wiz_0_2) and MB_i/simple_axi_writer_0/inst/sha256_inst/W_reg[28][24]/D (clocked by clk_out1_MB_clk_wiz_0_2). Large setup violations at the end of those stages might be difficult to fix during the post-placement implementation flow and could be the result of non-optimal XDC constraints or non-optimal design architecture
Related violations: <none>

TIMING-16#322 Warning
Large setup violation  
There is a large setup violation of -1.293 ns between MB_i/simple_axi_writer_0/inst/sha256_inst/round_count_reg[2]_replica_2/C (clocked by clk_out1_MB_clk_wiz_0_2) and MB_i/simple_axi_writer_0/inst/sha256_inst/W_reg[19][21]/D (clocked by clk_out1_MB_clk_wiz_0_2). Large setup violations at the end of those stages might be difficult to fix during the post-placement implementation flow and could be the result of non-optimal XDC constraints or non-optimal design architecture
Related violations: <none>

TIMING-16#323 Warning
Large setup violation  
There is a large setup violation of -1.294 ns between MB_i/simple_axi_writer_0/inst/sha256_inst/round_count_reg[2]_replica_2/C (clocked by clk_out1_MB_clk_wiz_0_2) and MB_i/simple_axi_writer_0/inst/sha256_inst/W_reg[58][10]/D (clocked by clk_out1_MB_clk_wiz_0_2). Large setup violations at the end of those stages might be difficult to fix during the post-placement implementation flow and could be the result of non-optimal XDC constraints or non-optimal design architecture
Related violations: <none>

TIMING-16#324 Warning
Large setup violation  
There is a large setup violation of -1.299 ns between MB_i/simple_axi_writer_0/inst/sha256_inst/round_count_reg[2]_replica_2/C (clocked by clk_out1_MB_clk_wiz_0_2) and MB_i/simple_axi_writer_0/inst/sha256_inst/W_reg[59][28]/D (clocked by clk_out1_MB_clk_wiz_0_2). Large setup violations at the end of those stages might be difficult to fix during the post-placement implementation flow and could be the result of non-optimal XDC constraints or non-optimal design architecture
Related violations: <none>

TIMING-16#325 Warning
Large setup violation  
There is a large setup violation of -1.302 ns between MB_i/simple_axi_writer_0/inst/sha256_inst/round_count_reg[2]_replica_2/C (clocked by clk_out1_MB_clk_wiz_0_2) and MB_i/simple_axi_writer_0/inst/sha256_inst/W_reg[40][16]/D (clocked by clk_out1_MB_clk_wiz_0_2). Large setup violations at the end of those stages might be difficult to fix during the post-placement implementation flow and could be the result of non-optimal XDC constraints or non-optimal design architecture
Related violations: <none>

TIMING-16#326 Warning
Large setup violation  
There is a large setup violation of -1.302 ns between MB_i/simple_axi_writer_0/inst/sha256_inst/round_count_reg[2]_replica_2/C (clocked by clk_out1_MB_clk_wiz_0_2) and MB_i/simple_axi_writer_0/inst/sha256_inst/W_reg[40][27]/D (clocked by clk_out1_MB_clk_wiz_0_2). Large setup violations at the end of those stages might be difficult to fix during the post-placement implementation flow and could be the result of non-optimal XDC constraints or non-optimal design architecture
Related violations: <none>

TIMING-16#327 Warning
Large setup violation  
There is a large setup violation of -1.303 ns between MB_i/simple_axi_writer_0/inst/sha256_inst/round_count_reg[2]_replica_2/C (clocked by clk_out1_MB_clk_wiz_0_2) and MB_i/simple_axi_writer_0/inst/sha256_inst/W_reg[16][11]/D (clocked by clk_out1_MB_clk_wiz_0_2). Large setup violations at the end of those stages might be difficult to fix during the post-placement implementation flow and could be the result of non-optimal XDC constraints or non-optimal design architecture
Related violations: <none>

TIMING-16#328 Warning
Large setup violation  
There is a large setup violation of -1.303 ns between MB_i/simple_axi_writer_0/inst/sha256_inst/round_count_reg[2]_replica_2/C (clocked by clk_out1_MB_clk_wiz_0_2) and MB_i/simple_axi_writer_0/inst/sha256_inst/W_reg[63][27]/D (clocked by clk_out1_MB_clk_wiz_0_2). Large setup violations at the end of those stages might be difficult to fix during the post-placement implementation flow and could be the result of non-optimal XDC constraints or non-optimal design architecture
Related violations: <none>

TIMING-16#329 Warning
Large setup violation  
There is a large setup violation of -1.305 ns between MB_i/simple_axi_writer_0/inst/sha256_inst/round_count_reg[2]_replica_2/C (clocked by clk_out1_MB_clk_wiz_0_2) and MB_i/simple_axi_writer_0/inst/sha256_inst/W_reg[29][21]/D (clocked by clk_out1_MB_clk_wiz_0_2). Large setup violations at the end of those stages might be difficult to fix during the post-placement implementation flow and could be the result of non-optimal XDC constraints or non-optimal design architecture
Related violations: <none>

TIMING-16#330 Warning
Large setup violation  
There is a large setup violation of -1.309 ns between MB_i/simple_axi_writer_0/inst/sha256_inst/round_count_reg[2]_replica_2/C (clocked by clk_out1_MB_clk_wiz_0_2) and MB_i/simple_axi_writer_0/inst/sha256_inst/W_reg[40][6]/D (clocked by clk_out1_MB_clk_wiz_0_2). Large setup violations at the end of those stages might be difficult to fix during the post-placement implementation flow and could be the result of non-optimal XDC constraints or non-optimal design architecture
Related violations: <none>

TIMING-16#331 Warning
Large setup violation  
There is a large setup violation of -1.309 ns between MB_i/simple_axi_writer_0/inst/sha256_inst/round_count_reg[2]_replica_2/C (clocked by clk_out1_MB_clk_wiz_0_2) and MB_i/simple_axi_writer_0/inst/sha256_inst/W_reg[47][10]/D (clocked by clk_out1_MB_clk_wiz_0_2). Large setup violations at the end of those stages might be difficult to fix during the post-placement implementation flow and could be the result of non-optimal XDC constraints or non-optimal design architecture
Related violations: <none>

TIMING-16#332 Warning
Large setup violation  
There is a large setup violation of -1.310 ns between MB_i/simple_axi_writer_0/inst/sha256_inst/round_count_reg[2]_replica_2/C (clocked by clk_out1_MB_clk_wiz_0_2) and MB_i/simple_axi_writer_0/inst/sha256_inst/W_reg[27][24]/D (clocked by clk_out1_MB_clk_wiz_0_2). Large setup violations at the end of those stages might be difficult to fix during the post-placement implementation flow and could be the result of non-optimal XDC constraints or non-optimal design architecture
Related violations: <none>

TIMING-16#333 Warning
Large setup violation  
There is a large setup violation of -1.310 ns between MB_i/simple_axi_writer_0/inst/sha256_inst/round_count_reg[2]_replica_2/C (clocked by clk_out1_MB_clk_wiz_0_2) and MB_i/simple_axi_writer_0/inst/sha256_inst/W_reg[28][4]/D (clocked by clk_out1_MB_clk_wiz_0_2). Large setup violations at the end of those stages might be difficult to fix during the post-placement implementation flow and could be the result of non-optimal XDC constraints or non-optimal design architecture
Related violations: <none>

TIMING-16#334 Warning
Large setup violation  
There is a large setup violation of -1.312 ns between MB_i/simple_axi_writer_0/inst/sha256_inst/round_count_reg[2]_replica_2/C (clocked by clk_out1_MB_clk_wiz_0_2) and MB_i/simple_axi_writer_0/inst/sha256_inst/W_reg[44][29]/D (clocked by clk_out1_MB_clk_wiz_0_2). Large setup violations at the end of those stages might be difficult to fix during the post-placement implementation flow and could be the result of non-optimal XDC constraints or non-optimal design architecture
Related violations: <none>

TIMING-16#335 Warning
Large setup violation  
There is a large setup violation of -1.312 ns between MB_i/simple_axi_writer_0/inst/sha256_inst/round_count_reg[2]_replica_2/C (clocked by clk_out1_MB_clk_wiz_0_2) and MB_i/simple_axi_writer_0/inst/sha256_inst/W_reg[55][11]/D (clocked by clk_out1_MB_clk_wiz_0_2). Large setup violations at the end of those stages might be difficult to fix during the post-placement implementation flow and could be the result of non-optimal XDC constraints or non-optimal design architecture
Related violations: <none>

TIMING-16#336 Warning
Large setup violation  
There is a large setup violation of -1.314 ns between MB_i/simple_axi_writer_0/inst/sha256_inst/round_count_reg[2]_replica_2/C (clocked by clk_out1_MB_clk_wiz_0_2) and MB_i/simple_axi_writer_0/inst/sha256_inst/W_reg[16][20]/D (clocked by clk_out1_MB_clk_wiz_0_2). Large setup violations at the end of those stages might be difficult to fix during the post-placement implementation flow and could be the result of non-optimal XDC constraints or non-optimal design architecture
Related violations: <none>

TIMING-16#337 Warning
Large setup violation  
There is a large setup violation of -1.315 ns between MB_i/simple_axi_writer_0/inst/sha256_inst/round_count_reg[2]_replica_2/C (clocked by clk_out1_MB_clk_wiz_0_2) and MB_i/simple_axi_writer_0/inst/sha256_inst/W_reg[22][29]/D (clocked by clk_out1_MB_clk_wiz_0_2). Large setup violations at the end of those stages might be difficult to fix during the post-placement implementation flow and could be the result of non-optimal XDC constraints or non-optimal design architecture
Related violations: <none>

TIMING-16#338 Warning
Large setup violation  
There is a large setup violation of -1.317 ns between MB_i/simple_axi_writer_0/inst/sha256_inst/round_count_reg[2]_replica_2/C (clocked by clk_out1_MB_clk_wiz_0_2) and MB_i/simple_axi_writer_0/inst/sha256_inst/W_reg[19][13]/D (clocked by clk_out1_MB_clk_wiz_0_2). Large setup violations at the end of those stages might be difficult to fix during the post-placement implementation flow and could be the result of non-optimal XDC constraints or non-optimal design architecture
Related violations: <none>

TIMING-16#339 Warning
Large setup violation  
There is a large setup violation of -1.317 ns between MB_i/simple_axi_writer_0/inst/sha256_inst/round_count_reg[2]_replica_2/C (clocked by clk_out1_MB_clk_wiz_0_2) and MB_i/simple_axi_writer_0/inst/sha256_inst/W_reg[42][8]/D (clocked by clk_out1_MB_clk_wiz_0_2). Large setup violations at the end of those stages might be difficult to fix during the post-placement implementation flow and could be the result of non-optimal XDC constraints or non-optimal design architecture
Related violations: <none>

TIMING-16#340 Warning
Large setup violation  
There is a large setup violation of -1.318 ns between MB_i/simple_axi_writer_0/inst/sha256_inst/round_count_reg[2]_replica_2/C (clocked by clk_out1_MB_clk_wiz_0_2) and MB_i/simple_axi_writer_0/inst/sha256_inst/W_reg[19][8]/D (clocked by clk_out1_MB_clk_wiz_0_2). Large setup violations at the end of those stages might be difficult to fix during the post-placement implementation flow and could be the result of non-optimal XDC constraints or non-optimal design architecture
Related violations: <none>

TIMING-16#341 Warning
Large setup violation  
There is a large setup violation of -1.319 ns between MB_i/simple_axi_writer_0/inst/sha256_inst/round_count_reg[2]_replica_2/C (clocked by clk_out1_MB_clk_wiz_0_2) and MB_i/simple_axi_writer_0/inst/sha256_inst/W_reg[28][16]/D (clocked by clk_out1_MB_clk_wiz_0_2). Large setup violations at the end of those stages might be difficult to fix during the post-placement implementation flow and could be the result of non-optimal XDC constraints or non-optimal design architecture
Related violations: <none>

TIMING-16#342 Warning
Large setup violation  
There is a large setup violation of -1.320 ns between MB_i/simple_axi_writer_0/inst/sha256_inst/round_count_reg[2]_replica_2/C (clocked by clk_out1_MB_clk_wiz_0_2) and MB_i/simple_axi_writer_0/inst/sha256_inst/W_reg[22][6]/D (clocked by clk_out1_MB_clk_wiz_0_2). Large setup violations at the end of those stages might be difficult to fix during the post-placement implementation flow and could be the result of non-optimal XDC constraints or non-optimal design architecture
Related violations: <none>

TIMING-16#343 Warning
Large setup violation  
There is a large setup violation of -1.320 ns between MB_i/simple_axi_writer_0/inst/sha256_inst/round_count_reg[2]_replica_2/C (clocked by clk_out1_MB_clk_wiz_0_2) and MB_i/simple_axi_writer_0/inst/sha256_inst/W_reg[30][28]/D (clocked by clk_out1_MB_clk_wiz_0_2). Large setup violations at the end of those stages might be difficult to fix during the post-placement implementation flow and could be the result of non-optimal XDC constraints or non-optimal design architecture
Related violations: <none>

TIMING-16#344 Warning
Large setup violation  
There is a large setup violation of -1.320 ns between MB_i/simple_axi_writer_0/inst/sha256_inst/round_count_reg[2]_replica_2/C (clocked by clk_out1_MB_clk_wiz_0_2) and MB_i/simple_axi_writer_0/inst/sha256_inst/W_reg[33][6]/D (clocked by clk_out1_MB_clk_wiz_0_2). Large setup violations at the end of those stages might be difficult to fix during the post-placement implementation flow and could be the result of non-optimal XDC constraints or non-optimal design architecture
Related violations: <none>

TIMING-16#345 Warning
Large setup violation  
There is a large setup violation of -1.321 ns between MB_i/simple_axi_writer_0/inst/sha256_inst/round_count_reg[2]_replica_2/C (clocked by clk_out1_MB_clk_wiz_0_2) and MB_i/simple_axi_writer_0/inst/sha256_inst/W_reg[36][24]/D (clocked by clk_out1_MB_clk_wiz_0_2). Large setup violations at the end of those stages might be difficult to fix during the post-placement implementation flow and could be the result of non-optimal XDC constraints or non-optimal design architecture
Related violations: <none>

TIMING-16#346 Warning
Large setup violation  
There is a large setup violation of -1.321 ns between MB_i/simple_axi_writer_0/inst/sha256_inst/round_count_reg[2]_replica_2/C (clocked by clk_out1_MB_clk_wiz_0_2) and MB_i/simple_axi_writer_0/inst/sha256_inst/W_reg[46][7]/D (clocked by clk_out1_MB_clk_wiz_0_2). Large setup violations at the end of those stages might be difficult to fix during the post-placement implementation flow and could be the result of non-optimal XDC constraints or non-optimal design architecture
Related violations: <none>

TIMING-16#347 Warning
Large setup violation  
There is a large setup violation of -1.324 ns between MB_i/simple_axi_writer_0/inst/sha256_inst/round_count_reg[2]_replica_2/C (clocked by clk_out1_MB_clk_wiz_0_2) and MB_i/simple_axi_writer_0/inst/sha256_inst/W_reg[44][17]/D (clocked by clk_out1_MB_clk_wiz_0_2). Large setup violations at the end of those stages might be difficult to fix during the post-placement implementation flow and could be the result of non-optimal XDC constraints or non-optimal design architecture
Related violations: <none>

TIMING-16#348 Warning
Large setup violation  
There is a large setup violation of -1.326 ns between MB_i/simple_axi_writer_0/inst/sha256_inst/round_count_reg[2]_replica_2/C (clocked by clk_out1_MB_clk_wiz_0_2) and MB_i/simple_axi_writer_0/inst/sha256_inst/W_reg[40][29]/D (clocked by clk_out1_MB_clk_wiz_0_2). Large setup violations at the end of those stages might be difficult to fix during the post-placement implementation flow and could be the result of non-optimal XDC constraints or non-optimal design architecture
Related violations: <none>

TIMING-16#349 Warning
Large setup violation  
There is a large setup violation of -1.326 ns between MB_i/simple_axi_writer_0/inst/sha256_inst/round_count_reg[2]_replica_2/C (clocked by clk_out1_MB_clk_wiz_0_2) and MB_i/simple_axi_writer_0/inst/sha256_inst/W_reg[48][7]/D (clocked by clk_out1_MB_clk_wiz_0_2). Large setup violations at the end of those stages might be difficult to fix during the post-placement implementation flow and could be the result of non-optimal XDC constraints or non-optimal design architecture
Related violations: <none>

TIMING-16#350 Warning
Large setup violation  
There is a large setup violation of -1.326 ns between MB_i/simple_axi_writer_0/inst/sha256_inst/round_count_reg[2]_replica_2/C (clocked by clk_out1_MB_clk_wiz_0_2) and MB_i/simple_axi_writer_0/inst/sha256_inst/W_reg[51][14]/D (clocked by clk_out1_MB_clk_wiz_0_2). Large setup violations at the end of those stages might be difficult to fix during the post-placement implementation flow and could be the result of non-optimal XDC constraints or non-optimal design architecture
Related violations: <none>

TIMING-16#351 Warning
Large setup violation  
There is a large setup violation of -1.328 ns between MB_i/simple_axi_writer_0/inst/sha256_inst/round_count_reg[2]_replica_2/C (clocked by clk_out1_MB_clk_wiz_0_2) and MB_i/simple_axi_writer_0/inst/sha256_inst/W_reg[20][25]/D (clocked by clk_out1_MB_clk_wiz_0_2). Large setup violations at the end of those stages might be difficult to fix during the post-placement implementation flow and could be the result of non-optimal XDC constraints or non-optimal design architecture
Related violations: <none>

TIMING-16#352 Warning
Large setup violation  
There is a large setup violation of -1.330 ns between MB_i/simple_axi_writer_0/inst/sha256_inst/round_count_reg[2]_replica_2/C (clocked by clk_out1_MB_clk_wiz_0_2) and MB_i/simple_axi_writer_0/inst/sha256_inst/W_reg[37][28]/D (clocked by clk_out1_MB_clk_wiz_0_2). Large setup violations at the end of those stages might be difficult to fix during the post-placement implementation flow and could be the result of non-optimal XDC constraints or non-optimal design architecture
Related violations: <none>

TIMING-16#353 Warning
Large setup violation  
There is a large setup violation of -1.331 ns between MB_i/simple_axi_writer_0/inst/sha256_inst/round_count_reg[2]_replica_2/C (clocked by clk_out1_MB_clk_wiz_0_2) and MB_i/simple_axi_writer_0/inst/sha256_inst/W_reg[21][27]/D (clocked by clk_out1_MB_clk_wiz_0_2). Large setup violations at the end of those stages might be difficult to fix during the post-placement implementation flow and could be the result of non-optimal XDC constraints or non-optimal design architecture
Related violations: <none>

TIMING-16#354 Warning
Large setup violation  
There is a large setup violation of -1.332 ns between MB_i/simple_axi_writer_0/inst/sha256_inst/round_count_reg[2]_replica_2/C (clocked by clk_out1_MB_clk_wiz_0_2) and MB_i/simple_axi_writer_0/inst/sha256_inst/W_reg[49][29]/D (clocked by clk_out1_MB_clk_wiz_0_2). Large setup violations at the end of those stages might be difficult to fix during the post-placement implementation flow and could be the result of non-optimal XDC constraints or non-optimal design architecture
Related violations: <none>

TIMING-16#355 Warning
Large setup violation  
There is a large setup violation of -1.334 ns between MB_i/simple_axi_writer_0/inst/sha256_inst/round_count_reg[2]_replica_2/C (clocked by clk_out1_MB_clk_wiz_0_2) and MB_i/simple_axi_writer_0/inst/sha256_inst/W_reg[32][10]/D (clocked by clk_out1_MB_clk_wiz_0_2). Large setup violations at the end of those stages might be difficult to fix during the post-placement implementation flow and could be the result of non-optimal XDC constraints or non-optimal design architecture
Related violations: <none>

TIMING-16#356 Warning
Large setup violation  
There is a large setup violation of -1.336 ns between MB_i/simple_axi_writer_0/inst/sha256_inst/round_count_reg[2]_replica_2/C (clocked by clk_out1_MB_clk_wiz_0_2) and MB_i/simple_axi_writer_0/inst/sha256_inst/W_reg[47][18]/D (clocked by clk_out1_MB_clk_wiz_0_2). Large setup violations at the end of those stages might be difficult to fix during the post-placement implementation flow and could be the result of non-optimal XDC constraints or non-optimal design architecture
Related violations: <none>

TIMING-16#357 Warning
Large setup violation  
There is a large setup violation of -1.337 ns between MB_i/simple_axi_writer_0/inst/sha256_inst/round_count_reg[2]_replica_2/C (clocked by clk_out1_MB_clk_wiz_0_2) and MB_i/simple_axi_writer_0/inst/sha256_inst/W_reg[17][23]/D (clocked by clk_out1_MB_clk_wiz_0_2). Large setup violations at the end of those stages might be difficult to fix during the post-placement implementation flow and could be the result of non-optimal XDC constraints or non-optimal design architecture
Related violations: <none>

TIMING-16#358 Warning
Large setup violation  
There is a large setup violation of -1.341 ns between MB_i/simple_axi_writer_0/inst/sha256_inst/round_count_reg[2]_replica_2/C (clocked by clk_out1_MB_clk_wiz_0_2) and MB_i/simple_axi_writer_0/inst/sha256_inst/W_reg[61][13]/D (clocked by clk_out1_MB_clk_wiz_0_2). Large setup violations at the end of those stages might be difficult to fix during the post-placement implementation flow and could be the result of non-optimal XDC constraints or non-optimal design architecture
Related violations: <none>

TIMING-16#359 Warning
Large setup violation  
There is a large setup violation of -1.342 ns between MB_i/simple_axi_writer_0/inst/sha256_inst/round_count_reg[2]_replica_2/C (clocked by clk_out1_MB_clk_wiz_0_2) and MB_i/simple_axi_writer_0/inst/sha256_inst/W_reg[30][20]/D (clocked by clk_out1_MB_clk_wiz_0_2). Large setup violations at the end of those stages might be difficult to fix during the post-placement implementation flow and could be the result of non-optimal XDC constraints or non-optimal design architecture
Related violations: <none>

TIMING-16#360 Warning
Large setup violation  
There is a large setup violation of -1.343 ns between MB_i/simple_axi_writer_0/inst/sha256_inst/round_count_reg[2]_replica_2/C (clocked by clk_out1_MB_clk_wiz_0_2) and MB_i/simple_axi_writer_0/inst/sha256_inst/W_reg[47][13]/D (clocked by clk_out1_MB_clk_wiz_0_2). Large setup violations at the end of those stages might be difficult to fix during the post-placement implementation flow and could be the result of non-optimal XDC constraints or non-optimal design architecture
Related violations: <none>

TIMING-16#361 Warning
Large setup violation  
There is a large setup violation of -1.346 ns between MB_i/simple_axi_writer_0/inst/sha256_inst/round_count_reg[2]_replica_2/C (clocked by clk_out1_MB_clk_wiz_0_2) and MB_i/simple_axi_writer_0/inst/sha256_inst/W_reg[44][30]/D (clocked by clk_out1_MB_clk_wiz_0_2). Large setup violations at the end of those stages might be difficult to fix during the post-placement implementation flow and could be the result of non-optimal XDC constraints or non-optimal design architecture
Related violations: <none>

TIMING-16#362 Warning
Large setup violation  
There is a large setup violation of -1.353 ns between MB_i/simple_axi_writer_0/inst/sha256_inst/round_count_reg[2]_replica_2/C (clocked by clk_out1_MB_clk_wiz_0_2) and MB_i/simple_axi_writer_0/inst/sha256_inst/W_reg[43][13]/D (clocked by clk_out1_MB_clk_wiz_0_2). Large setup violations at the end of those stages might be difficult to fix during the post-placement implementation flow and could be the result of non-optimal XDC constraints or non-optimal design architecture
Related violations: <none>

TIMING-16#363 Warning
Large setup violation  
There is a large setup violation of -1.354 ns between MB_i/simple_axi_writer_0/inst/sha256_inst/round_count_reg[2]_replica_2/C (clocked by clk_out1_MB_clk_wiz_0_2) and MB_i/simple_axi_writer_0/inst/sha256_inst/W_reg[28][21]/D (clocked by clk_out1_MB_clk_wiz_0_2). Large setup violations at the end of those stages might be difficult to fix during the post-placement implementation flow and could be the result of non-optimal XDC constraints or non-optimal design architecture
Related violations: <none>

TIMING-16#364 Warning
Large setup violation  
There is a large setup violation of -1.355 ns between MB_i/simple_axi_writer_0/inst/sha256_inst/round_count_reg[2]_replica_2/C (clocked by clk_out1_MB_clk_wiz_0_2) and MB_i/simple_axi_writer_0/inst/sha256_inst/W_reg[18][29]/D (clocked by clk_out1_MB_clk_wiz_0_2). Large setup violations at the end of those stages might be difficult to fix during the post-placement implementation flow and could be the result of non-optimal XDC constraints or non-optimal design architecture
Related violations: <none>

TIMING-16#365 Warning
Large setup violation  
There is a large setup violation of -1.355 ns between MB_i/simple_axi_writer_0/inst/sha256_inst/round_count_reg[2]_replica_2/C (clocked by clk_out1_MB_clk_wiz_0_2) and MB_i/simple_axi_writer_0/inst/sha256_inst/W_reg[43][19]/D (clocked by clk_out1_MB_clk_wiz_0_2). Large setup violations at the end of those stages might be difficult to fix during the post-placement implementation flow and could be the result of non-optimal XDC constraints or non-optimal design architecture
Related violations: <none>

TIMING-16#366 Warning
Large setup violation  
There is a large setup violation of -1.358 ns between MB_i/simple_axi_writer_0/inst/sha256_inst/round_count_reg[2]_replica_2/C (clocked by clk_out1_MB_clk_wiz_0_2) and MB_i/simple_axi_writer_0/inst/sha256_inst/W_reg[56][27]/D (clocked by clk_out1_MB_clk_wiz_0_2). Large setup violations at the end of those stages might be difficult to fix during the post-placement implementation flow and could be the result of non-optimal XDC constraints or non-optimal design architecture
Related violations: <none>

TIMING-16#367 Warning
Large setup violation  
There is a large setup violation of -1.364 ns between MB_i/simple_axi_writer_0/inst/sha256_inst/round_count_reg[2]_replica_2/C (clocked by clk_out1_MB_clk_wiz_0_2) and MB_i/simple_axi_writer_0/inst/sha256_inst/W_reg[29][27]/D (clocked by clk_out1_MB_clk_wiz_0_2). Large setup violations at the end of those stages might be difficult to fix during the post-placement implementation flow and could be the result of non-optimal XDC constraints or non-optimal design architecture
Related violations: <none>

TIMING-16#368 Warning
Large setup violation  
There is a large setup violation of -1.366 ns between MB_i/simple_axi_writer_0/inst/sha256_inst/round_count_reg[2]_replica_2/C (clocked by clk_out1_MB_clk_wiz_0_2) and MB_i/simple_axi_writer_0/inst/sha256_inst/W_reg[31][12]/D (clocked by clk_out1_MB_clk_wiz_0_2). Large setup violations at the end of those stages might be difficult to fix during the post-placement implementation flow and could be the result of non-optimal XDC constraints or non-optimal design architecture
Related violations: <none>

TIMING-16#369 Warning
Large setup violation  
There is a large setup violation of -1.369 ns between MB_i/simple_axi_writer_0/inst/sha256_inst/round_count_reg[2]_replica_2/C (clocked by clk_out1_MB_clk_wiz_0_2) and MB_i/simple_axi_writer_0/inst/sha256_inst/W_reg[53][4]/D (clocked by clk_out1_MB_clk_wiz_0_2). Large setup violations at the end of those stages might be difficult to fix during the post-placement implementation flow and could be the result of non-optimal XDC constraints or non-optimal design architecture
Related violations: <none>

TIMING-16#370 Warning
Large setup violation  
There is a large setup violation of -1.370 ns between MB_i/simple_axi_writer_0/inst/sha256_inst/round_count_reg[2]_replica_2/C (clocked by clk_out1_MB_clk_wiz_0_2) and MB_i/simple_axi_writer_0/inst/sha256_inst/W_reg[16][28]/D (clocked by clk_out1_MB_clk_wiz_0_2). Large setup violations at the end of those stages might be difficult to fix during the post-placement implementation flow and could be the result of non-optimal XDC constraints or non-optimal design architecture
Related violations: <none>

TIMING-16#371 Warning
Large setup violation  
There is a large setup violation of -1.375 ns between MB_i/simple_axi_writer_0/inst/sha256_inst/round_count_reg[2]_replica_2/C (clocked by clk_out1_MB_clk_wiz_0_2) and MB_i/simple_axi_writer_0/inst/sha256_inst/W_reg[33][29]/D (clocked by clk_out1_MB_clk_wiz_0_2). Large setup violations at the end of those stages might be difficult to fix during the post-placement implementation flow and could be the result of non-optimal XDC constraints or non-optimal design architecture
Related violations: <none>

TIMING-16#372 Warning
Large setup violation  
There is a large setup violation of -1.375 ns between MB_i/simple_axi_writer_0/inst/sha256_inst/round_count_reg[2]_replica_2/C (clocked by clk_out1_MB_clk_wiz_0_2) and MB_i/simple_axi_writer_0/inst/sha256_inst/W_reg[39][18]/D (clocked by clk_out1_MB_clk_wiz_0_2). Large setup violations at the end of those stages might be difficult to fix during the post-placement implementation flow and could be the result of non-optimal XDC constraints or non-optimal design architecture
Related violations: <none>

TIMING-16#373 Warning
Large setup violation  
There is a large setup violation of -1.376 ns between MB_i/rst_clk_wiz_0_50M/U0/ACTIVE_LOW_PR_OUT_DFF[0].FDRE_PER_N/C (clocked by clk_out1_MB_clk_wiz_0_2) and MB_i/simple_axi_writer_0/inst/sha256_inst/hash_reg[168]/CE (clocked by clk_out1_MB_clk_wiz_0_2). Large setup violations at the end of those stages might be difficult to fix during the post-placement implementation flow and could be the result of non-optimal XDC constraints or non-optimal design architecture
Related violations: <none>

TIMING-16#374 Warning
Large setup violation  
There is a large setup violation of -1.376 ns between MB_i/rst_clk_wiz_0_50M/U0/ACTIVE_LOW_PR_OUT_DFF[0].FDRE_PER_N/C (clocked by clk_out1_MB_clk_wiz_0_2) and MB_i/simple_axi_writer_0/inst/sha256_inst/hash_reg[169]/CE (clocked by clk_out1_MB_clk_wiz_0_2). Large setup violations at the end of those stages might be difficult to fix during the post-placement implementation flow and could be the result of non-optimal XDC constraints or non-optimal design architecture
Related violations: <none>

TIMING-16#375 Warning
Large setup violation  
There is a large setup violation of -1.376 ns between MB_i/rst_clk_wiz_0_50M/U0/ACTIVE_LOW_PR_OUT_DFF[0].FDRE_PER_N/C (clocked by clk_out1_MB_clk_wiz_0_2) and MB_i/simple_axi_writer_0/inst/sha256_inst/hash_reg[170]/CE (clocked by clk_out1_MB_clk_wiz_0_2). Large setup violations at the end of those stages might be difficult to fix during the post-placement implementation flow and could be the result of non-optimal XDC constraints or non-optimal design architecture
Related violations: <none>

TIMING-16#376 Warning
Large setup violation  
There is a large setup violation of -1.376 ns between MB_i/rst_clk_wiz_0_50M/U0/ACTIVE_LOW_PR_OUT_DFF[0].FDRE_PER_N/C (clocked by clk_out1_MB_clk_wiz_0_2) and MB_i/simple_axi_writer_0/inst/sha256_inst/hash_reg[171]/CE (clocked by clk_out1_MB_clk_wiz_0_2). Large setup violations at the end of those stages might be difficult to fix during the post-placement implementation flow and could be the result of non-optimal XDC constraints or non-optimal design architecture
Related violations: <none>

TIMING-16#377 Warning
Large setup violation  
There is a large setup violation of -1.379 ns between MB_i/simple_axi_writer_0/inst/sha256_inst/round_count_reg[2]_replica_2/C (clocked by clk_out1_MB_clk_wiz_0_2) and MB_i/simple_axi_writer_0/inst/sha256_inst/W_reg[16][18]/D (clocked by clk_out1_MB_clk_wiz_0_2). Large setup violations at the end of those stages might be difficult to fix during the post-placement implementation flow and could be the result of non-optimal XDC constraints or non-optimal design architecture
Related violations: <none>

TIMING-16#378 Warning
Large setup violation  
There is a large setup violation of -1.379 ns between MB_i/simple_axi_writer_0/inst/sha256_inst/round_count_reg[2]_replica_2/C (clocked by clk_out1_MB_clk_wiz_0_2) and MB_i/simple_axi_writer_0/inst/sha256_inst/W_reg[55][21]/D (clocked by clk_out1_MB_clk_wiz_0_2). Large setup violations at the end of those stages might be difficult to fix during the post-placement implementation flow and could be the result of non-optimal XDC constraints or non-optimal design architecture
Related violations: <none>

TIMING-16#379 Warning
Large setup violation  
There is a large setup violation of -1.381 ns between MB_i/simple_axi_writer_0/inst/sha256_inst/round_count_reg[2]_replica_2/C (clocked by clk_out1_MB_clk_wiz_0_2) and MB_i/simple_axi_writer_0/inst/sha256_inst/W_reg[59][10]/D (clocked by clk_out1_MB_clk_wiz_0_2). Large setup violations at the end of those stages might be difficult to fix during the post-placement implementation flow and could be the result of non-optimal XDC constraints or non-optimal design architecture
Related violations: <none>

TIMING-16#380 Warning
Large setup violation  
There is a large setup violation of -1.382 ns between MB_i/simple_axi_writer_0/inst/sha256_inst/round_count_reg[2]_replica_2/C (clocked by clk_out1_MB_clk_wiz_0_2) and MB_i/simple_axi_writer_0/inst/sha256_inst/W_reg[63][24]/D (clocked by clk_out1_MB_clk_wiz_0_2). Large setup violations at the end of those stages might be difficult to fix during the post-placement implementation flow and could be the result of non-optimal XDC constraints or non-optimal design architecture
Related violations: <none>

TIMING-16#381 Warning
Large setup violation  
There is a large setup violation of -1.384 ns between MB_i/simple_axi_writer_0/inst/sha256_inst/round_count_reg[2]_replica_2/C (clocked by clk_out1_MB_clk_wiz_0_2) and MB_i/simple_axi_writer_0/inst/sha256_inst/W_reg[50][22]/D (clocked by clk_out1_MB_clk_wiz_0_2). Large setup violations at the end of those stages might be difficult to fix during the post-placement implementation flow and could be the result of non-optimal XDC constraints or non-optimal design architecture
Related violations: <none>

TIMING-16#382 Warning
Large setup violation  
There is a large setup violation of -1.385 ns between MB_i/simple_axi_writer_0/inst/sha256_inst/round_count_reg[2]_replica_2/C (clocked by clk_out1_MB_clk_wiz_0_2) and MB_i/simple_axi_writer_0/inst/sha256_inst/W_reg[30][13]/D (clocked by clk_out1_MB_clk_wiz_0_2). Large setup violations at the end of those stages might be difficult to fix during the post-placement implementation flow and could be the result of non-optimal XDC constraints or non-optimal design architecture
Related violations: <none>

TIMING-16#383 Warning
Large setup violation  
There is a large setup violation of -1.390 ns between MB_i/simple_axi_writer_0/inst/sha256_inst/round_count_reg[2]_replica_2/C (clocked by clk_out1_MB_clk_wiz_0_2) and MB_i/simple_axi_writer_0/inst/sha256_inst/W_reg[29][25]/D (clocked by clk_out1_MB_clk_wiz_0_2). Large setup violations at the end of those stages might be difficult to fix during the post-placement implementation flow and could be the result of non-optimal XDC constraints or non-optimal design architecture
Related violations: <none>

TIMING-16#384 Warning
Large setup violation  
There is a large setup violation of -1.390 ns between MB_i/simple_axi_writer_0/inst/sha256_inst/round_count_reg[2]_replica_2/C (clocked by clk_out1_MB_clk_wiz_0_2) and MB_i/simple_axi_writer_0/inst/sha256_inst/W_reg[31][28]/D (clocked by clk_out1_MB_clk_wiz_0_2). Large setup violations at the end of those stages might be difficult to fix during the post-placement implementation flow and could be the result of non-optimal XDC constraints or non-optimal design architecture
Related violations: <none>

TIMING-16#385 Warning
Large setup violation  
There is a large setup violation of -1.390 ns between MB_i/simple_axi_writer_0/inst/sha256_inst/round_count_reg[2]_replica_2/C (clocked by clk_out1_MB_clk_wiz_0_2) and MB_i/simple_axi_writer_0/inst/sha256_inst/W_reg[43][31]/D (clocked by clk_out1_MB_clk_wiz_0_2). Large setup violations at the end of those stages might be difficult to fix during the post-placement implementation flow and could be the result of non-optimal XDC constraints or non-optimal design architecture
Related violations: <none>

TIMING-16#386 Warning
Large setup violation  
There is a large setup violation of -1.391 ns between MB_i/simple_axi_writer_0/inst/sha256_inst/round_count_reg[2]_replica_2/C (clocked by clk_out1_MB_clk_wiz_0_2) and MB_i/simple_axi_writer_0/inst/sha256_inst/W_reg[28][30]/D (clocked by clk_out1_MB_clk_wiz_0_2). Large setup violations at the end of those stages might be difficult to fix during the post-placement implementation flow and could be the result of non-optimal XDC constraints or non-optimal design architecture
Related violations: <none>

TIMING-16#387 Warning
Large setup violation  
There is a large setup violation of -1.397 ns between MB_i/simple_axi_writer_0/inst/sha256_inst/round_count_reg[2]_replica_2/C (clocked by clk_out1_MB_clk_wiz_0_2) and MB_i/simple_axi_writer_0/inst/sha256_inst/W_reg[47][28]/D (clocked by clk_out1_MB_clk_wiz_0_2). Large setup violations at the end of those stages might be difficult to fix during the post-placement implementation flow and could be the result of non-optimal XDC constraints or non-optimal design architecture
Related violations: <none>

TIMING-16#388 Warning
Large setup violation  
There is a large setup violation of -1.398 ns between MB_i/simple_axi_writer_0/inst/sha256_inst/round_count_reg[2]_replica_2/C (clocked by clk_out1_MB_clk_wiz_0_2) and MB_i/simple_axi_writer_0/inst/sha256_inst/W_reg[32][26]/D (clocked by clk_out1_MB_clk_wiz_0_2). Large setup violations at the end of those stages might be difficult to fix during the post-placement implementation flow and could be the result of non-optimal XDC constraints or non-optimal design architecture
Related violations: <none>

TIMING-16#389 Warning
Large setup violation  
There is a large setup violation of -1.399 ns between MB_i/simple_axi_writer_0/inst/sha256_inst/round_count_reg[2]_replica_2/C (clocked by clk_out1_MB_clk_wiz_0_2) and MB_i/simple_axi_writer_0/inst/sha256_inst/W_reg[59][18]/D (clocked by clk_out1_MB_clk_wiz_0_2). Large setup violations at the end of those stages might be difficult to fix during the post-placement implementation flow and could be the result of non-optimal XDC constraints or non-optimal design architecture
Related violations: <none>

TIMING-16#390 Warning
Large setup violation  
There is a large setup violation of -1.401 ns between MB_i/simple_axi_writer_0/inst/sha256_inst/round_count_reg[2]_replica_2/C (clocked by clk_out1_MB_clk_wiz_0_2) and MB_i/simple_axi_writer_0/inst/sha256_inst/W_reg[37][29]/D (clocked by clk_out1_MB_clk_wiz_0_2). Large setup violations at the end of those stages might be difficult to fix during the post-placement implementation flow and could be the result of non-optimal XDC constraints or non-optimal design architecture
Related violations: <none>

TIMING-16#391 Warning
Large setup violation  
There is a large setup violation of -1.405 ns between MB_i/simple_axi_writer_0/inst/sha256_inst/round_count_reg[2]_replica_2/C (clocked by clk_out1_MB_clk_wiz_0_2) and MB_i/simple_axi_writer_0/inst/sha256_inst/W_reg[58][24]/D (clocked by clk_out1_MB_clk_wiz_0_2). Large setup violations at the end of those stages might be difficult to fix during the post-placement implementation flow and could be the result of non-optimal XDC constraints or non-optimal design architecture
Related violations: <none>

TIMING-16#392 Warning
Large setup violation  
There is a large setup violation of -1.406 ns between MB_i/simple_axi_writer_0/inst/sha256_inst/round_count_reg[2]_replica_1/C (clocked by clk_out1_MB_clk_wiz_0_2) and MB_i/simple_axi_writer_0/inst/sha256_inst/W_reg[61][1]/D (clocked by clk_out1_MB_clk_wiz_0_2). Large setup violations at the end of those stages might be difficult to fix during the post-placement implementation flow and could be the result of non-optimal XDC constraints or non-optimal design architecture
Related violations: <none>

TIMING-16#393 Warning
Large setup violation  
There is a large setup violation of -1.407 ns between MB_i/simple_axi_writer_0/inst/sha256_inst/round_count_reg[2]_replica_2/C (clocked by clk_out1_MB_clk_wiz_0_2) and MB_i/simple_axi_writer_0/inst/sha256_inst/W_reg[24][21]/D (clocked by clk_out1_MB_clk_wiz_0_2). Large setup violations at the end of those stages might be difficult to fix during the post-placement implementation flow and could be the result of non-optimal XDC constraints or non-optimal design architecture
Related violations: <none>

TIMING-16#394 Warning
Large setup violation  
There is a large setup violation of -1.409 ns between MB_i/simple_axi_writer_0/inst/sha256_inst/round_count_reg[2]_replica_2/C (clocked by clk_out1_MB_clk_wiz_0_2) and MB_i/simple_axi_writer_0/inst/sha256_inst/W_reg[55][24]/D (clocked by clk_out1_MB_clk_wiz_0_2). Large setup violations at the end of those stages might be difficult to fix during the post-placement implementation flow and could be the result of non-optimal XDC constraints or non-optimal design architecture
Related violations: <none>

TIMING-16#395 Warning
Large setup violation  
There is a large setup violation of -1.411 ns between MB_i/simple_axi_writer_0/inst/sha256_inst/round_count_reg[2]_replica_2/C (clocked by clk_out1_MB_clk_wiz_0_2) and MB_i/simple_axi_writer_0/inst/sha256_inst/W_reg[61][18]/D (clocked by clk_out1_MB_clk_wiz_0_2). Large setup violations at the end of those stages might be difficult to fix during the post-placement implementation flow and could be the result of non-optimal XDC constraints or non-optimal design architecture
Related violations: <none>

TIMING-16#396 Warning
Large setup violation  
There is a large setup violation of -1.413 ns between MB_i/simple_axi_writer_0/inst/sha256_inst/round_count_reg[2]_replica_2/C (clocked by clk_out1_MB_clk_wiz_0_2) and MB_i/simple_axi_writer_0/inst/sha256_inst/W_reg[39][10]/D (clocked by clk_out1_MB_clk_wiz_0_2). Large setup violations at the end of those stages might be difficult to fix during the post-placement implementation flow and could be the result of non-optimal XDC constraints or non-optimal design architecture
Related violations: <none>

TIMING-16#397 Warning
Large setup violation  
There is a large setup violation of -1.413 ns between MB_i/simple_axi_writer_0/inst/sha256_inst/round_count_reg[2]_replica_2/C (clocked by clk_out1_MB_clk_wiz_0_2) and MB_i/simple_axi_writer_0/inst/sha256_inst/W_reg[45][24]/D (clocked by clk_out1_MB_clk_wiz_0_2). Large setup violations at the end of those stages might be difficult to fix during the post-placement implementation flow and could be the result of non-optimal XDC constraints or non-optimal design architecture
Related violations: <none>

TIMING-16#398 Warning
Large setup violation  
There is a large setup violation of -1.415 ns between MB_i/simple_axi_writer_0/inst/sha256_inst/round_count_reg[2]_replica_2/C (clocked by clk_out1_MB_clk_wiz_0_2) and MB_i/simple_axi_writer_0/inst/sha256_inst/W_reg[30][11]/D (clocked by clk_out1_MB_clk_wiz_0_2). Large setup violations at the end of those stages might be difficult to fix during the post-placement implementation flow and could be the result of non-optimal XDC constraints or non-optimal design architecture
Related violations: <none>

TIMING-16#399 Warning
Large setup violation  
There is a large setup violation of -1.417 ns between MB_i/simple_axi_writer_0/inst/sha256_inst/round_count_reg[2]_replica_2/C (clocked by clk_out1_MB_clk_wiz_0_2) and MB_i/simple_axi_writer_0/inst/sha256_inst/W_reg[30][29]/D (clocked by clk_out1_MB_clk_wiz_0_2). Large setup violations at the end of those stages might be difficult to fix during the post-placement implementation flow and could be the result of non-optimal XDC constraints or non-optimal design architecture
Related violations: <none>

TIMING-16#400 Warning
Large setup violation  
There is a large setup violation of -1.422 ns between MB_i/simple_axi_writer_0/inst/sha256_inst/round_count_reg[2]_replica_2/C (clocked by clk_out1_MB_clk_wiz_0_2) and MB_i/simple_axi_writer_0/inst/sha256_inst/W_reg[28][18]/D (clocked by clk_out1_MB_clk_wiz_0_2). Large setup violations at the end of those stages might be difficult to fix during the post-placement implementation flow and could be the result of non-optimal XDC constraints or non-optimal design architecture
Related violations: <none>

TIMING-16#401 Warning
Large setup violation  
There is a large setup violation of -1.426 ns between MB_i/simple_axi_writer_0/inst/sha256_inst/round_count_reg[2]_replica_2/C (clocked by clk_out1_MB_clk_wiz_0_2) and MB_i/simple_axi_writer_0/inst/sha256_inst/W_reg[20][21]/D (clocked by clk_out1_MB_clk_wiz_0_2). Large setup violations at the end of those stages might be difficult to fix during the post-placement implementation flow and could be the result of non-optimal XDC constraints or non-optimal design architecture
Related violations: <none>

TIMING-16#402 Warning
Large setup violation  
There is a large setup violation of -1.426 ns between MB_i/simple_axi_writer_0/inst/sha256_inst/round_count_reg[2]_replica_2/C (clocked by clk_out1_MB_clk_wiz_0_2) and MB_i/simple_axi_writer_0/inst/sha256_inst/W_reg[27][29]/D (clocked by clk_out1_MB_clk_wiz_0_2). Large setup violations at the end of those stages might be difficult to fix during the post-placement implementation flow and could be the result of non-optimal XDC constraints or non-optimal design architecture
Related violations: <none>

TIMING-16#403 Warning
Large setup violation  
There is a large setup violation of -1.427 ns between MB_i/simple_axi_writer_0/inst/sha256_inst/round_count_reg[2]_replica_2/C (clocked by clk_out1_MB_clk_wiz_0_2) and MB_i/simple_axi_writer_0/inst/sha256_inst/W_reg[41][26]/D (clocked by clk_out1_MB_clk_wiz_0_2). Large setup violations at the end of those stages might be difficult to fix during the post-placement implementation flow and could be the result of non-optimal XDC constraints or non-optimal design architecture
Related violations: <none>

TIMING-16#404 Warning
Large setup violation  
There is a large setup violation of -1.428 ns between MB_i/simple_axi_writer_0/inst/sha256_inst/round_count_reg[2]_replica_2/C (clocked by clk_out1_MB_clk_wiz_0_2) and MB_i/simple_axi_writer_0/inst/sha256_inst/W_reg[31][13]/D (clocked by clk_out1_MB_clk_wiz_0_2). Large setup violations at the end of those stages might be difficult to fix during the post-placement implementation flow and could be the result of non-optimal XDC constraints or non-optimal design architecture
Related violations: <none>

TIMING-16#405 Warning
Large setup violation  
There is a large setup violation of -1.429 ns between MB_i/simple_axi_writer_0/inst/sha256_inst/round_count_reg[2]_replica_2/C (clocked by clk_out1_MB_clk_wiz_0_2) and MB_i/simple_axi_writer_0/inst/sha256_inst/W_reg[37][16]/D (clocked by clk_out1_MB_clk_wiz_0_2). Large setup violations at the end of those stages might be difficult to fix during the post-placement implementation flow and could be the result of non-optimal XDC constraints or non-optimal design architecture
Related violations: <none>

TIMING-16#406 Warning
Large setup violation  
There is a large setup violation of -1.430 ns between MB_i/simple_axi_writer_0/inst/sha256_inst/round_count_reg[2]_replica_2/C (clocked by clk_out1_MB_clk_wiz_0_2) and MB_i/simple_axi_writer_0/inst/sha256_inst/W_reg[24][25]/D (clocked by clk_out1_MB_clk_wiz_0_2). Large setup violations at the end of those stages might be difficult to fix during the post-placement implementation flow and could be the result of non-optimal XDC constraints or non-optimal design architecture
Related violations: <none>

TIMING-16#407 Warning
Large setup violation  
There is a large setup violation of -1.431 ns between MB_i/simple_axi_writer_0/inst/sha256_inst/round_count_reg[2]_replica_2/C (clocked by clk_out1_MB_clk_wiz_0_2) and MB_i/simple_axi_writer_0/inst/sha256_inst/W_reg[23][13]/D (clocked by clk_out1_MB_clk_wiz_0_2). Large setup violations at the end of those stages might be difficult to fix during the post-placement implementation flow and could be the result of non-optimal XDC constraints or non-optimal design architecture
Related violations: <none>

TIMING-16#408 Warning
Large setup violation  
There is a large setup violation of -1.433 ns between MB_i/simple_axi_writer_0/inst/sha256_inst/round_count_reg[2]_replica_2/C (clocked by clk_out1_MB_clk_wiz_0_2) and MB_i/simple_axi_writer_0/inst/sha256_inst/W_reg[36][11]/D (clocked by clk_out1_MB_clk_wiz_0_2). Large setup violations at the end of those stages might be difficult to fix during the post-placement implementation flow and could be the result of non-optimal XDC constraints or non-optimal design architecture
Related violations: <none>

TIMING-16#409 Warning
Large setup violation  
There is a large setup violation of -1.434 ns between MB_i/simple_axi_writer_0/inst/sha256_inst/round_count_reg[2]_replica_2/C (clocked by clk_out1_MB_clk_wiz_0_2) and MB_i/simple_axi_writer_0/inst/sha256_inst/W_reg[25][29]/D (clocked by clk_out1_MB_clk_wiz_0_2). Large setup violations at the end of those stages might be difficult to fix during the post-placement implementation flow and could be the result of non-optimal XDC constraints or non-optimal design architecture
Related violations: <none>

TIMING-16#410 Warning
Large setup violation  
There is a large setup violation of -1.438 ns between MB_i/simple_axi_writer_0/inst/sha256_inst/round_count_reg[2]_replica_2/C (clocked by clk_out1_MB_clk_wiz_0_2) and MB_i/simple_axi_writer_0/inst/sha256_inst/W_reg[26][24]/D (clocked by clk_out1_MB_clk_wiz_0_2). Large setup violations at the end of those stages might be difficult to fix during the post-placement implementation flow and could be the result of non-optimal XDC constraints or non-optimal design architecture
Related violations: <none>

TIMING-16#411 Warning
Large setup violation  
There is a large setup violation of -1.442 ns between MB_i/simple_axi_writer_0/inst/sha256_inst/round_count_reg[2]_replica_2/C (clocked by clk_out1_MB_clk_wiz_0_2) and MB_i/simple_axi_writer_0/inst/sha256_inst/W_reg[35][18]/D (clocked by clk_out1_MB_clk_wiz_0_2). Large setup violations at the end of those stages might be difficult to fix during the post-placement implementation flow and could be the result of non-optimal XDC constraints or non-optimal design architecture
Related violations: <none>

TIMING-16#412 Warning
Large setup violation  
There is a large setup violation of -1.443 ns between MB_i/simple_axi_writer_0/inst/sha256_inst/round_count_reg[2]_replica_2/C (clocked by clk_out1_MB_clk_wiz_0_2) and MB_i/simple_axi_writer_0/inst/sha256_inst/W_reg[56][29]/D (clocked by clk_out1_MB_clk_wiz_0_2). Large setup violations at the end of those stages might be difficult to fix during the post-placement implementation flow and could be the result of non-optimal XDC constraints or non-optimal design architecture
Related violations: <none>

TIMING-16#413 Warning
Large setup violation  
There is a large setup violation of -1.444 ns between MB_i/simple_axi_writer_0/inst/sha256_inst/round_count_reg[2]_replica_2/C (clocked by clk_out1_MB_clk_wiz_0_2) and MB_i/simple_axi_writer_0/inst/sha256_inst/W_reg[32][18]/D (clocked by clk_out1_MB_clk_wiz_0_2). Large setup violations at the end of those stages might be difficult to fix during the post-placement implementation flow and could be the result of non-optimal XDC constraints or non-optimal design architecture
Related violations: <none>

TIMING-16#414 Warning
Large setup violation  
There is a large setup violation of -1.446 ns between MB_i/simple_axi_writer_0/inst/sha256_inst/round_count_reg[2]_replica_2/C (clocked by clk_out1_MB_clk_wiz_0_2) and MB_i/simple_axi_writer_0/inst/sha256_inst/W_reg[27][23]/D (clocked by clk_out1_MB_clk_wiz_0_2). Large setup violations at the end of those stages might be difficult to fix during the post-placement implementation flow and could be the result of non-optimal XDC constraints or non-optimal design architecture
Related violations: <none>

TIMING-16#415 Warning
Large setup violation  
There is a large setup violation of -1.446 ns between MB_i/simple_axi_writer_0/inst/sha256_inst/round_count_reg[2]_replica_2/C (clocked by clk_out1_MB_clk_wiz_0_2) and MB_i/simple_axi_writer_0/inst/sha256_inst/W_reg[28][29]/D (clocked by clk_out1_MB_clk_wiz_0_2). Large setup violations at the end of those stages might be difficult to fix during the post-placement implementation flow and could be the result of non-optimal XDC constraints or non-optimal design architecture
Related violations: <none>

TIMING-16#416 Warning
Large setup violation  
There is a large setup violation of -1.454 ns between MB_i/simple_axi_writer_0/inst/sha256_inst/round_count_reg[2]_replica_2/C (clocked by clk_out1_MB_clk_wiz_0_2) and MB_i/simple_axi_writer_0/inst/sha256_inst/W_reg[38][29]/D (clocked by clk_out1_MB_clk_wiz_0_2). Large setup violations at the end of those stages might be difficult to fix during the post-placement implementation flow and could be the result of non-optimal XDC constraints or non-optimal design architecture
Related violations: <none>

TIMING-16#417 Warning
Large setup violation  
There is a large setup violation of -1.455 ns between MB_i/simple_axi_writer_0/inst/sha256_inst/round_count_reg[2]_replica_2/C (clocked by clk_out1_MB_clk_wiz_0_2) and MB_i/simple_axi_writer_0/inst/sha256_inst/W_reg[29][18]/D (clocked by clk_out1_MB_clk_wiz_0_2). Large setup violations at the end of those stages might be difficult to fix during the post-placement implementation flow and could be the result of non-optimal XDC constraints or non-optimal design architecture
Related violations: <none>

TIMING-16#418 Warning
Large setup violation  
There is a large setup violation of -1.458 ns between MB_i/simple_axi_writer_0/inst/sha256_inst/round_count_reg[2]_replica_2/C (clocked by clk_out1_MB_clk_wiz_0_2) and MB_i/simple_axi_writer_0/inst/sha256_inst/W_reg[32][28]/D (clocked by clk_out1_MB_clk_wiz_0_2). Large setup violations at the end of those stages might be difficult to fix during the post-placement implementation flow and could be the result of non-optimal XDC constraints or non-optimal design architecture
Related violations: <none>

TIMING-16#419 Warning
Large setup violation  
There is a large setup violation of -1.460 ns between MB_i/simple_axi_writer_0/inst/sha256_inst/round_count_reg[2]_replica_2/C (clocked by clk_out1_MB_clk_wiz_0_2) and MB_i/simple_axi_writer_0/inst/sha256_inst/W_reg[56][10]/D (clocked by clk_out1_MB_clk_wiz_0_2). Large setup violations at the end of those stages might be difficult to fix during the post-placement implementation flow and could be the result of non-optimal XDC constraints or non-optimal design architecture
Related violations: <none>

TIMING-16#420 Warning
Large setup violation  
There is a large setup violation of -1.463 ns between MB_i/simple_axi_writer_0/inst/sha256_inst/round_count_reg[2]_replica_2/C (clocked by clk_out1_MB_clk_wiz_0_2) and MB_i/simple_axi_writer_0/inst/sha256_inst/W_reg[44][7]/D (clocked by clk_out1_MB_clk_wiz_0_2). Large setup violations at the end of those stages might be difficult to fix during the post-placement implementation flow and could be the result of non-optimal XDC constraints or non-optimal design architecture
Related violations: <none>

TIMING-16#421 Warning
Large setup violation  
There is a large setup violation of -1.463 ns between MB_i/simple_axi_writer_0/inst/sha256_inst/round_count_reg[2]_replica_2/C (clocked by clk_out1_MB_clk_wiz_0_2) and MB_i/simple_axi_writer_0/inst/sha256_inst/W_reg[48][26]/D (clocked by clk_out1_MB_clk_wiz_0_2). Large setup violations at the end of those stages might be difficult to fix during the post-placement implementation flow and could be the result of non-optimal XDC constraints or non-optimal design architecture
Related violations: <none>

TIMING-16#422 Warning
Large setup violation  
There is a large setup violation of -1.470 ns between MB_i/simple_axi_writer_0/inst/sha256_inst/round_count_reg[2]_replica_2/C (clocked by clk_out1_MB_clk_wiz_0_2) and MB_i/simple_axi_writer_0/inst/sha256_inst/W_reg[31][29]/D (clocked by clk_out1_MB_clk_wiz_0_2). Large setup violations at the end of those stages might be difficult to fix during the post-placement implementation flow and could be the result of non-optimal XDC constraints or non-optimal design architecture
Related violations: <none>

TIMING-16#423 Warning
Large setup violation  
There is a large setup violation of -1.475 ns between MB_i/simple_axi_writer_0/inst/sha256_inst/round_count_reg[2]_replica_2/C (clocked by clk_out1_MB_clk_wiz_0_2) and MB_i/simple_axi_writer_0/inst/sha256_inst/W_reg[61][24]/D (clocked by clk_out1_MB_clk_wiz_0_2). Large setup violations at the end of those stages might be difficult to fix during the post-placement implementation flow and could be the result of non-optimal XDC constraints or non-optimal design architecture
Related violations: <none>

TIMING-16#424 Warning
Large setup violation  
There is a large setup violation of -1.488 ns between MB_i/simple_axi_writer_0/inst/sha256_inst/round_count_reg[2]_replica_2/C (clocked by clk_out1_MB_clk_wiz_0_2) and MB_i/simple_axi_writer_0/inst/sha256_inst/W_reg[19][28]/D (clocked by clk_out1_MB_clk_wiz_0_2). Large setup violations at the end of those stages might be difficult to fix during the post-placement implementation flow and could be the result of non-optimal XDC constraints or non-optimal design architecture
Related violations: <none>

TIMING-16#425 Warning
Large setup violation  
There is a large setup violation of -1.488 ns between MB_i/simple_axi_writer_0/inst/sha256_inst/round_count_reg[2]_replica_2/C (clocked by clk_out1_MB_clk_wiz_0_2) and MB_i/simple_axi_writer_0/inst/sha256_inst/W_reg[59][29]/D (clocked by clk_out1_MB_clk_wiz_0_2). Large setup violations at the end of those stages might be difficult to fix during the post-placement implementation flow and could be the result of non-optimal XDC constraints or non-optimal design architecture
Related violations: <none>

TIMING-16#426 Warning
Large setup violation  
There is a large setup violation of -1.489 ns between MB_i/simple_axi_writer_0/inst/sha256_inst/round_count_reg[2]_replica_2/C (clocked by clk_out1_MB_clk_wiz_0_2) and MB_i/simple_axi_writer_0/inst/sha256_inst/W_reg[21][6]/D (clocked by clk_out1_MB_clk_wiz_0_2). Large setup violations at the end of those stages might be difficult to fix during the post-placement implementation flow and could be the result of non-optimal XDC constraints or non-optimal design architecture
Related violations: <none>

TIMING-16#427 Warning
Large setup violation  
There is a large setup violation of -1.493 ns between MB_i/simple_axi_writer_0/inst/sha256_inst/round_count_reg[2]_replica_2/C (clocked by clk_out1_MB_clk_wiz_0_2) and MB_i/simple_axi_writer_0/inst/sha256_inst/W_reg[40][7]/D (clocked by clk_out1_MB_clk_wiz_0_2). Large setup violations at the end of those stages might be difficult to fix during the post-placement implementation flow and could be the result of non-optimal XDC constraints or non-optimal design architecture
Related violations: <none>

TIMING-16#428 Warning
Large setup violation  
There is a large setup violation of -1.493 ns between MB_i/simple_axi_writer_0/inst/sha256_inst/round_count_reg[2]_replica_2/C (clocked by clk_out1_MB_clk_wiz_0_2) and MB_i/simple_axi_writer_0/inst/sha256_inst/W_reg[51][20]/D (clocked by clk_out1_MB_clk_wiz_0_2). Large setup violations at the end of those stages might be difficult to fix during the post-placement implementation flow and could be the result of non-optimal XDC constraints or non-optimal design architecture
Related violations: <none>

TIMING-16#429 Warning
Large setup violation  
There is a large setup violation of -1.497 ns between MB_i/simple_axi_writer_0/inst/sha256_inst/round_count_reg[2]_replica_2/C (clocked by clk_out1_MB_clk_wiz_0_2) and MB_i/simple_axi_writer_0/inst/sha256_inst/W_reg[25][24]/D (clocked by clk_out1_MB_clk_wiz_0_2). Large setup violations at the end of those stages might be difficult to fix during the post-placement implementation flow and could be the result of non-optimal XDC constraints or non-optimal design architecture
Related violations: <none>

TIMING-16#430 Warning
Large setup violation  
There is a large setup violation of -1.499 ns between MB_i/simple_axi_writer_0/inst/sha256_inst/round_count_reg[2]_replica_2/C (clocked by clk_out1_MB_clk_wiz_0_2) and MB_i/simple_axi_writer_0/inst/sha256_inst/W_reg[27][28]/D (clocked by clk_out1_MB_clk_wiz_0_2). Large setup violations at the end of those stages might be difficult to fix during the post-placement implementation flow and could be the result of non-optimal XDC constraints or non-optimal design architecture
Related violations: <none>

TIMING-16#431 Warning
Large setup violation  
There is a large setup violation of -1.500 ns between MB_i/simple_axi_writer_0/inst/sha256_inst/round_count_reg[2]_replica_2/C (clocked by clk_out1_MB_clk_wiz_0_2) and MB_i/simple_axi_writer_0/inst/sha256_inst/W_reg[63][18]/D (clocked by clk_out1_MB_clk_wiz_0_2). Large setup violations at the end of those stages might be difficult to fix during the post-placement implementation flow and could be the result of non-optimal XDC constraints or non-optimal design architecture
Related violations: <none>

TIMING-16#432 Warning
Large setup violation  
There is a large setup violation of -1.502 ns between MB_i/simple_axi_writer_0/inst/sha256_inst/round_count_reg[2]_replica_2/C (clocked by clk_out1_MB_clk_wiz_0_2) and MB_i/simple_axi_writer_0/inst/sha256_inst/W_reg[24][24]/D (clocked by clk_out1_MB_clk_wiz_0_2). Large setup violations at the end of those stages might be difficult to fix during the post-placement implementation flow and could be the result of non-optimal XDC constraints or non-optimal design architecture
Related violations: <none>

TIMING-16#433 Warning
Large setup violation  
There is a large setup violation of -1.504 ns between MB_i/simple_axi_writer_0/inst/sha256_inst/round_count_reg[2]_replica_2/C (clocked by clk_out1_MB_clk_wiz_0_2) and MB_i/simple_axi_writer_0/inst/sha256_inst/W_reg[53][29]/D (clocked by clk_out1_MB_clk_wiz_0_2). Large setup violations at the end of those stages might be difficult to fix during the post-placement implementation flow and could be the result of non-optimal XDC constraints or non-optimal design architecture
Related violations: <none>

TIMING-16#434 Warning
Large setup violation  
There is a large setup violation of -1.507 ns between MB_i/simple_axi_writer_0/inst/sha256_inst/round_count_reg[2]_replica_2/C (clocked by clk_out1_MB_clk_wiz_0_2) and MB_i/simple_axi_writer_0/inst/sha256_inst/W_reg[18][26]/D (clocked by clk_out1_MB_clk_wiz_0_2). Large setup violations at the end of those stages might be difficult to fix during the post-placement implementation flow and could be the result of non-optimal XDC constraints or non-optimal design architecture
Related violations: <none>

TIMING-16#435 Warning
Large setup violation  
There is a large setup violation of -1.508 ns between MB_i/simple_axi_writer_0/inst/sha256_inst/round_count_reg[2]_replica_2/C (clocked by clk_out1_MB_clk_wiz_0_2) and MB_i/simple_axi_writer_0/inst/sha256_inst/W_reg[53][13]/D (clocked by clk_out1_MB_clk_wiz_0_2). Large setup violations at the end of those stages might be difficult to fix during the post-placement implementation flow and could be the result of non-optimal XDC constraints or non-optimal design architecture
Related violations: <none>

TIMING-16#436 Warning
Large setup violation  
There is a large setup violation of -1.509 ns between MB_i/simple_axi_writer_0/inst/sha256_inst/round_count_reg[2]_replica_1/C (clocked by clk_out1_MB_clk_wiz_0_2) and MB_i/simple_axi_writer_0/inst/sha256_inst/W_reg[18][1]/D (clocked by clk_out1_MB_clk_wiz_0_2). Large setup violations at the end of those stages might be difficult to fix during the post-placement implementation flow and could be the result of non-optimal XDC constraints or non-optimal design architecture
Related violations: <none>

TIMING-16#437 Warning
Large setup violation  
There is a large setup violation of -1.509 ns between MB_i/simple_axi_writer_0/inst/sha256_inst/round_count_reg[2]_replica_2/C (clocked by clk_out1_MB_clk_wiz_0_2) and MB_i/simple_axi_writer_0/inst/sha256_inst/W_reg[35][27]/D (clocked by clk_out1_MB_clk_wiz_0_2). Large setup violations at the end of those stages might be difficult to fix during the post-placement implementation flow and could be the result of non-optimal XDC constraints or non-optimal design architecture
Related violations: <none>

TIMING-16#438 Warning
Large setup violation  
There is a large setup violation of -1.510 ns between MB_i/simple_axi_writer_0/inst/sha256_inst/round_count_reg[2]_replica_2/C (clocked by clk_out1_MB_clk_wiz_0_2) and MB_i/simple_axi_writer_0/inst/sha256_inst/W_reg[22][26]/D (clocked by clk_out1_MB_clk_wiz_0_2). Large setup violations at the end of those stages might be difficult to fix during the post-placement implementation flow and could be the result of non-optimal XDC constraints or non-optimal design architecture
Related violations: <none>

TIMING-16#439 Warning
Large setup violation  
There is a large setup violation of -1.510 ns between MB_i/simple_axi_writer_0/inst/sha256_inst/round_count_reg[2]_replica_2/C (clocked by clk_out1_MB_clk_wiz_0_2) and MB_i/simple_axi_writer_0/inst/sha256_inst/W_reg[47][29]/D (clocked by clk_out1_MB_clk_wiz_0_2). Large setup violations at the end of those stages might be difficult to fix during the post-placement implementation flow and could be the result of non-optimal XDC constraints or non-optimal design architecture
Related violations: <none>

TIMING-16#440 Warning
Large setup violation  
There is a large setup violation of -1.513 ns between MB_i/simple_axi_writer_0/inst/sha256_inst/round_count_reg[2]_replica_2/C (clocked by clk_out1_MB_clk_wiz_0_2) and MB_i/simple_axi_writer_0/inst/sha256_inst/W_reg[59][27]/D (clocked by clk_out1_MB_clk_wiz_0_2). Large setup violations at the end of those stages might be difficult to fix during the post-placement implementation flow and could be the result of non-optimal XDC constraints or non-optimal design architecture
Related violations: <none>

TIMING-16#441 Warning
Large setup violation  
There is a large setup violation of -1.522 ns between MB_i/simple_axi_writer_0/inst/sha256_inst/round_count_reg[2]_replica_2/C (clocked by clk_out1_MB_clk_wiz_0_2) and MB_i/simple_axi_writer_0/inst/sha256_inst/W_reg[44][27]/D (clocked by clk_out1_MB_clk_wiz_0_2). Large setup violations at the end of those stages might be difficult to fix during the post-placement implementation flow and could be the result of non-optimal XDC constraints or non-optimal design architecture
Related violations: <none>

TIMING-16#442 Warning
Large setup violation  
There is a large setup violation of -1.535 ns between MB_i/simple_axi_writer_0/inst/sha256_inst/round_count_reg[2]_replica_2/C (clocked by clk_out1_MB_clk_wiz_0_2) and MB_i/simple_axi_writer_0/inst/sha256_inst/W_reg[28][14]/D (clocked by clk_out1_MB_clk_wiz_0_2). Large setup violations at the end of those stages might be difficult to fix during the post-placement implementation flow and could be the result of non-optimal XDC constraints or non-optimal design architecture
Related violations: <none>

TIMING-16#443 Warning
Large setup violation  
There is a large setup violation of -1.535 ns between MB_i/simple_axi_writer_0/inst/sha256_inst/round_count_reg[2]_replica_2/C (clocked by clk_out1_MB_clk_wiz_0_2) and MB_i/simple_axi_writer_0/inst/sha256_inst/W_reg[30][26]/D (clocked by clk_out1_MB_clk_wiz_0_2). Large setup violations at the end of those stages might be difficult to fix during the post-placement implementation flow and could be the result of non-optimal XDC constraints or non-optimal design architecture
Related violations: <none>

TIMING-16#444 Warning
Large setup violation  
There is a large setup violation of -1.539 ns between MB_i/simple_axi_writer_0/inst/sha256_inst/round_count_reg[2]_replica_2/C (clocked by clk_out1_MB_clk_wiz_0_2) and MB_i/simple_axi_writer_0/inst/sha256_inst/W_reg[52][13]/D (clocked by clk_out1_MB_clk_wiz_0_2). Large setup violations at the end of those stages might be difficult to fix during the post-placement implementation flow and could be the result of non-optimal XDC constraints or non-optimal design architecture
Related violations: <none>

TIMING-16#445 Warning
Large setup violation  
There is a large setup violation of -1.541 ns between MB_i/simple_axi_writer_0/inst/sha256_inst/round_count_reg[2]_replica_2/C (clocked by clk_out1_MB_clk_wiz_0_2) and MB_i/simple_axi_writer_0/inst/sha256_inst/W_reg[54][18]/D (clocked by clk_out1_MB_clk_wiz_0_2). Large setup violations at the end of those stages might be difficult to fix during the post-placement implementation flow and could be the result of non-optimal XDC constraints or non-optimal design architecture
Related violations: <none>

TIMING-16#446 Warning
Large setup violation  
There is a large setup violation of -1.548 ns between MB_i/simple_axi_writer_0/inst/sha256_inst/round_count_reg[2]_replica_2/C (clocked by clk_out1_MB_clk_wiz_0_2) and MB_i/simple_axi_writer_0/inst/sha256_inst/W_reg[60][27]/D (clocked by clk_out1_MB_clk_wiz_0_2). Large setup violations at the end of those stages might be difficult to fix during the post-placement implementation flow and could be the result of non-optimal XDC constraints or non-optimal design architecture
Related violations: <none>

TIMING-16#447 Warning
Large setup violation  
There is a large setup violation of -1.558 ns between MB_i/simple_axi_writer_0/inst/sha256_inst/round_count_reg[2]_replica_2/C (clocked by clk_out1_MB_clk_wiz_0_2) and MB_i/simple_axi_writer_0/inst/sha256_inst/W_reg[17][26]/D (clocked by clk_out1_MB_clk_wiz_0_2). Large setup violations at the end of those stages might be difficult to fix during the post-placement implementation flow and could be the result of non-optimal XDC constraints or non-optimal design architecture
Related violations: <none>

TIMING-16#448 Warning
Large setup violation  
There is a large setup violation of -1.561 ns between MB_i/simple_axi_writer_0/inst/sha256_inst/round_count_reg[2]_replica_2/C (clocked by clk_out1_MB_clk_wiz_0_2) and MB_i/simple_axi_writer_0/inst/sha256_inst/W_reg[25][25]/D (clocked by clk_out1_MB_clk_wiz_0_2). Large setup violations at the end of those stages might be difficult to fix during the post-placement implementation flow and could be the result of non-optimal XDC constraints or non-optimal design architecture
Related violations: <none>

TIMING-16#449 Warning
Large setup violation  
There is a large setup violation of -1.563 ns between MB_i/simple_axi_writer_0/inst/sha256_inst/round_count_reg[2]_replica_1/C (clocked by clk_out1_MB_clk_wiz_0_2) and MB_i/simple_axi_writer_0/inst/sha256_inst/W_reg[20][1]/D (clocked by clk_out1_MB_clk_wiz_0_2). Large setup violations at the end of those stages might be difficult to fix during the post-placement implementation flow and could be the result of non-optimal XDC constraints or non-optimal design architecture
Related violations: <none>

TIMING-16#450 Warning
Large setup violation  
There is a large setup violation of -1.567 ns between MB_i/simple_axi_writer_0/inst/sha256_inst/round_count_reg[2]_replica_2/C (clocked by clk_out1_MB_clk_wiz_0_2) and MB_i/simple_axi_writer_0/inst/sha256_inst/W_reg[21][29]/D (clocked by clk_out1_MB_clk_wiz_0_2). Large setup violations at the end of those stages might be difficult to fix during the post-placement implementation flow and could be the result of non-optimal XDC constraints or non-optimal design architecture
Related violations: <none>

TIMING-16#451 Warning
Large setup violation  
There is a large setup violation of -1.573 ns between MB_i/simple_axi_writer_0/inst/sha256_inst/round_count_reg[2]_replica_2/C (clocked by clk_out1_MB_clk_wiz_0_2) and MB_i/simple_axi_writer_0/inst/sha256_inst/W_reg[33][17]/D (clocked by clk_out1_MB_clk_wiz_0_2). Large setup violations at the end of those stages might be difficult to fix during the post-placement implementation flow and could be the result of non-optimal XDC constraints or non-optimal design architecture
Related violations: <none>

TIMING-16#452 Warning
Large setup violation  
There is a large setup violation of -1.578 ns between MB_i/simple_axi_writer_0/inst/sha256_inst/round_count_reg[2]_replica_2/C (clocked by clk_out1_MB_clk_wiz_0_2) and MB_i/simple_axi_writer_0/inst/sha256_inst/W_reg[19][29]/D (clocked by clk_out1_MB_clk_wiz_0_2). Large setup violations at the end of those stages might be difficult to fix during the post-placement implementation flow and could be the result of non-optimal XDC constraints or non-optimal design architecture
Related violations: <none>

TIMING-16#453 Warning
Large setup violation  
There is a large setup violation of -1.582 ns between MB_i/simple_axi_writer_0/inst/sha256_inst/round_count_reg[2]_replica_2/C (clocked by clk_out1_MB_clk_wiz_0_2) and MB_i/simple_axi_writer_0/inst/sha256_inst/W_reg[42][29]/D (clocked by clk_out1_MB_clk_wiz_0_2). Large setup violations at the end of those stages might be difficult to fix during the post-placement implementation flow and could be the result of non-optimal XDC constraints or non-optimal design architecture
Related violations: <none>

TIMING-16#454 Warning
Large setup violation  
There is a large setup violation of -1.582 ns between MB_i/simple_axi_writer_0/inst/sha256_inst/round_count_reg[2]_replica_2/C (clocked by clk_out1_MB_clk_wiz_0_2) and MB_i/simple_axi_writer_0/inst/sha256_inst/W_reg[58][26]/D (clocked by clk_out1_MB_clk_wiz_0_2). Large setup violations at the end of those stages might be difficult to fix during the post-placement implementation flow and could be the result of non-optimal XDC constraints or non-optimal design architecture
Related violations: <none>

TIMING-16#455 Warning
Large setup violation  
There is a large setup violation of -1.591 ns between MB_i/simple_axi_writer_0/inst/sha256_inst/round_count_reg[2]_replica_2/C (clocked by clk_out1_MB_clk_wiz_0_2) and MB_i/simple_axi_writer_0/inst/sha256_inst/W_reg[29][29]/D (clocked by clk_out1_MB_clk_wiz_0_2). Large setup violations at the end of those stages might be difficult to fix during the post-placement implementation flow and could be the result of non-optimal XDC constraints or non-optimal design architecture
Related violations: <none>

TIMING-16#456 Warning
Large setup violation  
There is a large setup violation of -1.598 ns between MB_i/simple_axi_writer_0/inst/sha256_inst/round_count_reg[2]_replica_2/C (clocked by clk_out1_MB_clk_wiz_0_2) and MB_i/simple_axi_writer_0/inst/sha256_inst/W_reg[58][6]/D (clocked by clk_out1_MB_clk_wiz_0_2). Large setup violations at the end of those stages might be difficult to fix during the post-placement implementation flow and could be the result of non-optimal XDC constraints or non-optimal design architecture
Related violations: <none>

TIMING-16#457 Warning
Large setup violation  
There is a large setup violation of -1.606 ns between MB_i/simple_axi_writer_0/inst/sha256_inst/round_count_reg[2]_replica_2/C (clocked by clk_out1_MB_clk_wiz_0_2) and MB_i/simple_axi_writer_0/inst/sha256_inst/W_reg[61][11]/D (clocked by clk_out1_MB_clk_wiz_0_2). Large setup violations at the end of those stages might be difficult to fix during the post-placement implementation flow and could be the result of non-optimal XDC constraints or non-optimal design architecture
Related violations: <none>

TIMING-16#458 Warning
Large setup violation  
There is a large setup violation of -1.607 ns between MB_i/simple_axi_writer_0/inst/sha256_inst/round_count_reg[2]_replica_2/C (clocked by clk_out1_MB_clk_wiz_0_2) and MB_i/simple_axi_writer_0/inst/sha256_inst/W_reg[36][13]/D (clocked by clk_out1_MB_clk_wiz_0_2). Large setup violations at the end of those stages might be difficult to fix during the post-placement implementation flow and could be the result of non-optimal XDC constraints or non-optimal design architecture
Related violations: <none>

TIMING-16#459 Warning
Large setup violation  
There is a large setup violation of -1.609 ns between MB_i/simple_axi_writer_0/inst/sha256_inst/round_count_reg[2]_replica_2/C (clocked by clk_out1_MB_clk_wiz_0_2) and MB_i/simple_axi_writer_0/inst/sha256_inst/W_reg[63][26]/D (clocked by clk_out1_MB_clk_wiz_0_2). Large setup violations at the end of those stages might be difficult to fix during the post-placement implementation flow and could be the result of non-optimal XDC constraints or non-optimal design architecture
Related violations: <none>

TIMING-16#460 Warning
Large setup violation  
There is a large setup violation of -1.611 ns between MB_i/simple_axi_writer_0/inst/sha256_inst/round_count_reg[2]_replica_2/C (clocked by clk_out1_MB_clk_wiz_0_2) and MB_i/simple_axi_writer_0/inst/sha256_inst/W_reg[52][26]/D (clocked by clk_out1_MB_clk_wiz_0_2). Large setup violations at the end of those stages might be difficult to fix during the post-placement implementation flow and could be the result of non-optimal XDC constraints or non-optimal design architecture
Related violations: <none>

TIMING-16#461 Warning
Large setup violation  
There is a large setup violation of -1.612 ns between MB_i/simple_axi_writer_0/inst/sha256_inst/round_count_reg[2]_replica_2/C (clocked by clk_out1_MB_clk_wiz_0_2) and MB_i/simple_axi_writer_0/inst/sha256_inst/W_reg[41][29]/D (clocked by clk_out1_MB_clk_wiz_0_2). Large setup violations at the end of those stages might be difficult to fix during the post-placement implementation flow and could be the result of non-optimal XDC constraints or non-optimal design architecture
Related violations: <none>

TIMING-16#462 Warning
Large setup violation  
There is a large setup violation of -1.631 ns between MB_i/simple_axi_writer_0/inst/sha256_inst/round_count_reg[2]_replica_2/C (clocked by clk_out1_MB_clk_wiz_0_2) and MB_i/simple_axi_writer_0/inst/sha256_inst/W_reg[63][29]/D (clocked by clk_out1_MB_clk_wiz_0_2). Large setup violations at the end of those stages might be difficult to fix during the post-placement implementation flow and could be the result of non-optimal XDC constraints or non-optimal design architecture
Related violations: <none>

TIMING-16#463 Warning
Large setup violation  
There is a large setup violation of -1.634 ns between MB_i/simple_axi_writer_0/inst/sha256_inst/round_count_reg[2]_replica_2/C (clocked by clk_out1_MB_clk_wiz_0_2) and MB_i/simple_axi_writer_0/inst/sha256_inst/W_reg[57][28]/D (clocked by clk_out1_MB_clk_wiz_0_2). Large setup violations at the end of those stages might be difficult to fix during the post-placement implementation flow and could be the result of non-optimal XDC constraints or non-optimal design architecture
Related violations: <none>

TIMING-16#464 Warning
Large setup violation  
There is a large setup violation of -1.639 ns between MB_i/simple_axi_writer_0/inst/sha256_inst/round_count_reg[2]_replica_2/C (clocked by clk_out1_MB_clk_wiz_0_2) and MB_i/simple_axi_writer_0/inst/sha256_inst/W_reg[33][24]/D (clocked by clk_out1_MB_clk_wiz_0_2). Large setup violations at the end of those stages might be difficult to fix during the post-placement implementation flow and could be the result of non-optimal XDC constraints or non-optimal design architecture
Related violations: <none>

TIMING-16#465 Warning
Large setup violation  
There is a large setup violation of -1.640 ns between MB_i/simple_axi_writer_0/inst/sha256_inst/round_count_reg[2]_replica_2/C (clocked by clk_out1_MB_clk_wiz_0_2) and MB_i/simple_axi_writer_0/inst/sha256_inst/W_reg[25][17]/D (clocked by clk_out1_MB_clk_wiz_0_2). Large setup violations at the end of those stages might be difficult to fix during the post-placement implementation flow and could be the result of non-optimal XDC constraints or non-optimal design architecture
Related violations: <none>

TIMING-16#466 Warning
Large setup violation  
There is a large setup violation of -1.643 ns between MB_i/simple_axi_writer_0/inst/sha256_inst/round_count_reg[2]_replica_2/C (clocked by clk_out1_MB_clk_wiz_0_2) and MB_i/simple_axi_writer_0/inst/sha256_inst/W_reg[39][29]/D (clocked by clk_out1_MB_clk_wiz_0_2). Large setup violations at the end of those stages might be difficult to fix during the post-placement implementation flow and could be the result of non-optimal XDC constraints or non-optimal design architecture
Related violations: <none>

TIMING-16#467 Warning
Large setup violation  
There is a large setup violation of -1.644 ns between MB_i/simple_axi_writer_0/inst/sha256_inst/round_count_reg[2]_replica_2/C (clocked by clk_out1_MB_clk_wiz_0_2) and MB_i/simple_axi_writer_0/inst/sha256_inst/W_reg[62][18]/D (clocked by clk_out1_MB_clk_wiz_0_2). Large setup violations at the end of those stages might be difficult to fix during the post-placement implementation flow and could be the result of non-optimal XDC constraints or non-optimal design architecture
Related violations: <none>

TIMING-16#468 Warning
Large setup violation  
There is a large setup violation of -1.646 ns between MB_i/simple_axi_writer_0/inst/sha256_inst/round_count_reg[2]_replica_2/C (clocked by clk_out1_MB_clk_wiz_0_2) and MB_i/simple_axi_writer_0/inst/sha256_inst/W_reg[24][27]/D (clocked by clk_out1_MB_clk_wiz_0_2). Large setup violations at the end of those stages might be difficult to fix during the post-placement implementation flow and could be the result of non-optimal XDC constraints or non-optimal design architecture
Related violations: <none>

TIMING-16#469 Warning
Large setup violation  
There is a large setup violation of -1.649 ns between MB_i/simple_axi_writer_0/inst/sha256_inst/round_count_reg[2]_replica_2/C (clocked by clk_out1_MB_clk_wiz_0_2) and MB_i/simple_axi_writer_0/inst/sha256_inst/W_reg[39][13]/D (clocked by clk_out1_MB_clk_wiz_0_2). Large setup violations at the end of those stages might be difficult to fix during the post-placement implementation flow and could be the result of non-optimal XDC constraints or non-optimal design architecture
Related violations: <none>

TIMING-16#470 Warning
Large setup violation  
There is a large setup violation of -1.649 ns between MB_i/simple_axi_writer_0/inst/sha256_inst/round_count_reg[2]_replica_2/C (clocked by clk_out1_MB_clk_wiz_0_2) and MB_i/simple_axi_writer_0/inst/sha256_inst/W_reg[55][18]/D (clocked by clk_out1_MB_clk_wiz_0_2). Large setup violations at the end of those stages might be difficult to fix during the post-placement implementation flow and could be the result of non-optimal XDC constraints or non-optimal design architecture
Related violations: <none>

TIMING-16#471 Warning
Large setup violation  
There is a large setup violation of -1.663 ns between MB_i/simple_axi_writer_0/inst/sha256_inst/round_count_reg[2]_replica_2/C (clocked by clk_out1_MB_clk_wiz_0_2) and MB_i/simple_axi_writer_0/inst/sha256_inst/W_reg[20][26]/D (clocked by clk_out1_MB_clk_wiz_0_2). Large setup violations at the end of those stages might be difficult to fix during the post-placement implementation flow and could be the result of non-optimal XDC constraints or non-optimal design architecture
Related violations: <none>

TIMING-16#472 Warning
Large setup violation  
There is a large setup violation of -1.663 ns between MB_i/simple_axi_writer_0/inst/sha256_inst/round_count_reg[2]_replica_2/C (clocked by clk_out1_MB_clk_wiz_0_2) and MB_i/simple_axi_writer_0/inst/sha256_inst/W_reg[37][27]/D (clocked by clk_out1_MB_clk_wiz_0_2). Large setup violations at the end of those stages might be difficult to fix during the post-placement implementation flow and could be the result of non-optimal XDC constraints or non-optimal design architecture
Related violations: <none>

TIMING-16#473 Warning
Large setup violation  
There is a large setup violation of -1.673 ns between MB_i/simple_axi_writer_0/inst/sha256_inst/round_count_reg[2]_replica_2/C (clocked by clk_out1_MB_clk_wiz_0_2) and MB_i/simple_axi_writer_0/inst/sha256_inst/W_reg[57][24]/D (clocked by clk_out1_MB_clk_wiz_0_2). Large setup violations at the end of those stages might be difficult to fix during the post-placement implementation flow and could be the result of non-optimal XDC constraints or non-optimal design architecture
Related violations: <none>

TIMING-16#474 Warning
Large setup violation  
There is a large setup violation of -1.684 ns between MB_i/simple_axi_writer_0/inst/sha256_inst/round_count_reg[2]_replica_2/C (clocked by clk_out1_MB_clk_wiz_0_2) and MB_i/simple_axi_writer_0/inst/sha256_inst/W_reg[16][29]/D (clocked by clk_out1_MB_clk_wiz_0_2). Large setup violations at the end of those stages might be difficult to fix during the post-placement implementation flow and could be the result of non-optimal XDC constraints or non-optimal design architecture
Related violations: <none>

TIMING-16#475 Warning
Large setup violation  
There is a large setup violation of -1.686 ns between MB_i/simple_axi_writer_0/inst/sha256_inst/round_count_reg[2]_replica_2/C (clocked by clk_out1_MB_clk_wiz_0_2) and MB_i/simple_axi_writer_0/inst/sha256_inst/W_reg[46][29]/D (clocked by clk_out1_MB_clk_wiz_0_2). Large setup violations at the end of those stages might be difficult to fix during the post-placement implementation flow and could be the result of non-optimal XDC constraints or non-optimal design architecture
Related violations: <none>

TIMING-16#476 Warning
Large setup violation  
There is a large setup violation of -1.691 ns between MB_i/simple_axi_writer_0/inst/sha256_inst/round_count_reg[2]_replica_2/C (clocked by clk_out1_MB_clk_wiz_0_2) and MB_i/simple_axi_writer_0/inst/sha256_inst/W_reg[37][4]/D (clocked by clk_out1_MB_clk_wiz_0_2). Large setup violations at the end of those stages might be difficult to fix during the post-placement implementation flow and could be the result of non-optimal XDC constraints or non-optimal design architecture
Related violations: <none>

TIMING-16#477 Warning
Large setup violation  
There is a large setup violation of -1.708 ns between MB_i/simple_axi_writer_0/inst/sha256_inst/round_count_reg[2]_replica_1/C (clocked by clk_out1_MB_clk_wiz_0_2) and MB_i/simple_axi_writer_0/inst/sha256_inst/e_reg[1]/D (clocked by clk_out1_MB_clk_wiz_0_2). Large setup violations at the end of those stages might be difficult to fix during the post-placement implementation flow and could be the result of non-optimal XDC constraints or non-optimal design architecture
Related violations: <none>

TIMING-16#478 Warning
Large setup violation  
There is a large setup violation of -1.716 ns between MB_i/simple_axi_writer_0/inst/sha256_inst/round_count_reg[2]_replica_2/C (clocked by clk_out1_MB_clk_wiz_0_2) and MB_i/simple_axi_writer_0/inst/sha256_inst/W_reg[61][29]/D (clocked by clk_out1_MB_clk_wiz_0_2). Large setup violations at the end of those stages might be difficult to fix during the post-placement implementation flow and could be the result of non-optimal XDC constraints or non-optimal design architecture
Related violations: <none>

TIMING-16#479 Warning
Large setup violation  
There is a large setup violation of -1.719 ns between MB_i/simple_axi_writer_0/inst/sha256_inst/round_count_reg[2]_replica_2/C (clocked by clk_out1_MB_clk_wiz_0_2) and MB_i/simple_axi_writer_0/inst/sha256_inst/W_reg[34][29]/D (clocked by clk_out1_MB_clk_wiz_0_2). Large setup violations at the end of those stages might be difficult to fix during the post-placement implementation flow and could be the result of non-optimal XDC constraints or non-optimal design architecture
Related violations: <none>

TIMING-16#480 Warning
Large setup violation  
There is a large setup violation of -1.727 ns between MB_i/simple_axi_writer_0/inst/sha256_inst/round_count_reg[2]_replica_2/C (clocked by clk_out1_MB_clk_wiz_0_2) and MB_i/simple_axi_writer_0/inst/sha256_inst/W_reg[62][4]/D (clocked by clk_out1_MB_clk_wiz_0_2). Large setup violations at the end of those stages might be difficult to fix during the post-placement implementation flow and could be the result of non-optimal XDC constraints or non-optimal design architecture
Related violations: <none>

TIMING-16#481 Warning
Large setup violation  
There is a large setup violation of -1.730 ns between MB_i/simple_axi_writer_0/inst/sha256_inst/round_count_reg[2]_replica_2/C (clocked by clk_out1_MB_clk_wiz_0_2) and MB_i/simple_axi_writer_0/inst/sha256_inst/W_reg[51][26]/D (clocked by clk_out1_MB_clk_wiz_0_2). Large setup violations at the end of those stages might be difficult to fix during the post-placement implementation flow and could be the result of non-optimal XDC constraints or non-optimal design architecture
Related violations: <none>

TIMING-16#482 Warning
Large setup violation  
There is a large setup violation of -1.743 ns between MB_i/simple_axi_writer_0/inst/sha256_inst/round_count_reg[2]_replica_2/C (clocked by clk_out1_MB_clk_wiz_0_2) and MB_i/simple_axi_writer_0/inst/sha256_inst/W_reg[27][26]/D (clocked by clk_out1_MB_clk_wiz_0_2). Large setup violations at the end of those stages might be difficult to fix during the post-placement implementation flow and could be the result of non-optimal XDC constraints or non-optimal design architecture
Related violations: <none>

TIMING-16#483 Warning
Large setup violation  
There is a large setup violation of -1.750 ns between MB_i/simple_axi_writer_0/inst/sha256_inst/round_count_reg[2]_replica_2/C (clocked by clk_out1_MB_clk_wiz_0_2) and MB_i/simple_axi_writer_0/inst/sha256_inst/W_reg[56][13]/D (clocked by clk_out1_MB_clk_wiz_0_2). Large setup violations at the end of those stages might be difficult to fix during the post-placement implementation flow and could be the result of non-optimal XDC constraints or non-optimal design architecture
Related violations: <none>

TIMING-16#484 Warning
Large setup violation  
There is a large setup violation of -1.757 ns between MB_i/simple_axi_writer_0/inst/sha256_inst/round_count_reg[2]_replica_2/C (clocked by clk_out1_MB_clk_wiz_0_2) and MB_i/simple_axi_writer_0/inst/sha256_inst/W_reg[24][6]/D (clocked by clk_out1_MB_clk_wiz_0_2). Large setup violations at the end of those stages might be difficult to fix during the post-placement implementation flow and could be the result of non-optimal XDC constraints or non-optimal design architecture
Related violations: <none>

TIMING-16#485 Warning
Large setup violation  
There is a large setup violation of -1.757 ns between MB_i/simple_axi_writer_0/inst/sha256_inst/round_count_reg[2]_replica_2/C (clocked by clk_out1_MB_clk_wiz_0_2) and MB_i/simple_axi_writer_0/inst/sha256_inst/W_reg[61][4]/D (clocked by clk_out1_MB_clk_wiz_0_2). Large setup violations at the end of those stages might be difficult to fix during the post-placement implementation flow and could be the result of non-optimal XDC constraints or non-optimal design architecture
Related violations: <none>

TIMING-16#486 Warning
Large setup violation  
There is a large setup violation of -1.761 ns between MB_i/simple_axi_writer_0/inst/sha256_inst/round_count_reg[2]_replica_2/C (clocked by clk_out1_MB_clk_wiz_0_2) and MB_i/simple_axi_writer_0/inst/sha256_inst/W_reg[53][26]/D (clocked by clk_out1_MB_clk_wiz_0_2). Large setup violations at the end of those stages might be difficult to fix during the post-placement implementation flow and could be the result of non-optimal XDC constraints or non-optimal design architecture
Related violations: <none>

TIMING-16#487 Warning
Large setup violation  
There is a large setup violation of -1.765 ns between MB_i/simple_axi_writer_0/inst/sha256_inst/round_count_reg[2]_replica_2/C (clocked by clk_out1_MB_clk_wiz_0_2) and MB_i/simple_axi_writer_0/inst/sha256_inst/W_reg[55][26]/D (clocked by clk_out1_MB_clk_wiz_0_2). Large setup violations at the end of those stages might be difficult to fix during the post-placement implementation flow and could be the result of non-optimal XDC constraints or non-optimal design architecture
Related violations: <none>

TIMING-16#488 Warning
Large setup violation  
There is a large setup violation of -1.767 ns between MB_i/simple_axi_writer_0/inst/sha256_inst/round_count_reg[2]_replica_2/C (clocked by clk_out1_MB_clk_wiz_0_2) and MB_i/simple_axi_writer_0/inst/sha256_inst/W_reg[45][26]/D (clocked by clk_out1_MB_clk_wiz_0_2). Large setup violations at the end of those stages might be difficult to fix during the post-placement implementation flow and could be the result of non-optimal XDC constraints or non-optimal design architecture
Related violations: <none>

TIMING-16#489 Warning
Large setup violation  
There is a large setup violation of -1.770 ns between MB_i/simple_axi_writer_0/inst/sha256_inst/round_count_reg[2]_replica_2/C (clocked by clk_out1_MB_clk_wiz_0_2) and MB_i/simple_axi_writer_0/inst/sha256_inst/W_reg[32][29]/D (clocked by clk_out1_MB_clk_wiz_0_2). Large setup violations at the end of those stages might be difficult to fix during the post-placement implementation flow and could be the result of non-optimal XDC constraints or non-optimal design architecture
Related violations: <none>

TIMING-16#490 Warning
Large setup violation  
There is a large setup violation of -1.785 ns between MB_i/simple_axi_writer_0/inst/sha256_inst/round_count_reg[2]_replica_2/C (clocked by clk_out1_MB_clk_wiz_0_2) and MB_i/simple_axi_writer_0/inst/sha256_inst/W_reg[18][13]/D (clocked by clk_out1_MB_clk_wiz_0_2). Large setup violations at the end of those stages might be difficult to fix during the post-placement implementation flow and could be the result of non-optimal XDC constraints or non-optimal design architecture
Related violations: <none>

TIMING-16#491 Warning
Large setup violation  
There is a large setup violation of -1.787 ns between MB_i/simple_axi_writer_0/inst/sha256_inst/round_count_reg[2]_replica_2/C (clocked by clk_out1_MB_clk_wiz_0_2) and MB_i/simple_axi_writer_0/inst/sha256_inst/W_reg[30][23]/D (clocked by clk_out1_MB_clk_wiz_0_2). Large setup violations at the end of those stages might be difficult to fix during the post-placement implementation flow and could be the result of non-optimal XDC constraints or non-optimal design architecture
Related violations: <none>

TIMING-16#492 Warning
Large setup violation  
There is a large setup violation of -1.803 ns between MB_i/simple_axi_writer_0/inst/sha256_inst/round_count_reg[2]_replica_2/C (clocked by clk_out1_MB_clk_wiz_0_2) and MB_i/simple_axi_writer_0/inst/sha256_inst/W_reg[62][16]/D (clocked by clk_out1_MB_clk_wiz_0_2). Large setup violations at the end of those stages might be difficult to fix during the post-placement implementation flow and could be the result of non-optimal XDC constraints or non-optimal design architecture
Related violations: <none>

TIMING-16#493 Warning
Large setup violation  
There is a large setup violation of -1.804 ns between MB_i/simple_axi_writer_0/inst/sha256_inst/round_count_reg[2]_replica_2/C (clocked by clk_out1_MB_clk_wiz_0_2) and MB_i/simple_axi_writer_0/inst/sha256_inst/W_reg[20][18]/D (clocked by clk_out1_MB_clk_wiz_0_2). Large setup violations at the end of those stages might be difficult to fix during the post-placement implementation flow and could be the result of non-optimal XDC constraints or non-optimal design architecture
Related violations: <none>

TIMING-16#494 Warning
Large setup violation  
There is a large setup violation of -1.830 ns between MB_i/simple_axi_writer_0/inst/sha256_inst/round_count_reg[2]_replica_2/C (clocked by clk_out1_MB_clk_wiz_0_2) and MB_i/simple_axi_writer_0/inst/sha256_inst/W_reg[23][26]/D (clocked by clk_out1_MB_clk_wiz_0_2). Large setup violations at the end of those stages might be difficult to fix during the post-placement implementation flow and could be the result of non-optimal XDC constraints or non-optimal design architecture
Related violations: <none>

TIMING-16#495 Warning
Large setup violation  
There is a large setup violation of -1.841 ns between MB_i/simple_axi_writer_0/inst/sha256_inst/round_count_reg[2]_replica_2/C (clocked by clk_out1_MB_clk_wiz_0_2) and MB_i/simple_axi_writer_0/inst/sha256_inst/W_reg[27][19]/D (clocked by clk_out1_MB_clk_wiz_0_2). Large setup violations at the end of those stages might be difficult to fix during the post-placement implementation flow and could be the result of non-optimal XDC constraints or non-optimal design architecture
Related violations: <none>

TIMING-16#496 Warning
Large setup violation  
There is a large setup violation of -1.843 ns between MB_i/simple_axi_writer_0/inst/sha256_inst/round_count_reg[2]_replica_2/C (clocked by clk_out1_MB_clk_wiz_0_2) and MB_i/simple_axi_writer_0/inst/sha256_inst/W_reg[24][26]/D (clocked by clk_out1_MB_clk_wiz_0_2). Large setup violations at the end of those stages might be difficult to fix during the post-placement implementation flow and could be the result of non-optimal XDC constraints or non-optimal design architecture
Related violations: <none>

TIMING-16#497 Warning
Large setup violation  
There is a large setup violation of -1.851 ns between MB_i/simple_axi_writer_0/inst/sha256_inst/round_count_reg[2]_replica_1/C (clocked by clk_out1_MB_clk_wiz_0_2) and MB_i/simple_axi_writer_0/inst/sha256_inst/W_reg[46][1]/D (clocked by clk_out1_MB_clk_wiz_0_2). Large setup violations at the end of those stages might be difficult to fix during the post-placement implementation flow and could be the result of non-optimal XDC constraints or non-optimal design architecture
Related violations: <none>

TIMING-16#498 Warning
Large setup violation  
There is a large setup violation of -1.873 ns between MB_i/simple_axi_writer_0/inst/sha256_inst/round_count_reg[2]_replica_2/C (clocked by clk_out1_MB_clk_wiz_0_2) and MB_i/simple_axi_writer_0/inst/sha256_inst/W_reg[54][26]/D (clocked by clk_out1_MB_clk_wiz_0_2). Large setup violations at the end of those stages might be difficult to fix during the post-placement implementation flow and could be the result of non-optimal XDC constraints or non-optimal design architecture
Related violations: <none>

TIMING-16#499 Warning
Large setup violation  
There is a large setup violation of -1.881 ns between MB_i/simple_axi_writer_0/inst/sha256_inst/round_count_reg[2]_replica_2/C (clocked by clk_out1_MB_clk_wiz_0_2) and MB_i/simple_axi_writer_0/inst/sha256_inst/W_reg[30][17]/D (clocked by clk_out1_MB_clk_wiz_0_2). Large setup violations at the end of those stages might be difficult to fix during the post-placement implementation flow and could be the result of non-optimal XDC constraints or non-optimal design architecture
Related violations: <none>

TIMING-16#500 Warning
Large setup violation  
There is a large setup violation of -1.902 ns between MB_i/simple_axi_writer_0/inst/sha256_inst/round_count_reg[2]_replica_2/C (clocked by clk_out1_MB_clk_wiz_0_2) and MB_i/simple_axi_writer_0/inst/sha256_inst/W_reg[38][26]/D (clocked by clk_out1_MB_clk_wiz_0_2). Large setup violations at the end of those stages might be difficult to fix during the post-placement implementation flow and could be the result of non-optimal XDC constraints or non-optimal design architecture
Related violations: <none>

TIMING-16#501 Warning
Large setup violation  
There is a large setup violation of -1.906 ns between MB_i/simple_axi_writer_0/inst/sha256_inst/round_count_reg[2]_replica_2/C (clocked by clk_out1_MB_clk_wiz_0_2) and MB_i/simple_axi_writer_0/inst/sha256_inst/W_reg[16][26]/D (clocked by clk_out1_MB_clk_wiz_0_2). Large setup violations at the end of those stages might be difficult to fix during the post-placement implementation flow and could be the result of non-optimal XDC constraints or non-optimal design architecture
Related violations: <none>

TIMING-16#502 Warning
Large setup violation  
There is a large setup violation of -1.931 ns between MB_i/simple_axi_writer_0/inst/sha256_inst/round_count_reg[2]_replica_2/C (clocked by clk_out1_MB_clk_wiz_0_2) and MB_i/simple_axi_writer_0/inst/sha256_inst/W_reg[55][13]/D (clocked by clk_out1_MB_clk_wiz_0_2). Large setup violations at the end of those stages might be difficult to fix during the post-placement implementation flow and could be the result of non-optimal XDC constraints or non-optimal design architecture
Related violations: <none>

TIMING-16#503 Warning
Large setup violation  
There is a large setup violation of -1.943 ns between MB_i/simple_axi_writer_0/inst/sha256_inst/round_count_reg[2]_replica_2/C (clocked by clk_out1_MB_clk_wiz_0_2) and MB_i/simple_axi_writer_0/inst/sha256_inst/W_reg[60][4]/D (clocked by clk_out1_MB_clk_wiz_0_2). Large setup violations at the end of those stages might be difficult to fix during the post-placement implementation flow and could be the result of non-optimal XDC constraints or non-optimal design architecture
Related violations: <none>

TIMING-16#504 Warning
Large setup violation  
There is a large setup violation of -1.953 ns between MB_i/simple_axi_writer_0/inst/sha256_inst/round_count_reg[2]_replica_2/C (clocked by clk_out1_MB_clk_wiz_0_2) and MB_i/simple_axi_writer_0/inst/sha256_inst/W_reg[57][26]/D (clocked by clk_out1_MB_clk_wiz_0_2). Large setup violations at the end of those stages might be difficult to fix during the post-placement implementation flow and could be the result of non-optimal XDC constraints or non-optimal design architecture
Related violations: <none>

TIMING-16#505 Warning
Large setup violation  
There is a large setup violation of -1.961 ns between MB_i/simple_axi_writer_0/inst/sha256_inst/round_count_reg[2]_replica_2/C (clocked by clk_out1_MB_clk_wiz_0_2) and MB_i/simple_axi_writer_0/inst/sha256_inst/W_reg[59][26]/D (clocked by clk_out1_MB_clk_wiz_0_2). Large setup violations at the end of those stages might be difficult to fix during the post-placement implementation flow and could be the result of non-optimal XDC constraints or non-optimal design architecture
Related violations: <none>

TIMING-16#506 Warning
Large setup violation  
There is a large setup violation of -1.962 ns between MB_i/simple_axi_writer_0/inst/sha256_inst/round_count_reg[2]_replica_2/C (clocked by clk_out1_MB_clk_wiz_0_2) and MB_i/simple_axi_writer_0/inst/sha256_inst/W_reg[20][16]/D (clocked by clk_out1_MB_clk_wiz_0_2). Large setup violations at the end of those stages might be difficult to fix during the post-placement implementation flow and could be the result of non-optimal XDC constraints or non-optimal design architecture
Related violations: <none>

TIMING-16#507 Warning
Large setup violation  
There is a large setup violation of -1.965 ns between MB_i/simple_axi_writer_0/inst/sha256_inst/round_count_reg[2]_replica_1/C (clocked by clk_out1_MB_clk_wiz_0_2) and MB_i/simple_axi_writer_0/inst/sha256_inst/a_reg[1]/D (clocked by clk_out1_MB_clk_wiz_0_2). Large setup violations at the end of those stages might be difficult to fix during the post-placement implementation flow and could be the result of non-optimal XDC constraints or non-optimal design architecture
Related violations: <none>

TIMING-16#508 Warning
Large setup violation  
There is a large setup violation of -1.966 ns between MB_i/simple_axi_writer_0/inst/sha256_inst/round_count_reg[2]_replica_2/C (clocked by clk_out1_MB_clk_wiz_0_2) and MB_i/simple_axi_writer_0/inst/sha256_inst/W_reg[19][16]/D (clocked by clk_out1_MB_clk_wiz_0_2). Large setup violations at the end of those stages might be difficult to fix during the post-placement implementation flow and could be the result of non-optimal XDC constraints or non-optimal design architecture
Related violations: <none>

TIMING-16#509 Warning
Large setup violation  
There is a large setup violation of -1.972 ns between MB_i/simple_axi_writer_0/inst/sha256_inst/round_count_reg[2]_replica_2/C (clocked by clk_out1_MB_clk_wiz_0_2) and MB_i/simple_axi_writer_0/inst/sha256_inst/W_reg[43][26]/D (clocked by clk_out1_MB_clk_wiz_0_2). Large setup violations at the end of those stages might be difficult to fix during the post-placement implementation flow and could be the result of non-optimal XDC constraints or non-optimal design architecture
Related violations: <none>

TIMING-16#510 Warning
Large setup violation  
There is a large setup violation of -1.974 ns between MB_i/simple_axi_writer_0/inst/sha256_inst/round_count_reg[2]_replica_2/C (clocked by clk_out1_MB_clk_wiz_0_2) and MB_i/simple_axi_writer_0/inst/sha256_inst/W_reg[28][26]/D (clocked by clk_out1_MB_clk_wiz_0_2). Large setup violations at the end of those stages might be difficult to fix during the post-placement implementation flow and could be the result of non-optimal XDC constraints or non-optimal design architecture
Related violations: <none>

TIMING-16#511 Warning
Large setup violation  
There is a large setup violation of -1.986 ns between MB_i/simple_axi_writer_0/inst/sha256_inst/round_count_reg[2]_replica_2/C (clocked by clk_out1_MB_clk_wiz_0_2) and MB_i/simple_axi_writer_0/inst/sha256_inst/W_reg[31][26]/D (clocked by clk_out1_MB_clk_wiz_0_2). Large setup violations at the end of those stages might be difficult to fix during the post-placement implementation flow and could be the result of non-optimal XDC constraints or non-optimal design architecture
Related violations: <none>

TIMING-16#512 Warning
Large setup violation  
There is a large setup violation of -2.006 ns between MB_i/simple_axi_writer_0/inst/sha256_inst/round_count_reg[2]_replica_2/C (clocked by clk_out1_MB_clk_wiz_0_2) and MB_i/simple_axi_writer_0/inst/sha256_inst/W_reg[27][13]/D (clocked by clk_out1_MB_clk_wiz_0_2). Large setup violations at the end of those stages might be difficult to fix during the post-placement implementation flow and could be the result of non-optimal XDC constraints or non-optimal design architecture
Related violations: <none>

TIMING-16#513 Warning
Large setup violation  
There is a large setup violation of -2.020 ns between MB_i/simple_axi_writer_0/inst/sha256_inst/round_count_reg[2]_replica_2/C (clocked by clk_out1_MB_clk_wiz_0_2) and MB_i/simple_axi_writer_0/inst/sha256_inst/W_reg[25][13]/D (clocked by clk_out1_MB_clk_wiz_0_2). Large setup violations at the end of those stages might be difficult to fix during the post-placement implementation flow and could be the result of non-optimal XDC constraints or non-optimal design architecture
Related violations: <none>

TIMING-16#514 Warning
Large setup violation  
There is a large setup violation of -2.054 ns between MB_i/simple_axi_writer_0/inst/sha256_inst/round_count_reg[2]_replica_2/C (clocked by clk_out1_MB_clk_wiz_0_2) and MB_i/simple_axi_writer_0/inst/sha256_inst/W_reg[55][4]/D (clocked by clk_out1_MB_clk_wiz_0_2). Large setup violations at the end of those stages might be difficult to fix during the post-placement implementation flow and could be the result of non-optimal XDC constraints or non-optimal design architecture
Related violations: <none>

TIMING-16#515 Warning
Large setup violation  
There is a large setup violation of -2.064 ns between MB_i/simple_axi_writer_0/inst/sha256_inst/round_count_reg[2]_replica_2/C (clocked by clk_out1_MB_clk_wiz_0_2) and MB_i/simple_axi_writer_0/inst/sha256_inst/W_reg[51][28]/D (clocked by clk_out1_MB_clk_wiz_0_2). Large setup violations at the end of those stages might be difficult to fix during the post-placement implementation flow and could be the result of non-optimal XDC constraints or non-optimal design architecture
Related violations: <none>

TIMING-16#516 Warning
Large setup violation  
There is a large setup violation of -2.107 ns between MB_i/simple_axi_writer_0/inst/sha256_inst/round_count_reg[2]_replica_2/C (clocked by clk_out1_MB_clk_wiz_0_2) and MB_i/simple_axi_writer_0/inst/sha256_inst/W_reg[25][4]/D (clocked by clk_out1_MB_clk_wiz_0_2). Large setup violations at the end of those stages might be difficult to fix during the post-placement implementation flow and could be the result of non-optimal XDC constraints or non-optimal design architecture
Related violations: <none>

TIMING-16#517 Warning
Large setup violation  
There is a large setup violation of -2.135 ns between MB_i/simple_axi_writer_0/inst/sha256_inst/round_count_reg[2]_replica_2/C (clocked by clk_out1_MB_clk_wiz_0_2) and MB_i/simple_axi_writer_0/inst/sha256_inst/W_reg[26][13]/D (clocked by clk_out1_MB_clk_wiz_0_2). Large setup violations at the end of those stages might be difficult to fix during the post-placement implementation flow and could be the result of non-optimal XDC constraints or non-optimal design architecture
Related violations: <none>

TIMING-16#518 Warning
Large setup violation  
There is a large setup violation of -2.172 ns between MB_i/simple_axi_writer_0/inst/sha256_inst/round_count_reg[2]_replica_2/C (clocked by clk_out1_MB_clk_wiz_0_2) and MB_i/simple_axi_writer_0/inst/sha256_inst/W_reg[54][13]/D (clocked by clk_out1_MB_clk_wiz_0_2). Large setup violations at the end of those stages might be difficult to fix during the post-placement implementation flow and could be the result of non-optimal XDC constraints or non-optimal design architecture
Related violations: <none>

TIMING-16#519 Warning
Large setup violation  
There is a large setup violation of -2.180 ns between MB_i/simple_axi_writer_0/inst/sha256_inst/round_count_reg[2]_replica_2/C (clocked by clk_out1_MB_clk_wiz_0_2) and MB_i/simple_axi_writer_0/inst/sha256_inst/W_reg[27][16]/D (clocked by clk_out1_MB_clk_wiz_0_2). Large setup violations at the end of those stages might be difficult to fix during the post-placement implementation flow and could be the result of non-optimal XDC constraints or non-optimal design architecture
Related violations: <none>

TIMING-16#520 Warning
Large setup violation  
There is a large setup violation of -2.194 ns between MB_i/simple_axi_writer_0/inst/sha256_inst/round_count_reg[2]_replica_2/C (clocked by clk_out1_MB_clk_wiz_0_2) and MB_i/simple_axi_writer_0/inst/sha256_inst/W_reg[60][26]/D (clocked by clk_out1_MB_clk_wiz_0_2). Large setup violations at the end of those stages might be difficult to fix during the post-placement implementation flow and could be the result of non-optimal XDC constraints or non-optimal design architecture
Related violations: <none>

TIMING-16#521 Warning
Large setup violation  
There is a large setup violation of -2.243 ns between MB_i/simple_axi_writer_0/inst/sha256_inst/round_count_reg[2]_replica_2/C (clocked by clk_out1_MB_clk_wiz_0_2) and MB_i/simple_axi_writer_0/inst/sha256_inst/W_reg[33][4]/D (clocked by clk_out1_MB_clk_wiz_0_2). Large setup violations at the end of those stages might be difficult to fix during the post-placement implementation flow and could be the result of non-optimal XDC constraints or non-optimal design architecture
Related violations: <none>

TIMING-16#522 Warning
Large setup violation  
There is a large setup violation of -2.282 ns between MB_i/simple_axi_writer_0/inst/sha256_inst/round_count_reg[2]_replica_2/C (clocked by clk_out1_MB_clk_wiz_0_2) and MB_i/simple_axi_writer_0/inst/sha256_inst/W_reg[36][26]/D (clocked by clk_out1_MB_clk_wiz_0_2). Large setup violations at the end of those stages might be difficult to fix during the post-placement implementation flow and could be the result of non-optimal XDC constraints or non-optimal design architecture
Related violations: <none>

TIMING-16#523 Warning
Large setup violation  
There is a large setup violation of -2.569 ns between MB_i/simple_axi_writer_0/inst/sha256_inst/round_count_reg[2]_replica_1/C (clocked by clk_out1_MB_clk_wiz_0_2) and MB_i/simple_axi_writer_0/inst/sha256_inst/e_reg[3]/D (clocked by clk_out1_MB_clk_wiz_0_2). Large setup violations at the end of those stages might be difficult to fix during the post-placement implementation flow and could be the result of non-optimal XDC constraints or non-optimal design architecture
Related violations: <none>

TIMING-16#524 Warning
Large setup violation  
There is a large setup violation of -2.590 ns between MB_i/simple_axi_writer_0/inst/sha256_inst/round_count_reg[2]_replica_1/C (clocked by clk_out1_MB_clk_wiz_0_2) and MB_i/simple_axi_writer_0/inst/sha256_inst/e_reg[2]/D (clocked by clk_out1_MB_clk_wiz_0_2). Large setup violations at the end of those stages might be difficult to fix during the post-placement implementation flow and could be the result of non-optimal XDC constraints or non-optimal design architecture
Related violations: <none>

TIMING-16#525 Warning
Large setup violation  
There is a large setup violation of -2.593 ns between MB_i/simple_axi_writer_0/inst/sha256_inst/round_count_reg[2]_replica_1/C (clocked by clk_out1_MB_clk_wiz_0_2) and MB_i/simple_axi_writer_0/inst/sha256_inst/a_reg[2]/D (clocked by clk_out1_MB_clk_wiz_0_2). Large setup violations at the end of those stages might be difficult to fix during the post-placement implementation flow and could be the result of non-optimal XDC constraints or non-optimal design architecture
Related violations: <none>

TIMING-16#526 Warning
Large setup violation  
There is a large setup violation of -3.057 ns between MB_i/simple_axi_writer_0/inst/sha256_inst/round_count_reg[2]_replica_1/C (clocked by clk_out1_MB_clk_wiz_0_2) and MB_i/simple_axi_writer_0/inst/sha256_inst/e_reg[4]/D (clocked by clk_out1_MB_clk_wiz_0_2). Large setup violations at the end of those stages might be difficult to fix during the post-placement implementation flow and could be the result of non-optimal XDC constraints or non-optimal design architecture
Related violations: <none>

TIMING-16#527 Warning
Large setup violation  
There is a large setup violation of -3.310 ns between MB_i/simple_axi_writer_0/inst/sha256_inst/round_count_reg[2]_replica_1/C (clocked by clk_out1_MB_clk_wiz_0_2) and MB_i/simple_axi_writer_0/inst/sha256_inst/a_reg[3]/D (clocked by clk_out1_MB_clk_wiz_0_2). Large setup violations at the end of those stages might be difficult to fix during the post-placement implementation flow and could be the result of non-optimal XDC constraints or non-optimal design architecture
Related violations: <none>

TIMING-16#528 Warning
Large setup violation  
There is a large setup violation of -3.350 ns between MB_i/simple_axi_writer_0/inst/sha256_inst/round_count_reg[2]_replica_1/C (clocked by clk_out1_MB_clk_wiz_0_2) and MB_i/simple_axi_writer_0/inst/sha256_inst/e_reg[5]/D (clocked by clk_out1_MB_clk_wiz_0_2). Large setup violations at the end of those stages might be difficult to fix during the post-placement implementation flow and could be the result of non-optimal XDC constraints or non-optimal design architecture
Related violations: <none>

TIMING-16#529 Warning
Large setup violation  
There is a large setup violation of -3.677 ns between MB_i/simple_axi_writer_0/inst/sha256_inst/round_count_reg[2]_replica_1/C (clocked by clk_out1_MB_clk_wiz_0_2) and MB_i/simple_axi_writer_0/inst/sha256_inst/e_reg[6]/D (clocked by clk_out1_MB_clk_wiz_0_2). Large setup violations at the end of those stages might be difficult to fix during the post-placement implementation flow and could be the result of non-optimal XDC constraints or non-optimal design architecture
Related violations: <none>

TIMING-16#530 Warning
Large setup violation  
There is a large setup violation of -3.782 ns between MB_i/simple_axi_writer_0/inst/sha256_inst/round_count_reg[2]_replica_1/C (clocked by clk_out1_MB_clk_wiz_0_2) and MB_i/simple_axi_writer_0/inst/sha256_inst/a_reg[4]/D (clocked by clk_out1_MB_clk_wiz_0_2). Large setup violations at the end of those stages might be difficult to fix during the post-placement implementation flow and could be the result of non-optimal XDC constraints or non-optimal design architecture
Related violations: <none>

TIMING-16#531 Warning
Large setup violation  
There is a large setup violation of -3.841 ns between MB_i/simple_axi_writer_0/inst/sha256_inst/round_count_reg[2]_replica_1/C (clocked by clk_out1_MB_clk_wiz_0_2) and MB_i/simple_axi_writer_0/inst/sha256_inst/e_reg[7]/D (clocked by clk_out1_MB_clk_wiz_0_2). Large setup violations at the end of those stages might be difficult to fix during the post-placement implementation flow and could be the result of non-optimal XDC constraints or non-optimal design architecture
Related violations: <none>

TIMING-16#532 Warning
Large setup violation  
There is a large setup violation of -3.969 ns between MB_i/simple_axi_writer_0/inst/sha256_inst/round_count_reg[2]_replica_1/C (clocked by clk_out1_MB_clk_wiz_0_2) and MB_i/simple_axi_writer_0/inst/sha256_inst/e_reg[8]/D (clocked by clk_out1_MB_clk_wiz_0_2). Large setup violations at the end of those stages might be difficult to fix during the post-placement implementation flow and could be the result of non-optimal XDC constraints or non-optimal design architecture
Related violations: <none>

TIMING-16#533 Warning
Large setup violation  
There is a large setup violation of -4.057 ns between MB_i/simple_axi_writer_0/inst/sha256_inst/round_count_reg[2]_replica_1/C (clocked by clk_out1_MB_clk_wiz_0_2) and MB_i/simple_axi_writer_0/inst/sha256_inst/e_reg[9]/D (clocked by clk_out1_MB_clk_wiz_0_2). Large setup violations at the end of those stages might be difficult to fix during the post-placement implementation flow and could be the result of non-optimal XDC constraints or non-optimal design architecture
Related violations: <none>

TIMING-16#534 Warning
Large setup violation  
There is a large setup violation of -4.147 ns between MB_i/simple_axi_writer_0/inst/sha256_inst/round_count_reg[2]_replica_1/C (clocked by clk_out1_MB_clk_wiz_0_2) and MB_i/simple_axi_writer_0/inst/sha256_inst/a_reg[5]/D (clocked by clk_out1_MB_clk_wiz_0_2). Large setup violations at the end of those stages might be difficult to fix during the post-placement implementation flow and could be the result of non-optimal XDC constraints or non-optimal design architecture
Related violations: <none>

TIMING-16#535 Warning
Large setup violation  
There is a large setup violation of -4.231 ns between MB_i/simple_axi_writer_0/inst/sha256_inst/round_count_reg[2]_replica_1/C (clocked by clk_out1_MB_clk_wiz_0_2) and MB_i/simple_axi_writer_0/inst/sha256_inst/a_reg[7]/D (clocked by clk_out1_MB_clk_wiz_0_2). Large setup violations at the end of those stages might be difficult to fix during the post-placement implementation flow and could be the result of non-optimal XDC constraints or non-optimal design architecture
Related violations: <none>

TIMING-16#536 Warning
Large setup violation  
There is a large setup violation of -4.425 ns between MB_i/simple_axi_writer_0/inst/sha256_inst/round_count_reg[2]_replica_2/C (clocked by clk_out1_MB_clk_wiz_0_2) and MB_i/simple_axi_writer_0/inst/sha256_inst/e_reg[10]/D (clocked by clk_out1_MB_clk_wiz_0_2). Large setup violations at the end of those stages might be difficult to fix during the post-placement implementation flow and could be the result of non-optimal XDC constraints or non-optimal design architecture
Related violations: <none>

TIMING-16#537 Warning
Large setup violation  
There is a large setup violation of -4.438 ns between MB_i/simple_axi_writer_0/inst/sha256_inst/round_count_reg[2]_replica_1/C (clocked by clk_out1_MB_clk_wiz_0_2) and MB_i/simple_axi_writer_0/inst/sha256_inst/a_reg[6]/D (clocked by clk_out1_MB_clk_wiz_0_2). Large setup violations at the end of those stages might be difficult to fix during the post-placement implementation flow and could be the result of non-optimal XDC constraints or non-optimal design architecture
Related violations: <none>

TIMING-16#538 Warning
Large setup violation  
There is a large setup violation of -4.625 ns between MB_i/simple_axi_writer_0/inst/sha256_inst/round_count_reg[2]_replica_2/C (clocked by clk_out1_MB_clk_wiz_0_2) and MB_i/simple_axi_writer_0/inst/sha256_inst/e_reg[11]/D (clocked by clk_out1_MB_clk_wiz_0_2). Large setup violations at the end of those stages might be difficult to fix during the post-placement implementation flow and could be the result of non-optimal XDC constraints or non-optimal design architecture
Related violations: <none>

TIMING-16#539 Warning
Large setup violation  
There is a large setup violation of -4.626 ns between MB_i/simple_axi_writer_0/inst/sha256_inst/round_count_reg[2]_replica_1/C (clocked by clk_out1_MB_clk_wiz_0_2) and MB_i/simple_axi_writer_0/inst/sha256_inst/a_reg[8]/D (clocked by clk_out1_MB_clk_wiz_0_2). Large setup violations at the end of those stages might be difficult to fix during the post-placement implementation flow and could be the result of non-optimal XDC constraints or non-optimal design architecture
Related violations: <none>

TIMING-16#540 Warning
Large setup violation  
There is a large setup violation of -4.704 ns between MB_i/simple_axi_writer_0/inst/sha256_inst/round_count_reg[2]_replica_1/C (clocked by clk_out1_MB_clk_wiz_0_2) and MB_i/simple_axi_writer_0/inst/sha256_inst/a_reg[9]/D (clocked by clk_out1_MB_clk_wiz_0_2). Large setup violations at the end of those stages might be difficult to fix during the post-placement implementation flow and could be the result of non-optimal XDC constraints or non-optimal design architecture
Related violations: <none>

TIMING-16#541 Warning
Large setup violation  
There is a large setup violation of -4.799 ns between MB_i/simple_axi_writer_0/inst/sha256_inst/round_count_reg[2]_replica_2/C (clocked by clk_out1_MB_clk_wiz_0_2) and MB_i/simple_axi_writer_0/inst/sha256_inst/e_reg[12]/D (clocked by clk_out1_MB_clk_wiz_0_2). Large setup violations at the end of those stages might be difficult to fix during the post-placement implementation flow and could be the result of non-optimal XDC constraints or non-optimal design architecture
Related violations: <none>

TIMING-16#542 Warning
Large setup violation  
There is a large setup violation of -4.828 ns between MB_i/simple_axi_writer_0/inst/sha256_inst/round_count_reg[2]_replica_2/C (clocked by clk_out1_MB_clk_wiz_0_2) and MB_i/simple_axi_writer_0/inst/sha256_inst/e_reg[13]/D (clocked by clk_out1_MB_clk_wiz_0_2). Large setup violations at the end of those stages might be difficult to fix during the post-placement implementation flow and could be the result of non-optimal XDC constraints or non-optimal design architecture
Related violations: <none>

TIMING-16#543 Warning
Large setup violation  
There is a large setup violation of -4.873 ns between MB_i/simple_axi_writer_0/inst/sha256_inst/round_count_reg[2]_replica_2/C (clocked by clk_out1_MB_clk_wiz_0_2) and MB_i/simple_axi_writer_0/inst/sha256_inst/a_reg[10]/D (clocked by clk_out1_MB_clk_wiz_0_2). Large setup violations at the end of those stages might be difficult to fix during the post-placement implementation flow and could be the result of non-optimal XDC constraints or non-optimal design architecture
Related violations: <none>

TIMING-16#544 Warning
Large setup violation  
There is a large setup violation of -4.961 ns between MB_i/simple_axi_writer_0/inst/sha256_inst/round_count_reg[2]_replica_2/C (clocked by clk_out1_MB_clk_wiz_0_2) and MB_i/simple_axi_writer_0/inst/sha256_inst/a_reg[11]/D (clocked by clk_out1_MB_clk_wiz_0_2). Large setup violations at the end of those stages might be difficult to fix during the post-placement implementation flow and could be the result of non-optimal XDC constraints or non-optimal design architecture
Related violations: <none>

TIMING-16#545 Warning
Large setup violation  
There is a large setup violation of -5.173 ns between MB_i/simple_axi_writer_0/inst/sha256_inst/round_count_reg[2]_replica_2/C (clocked by clk_out1_MB_clk_wiz_0_2) and MB_i/simple_axi_writer_0/inst/sha256_inst/e_reg[14]/D (clocked by clk_out1_MB_clk_wiz_0_2). Large setup violations at the end of those stages might be difficult to fix during the post-placement implementation flow and could be the result of non-optimal XDC constraints or non-optimal design architecture
Related violations: <none>

TIMING-16#546 Warning
Large setup violation  
There is a large setup violation of -5.316 ns between MB_i/simple_axi_writer_0/inst/sha256_inst/round_count_reg[2]_replica_2/C (clocked by clk_out1_MB_clk_wiz_0_2) and MB_i/simple_axi_writer_0/inst/sha256_inst/e_reg[15]/D (clocked by clk_out1_MB_clk_wiz_0_2). Large setup violations at the end of those stages might be difficult to fix during the post-placement implementation flow and could be the result of non-optimal XDC constraints or non-optimal design architecture
Related violations: <none>

TIMING-16#547 Warning
Large setup violation  
There is a large setup violation of -5.323 ns between MB_i/simple_axi_writer_0/inst/sha256_inst/round_count_reg[2]_replica_2/C (clocked by clk_out1_MB_clk_wiz_0_2) and MB_i/simple_axi_writer_0/inst/sha256_inst/e_reg[16]/D (clocked by clk_out1_MB_clk_wiz_0_2). Large setup violations at the end of those stages might be difficult to fix during the post-placement implementation flow and could be the result of non-optimal XDC constraints or non-optimal design architecture
Related violations: <none>

TIMING-16#548 Warning
Large setup violation  
There is a large setup violation of -5.327 ns between MB_i/simple_axi_writer_0/inst/sha256_inst/round_count_reg[2]_replica_2/C (clocked by clk_out1_MB_clk_wiz_0_2) and MB_i/simple_axi_writer_0/inst/sha256_inst/a_reg[12]/D (clocked by clk_out1_MB_clk_wiz_0_2). Large setup violations at the end of those stages might be difficult to fix during the post-placement implementation flow and could be the result of non-optimal XDC constraints or non-optimal design architecture
Related violations: <none>

TIMING-16#549 Warning
Large setup violation  
There is a large setup violation of -5.348 ns between MB_i/simple_axi_writer_0/inst/sha256_inst/round_count_reg[2]_replica_2/C (clocked by clk_out1_MB_clk_wiz_0_2) and MB_i/simple_axi_writer_0/inst/sha256_inst/e_reg[18]/D (clocked by clk_out1_MB_clk_wiz_0_2). Large setup violations at the end of those stages might be difficult to fix during the post-placement implementation flow and could be the result of non-optimal XDC constraints or non-optimal design architecture
Related violations: <none>

TIMING-16#550 Warning
Large setup violation  
There is a large setup violation of -5.428 ns between MB_i/simple_axi_writer_0/inst/sha256_inst/round_count_reg[2]_replica_2/C (clocked by clk_out1_MB_clk_wiz_0_2) and MB_i/simple_axi_writer_0/inst/sha256_inst/e_reg[17]/D (clocked by clk_out1_MB_clk_wiz_0_2). Large setup violations at the end of those stages might be difficult to fix during the post-placement implementation flow and could be the result of non-optimal XDC constraints or non-optimal design architecture
Related violations: <none>

TIMING-16#551 Warning
Large setup violation  
There is a large setup violation of -5.451 ns between MB_i/simple_axi_writer_0/inst/sha256_inst/round_count_reg[2]_replica_2/C (clocked by clk_out1_MB_clk_wiz_0_2) and MB_i/simple_axi_writer_0/inst/sha256_inst/a_reg[14]/D (clocked by clk_out1_MB_clk_wiz_0_2). Large setup violations at the end of those stages might be difficult to fix during the post-placement implementation flow and could be the result of non-optimal XDC constraints or non-optimal design architecture
Related violations: <none>

TIMING-16#552 Warning
Large setup violation  
There is a large setup violation of -5.491 ns between MB_i/simple_axi_writer_0/inst/sha256_inst/round_count_reg[2]_replica_2/C (clocked by clk_out1_MB_clk_wiz_0_2) and MB_i/simple_axi_writer_0/inst/sha256_inst/e_reg[19]/D (clocked by clk_out1_MB_clk_wiz_0_2). Large setup violations at the end of those stages might be difficult to fix during the post-placement implementation flow and could be the result of non-optimal XDC constraints or non-optimal design architecture
Related violations: <none>

TIMING-16#553 Warning
Large setup violation  
There is a large setup violation of -5.505 ns between MB_i/simple_axi_writer_0/inst/sha256_inst/round_count_reg[2]_replica_2/C (clocked by clk_out1_MB_clk_wiz_0_2) and MB_i/simple_axi_writer_0/inst/sha256_inst/e_reg[20]/D (clocked by clk_out1_MB_clk_wiz_0_2). Large setup violations at the end of those stages might be difficult to fix during the post-placement implementation flow and could be the result of non-optimal XDC constraints or non-optimal design architecture
Related violations: <none>

TIMING-16#554 Warning
Large setup violation  
There is a large setup violation of -5.530 ns between MB_i/simple_axi_writer_0/inst/sha256_inst/round_count_reg[2]_replica_2/C (clocked by clk_out1_MB_clk_wiz_0_2) and MB_i/simple_axi_writer_0/inst/sha256_inst/a_reg[13]/D (clocked by clk_out1_MB_clk_wiz_0_2). Large setup violations at the end of those stages might be difficult to fix during the post-placement implementation flow and could be the result of non-optimal XDC constraints or non-optimal design architecture
Related violations: <none>

TIMING-16#555 Warning
Large setup violation  
There is a large setup violation of -5.646 ns between MB_i/simple_axi_writer_0/inst/sha256_inst/round_count_reg[2]_replica_2/C (clocked by clk_out1_MB_clk_wiz_0_2) and MB_i/simple_axi_writer_0/inst/sha256_inst/a_reg[15]/D (clocked by clk_out1_MB_clk_wiz_0_2). Large setup violations at the end of those stages might be difficult to fix during the post-placement implementation flow and could be the result of non-optimal XDC constraints or non-optimal design architecture
Related violations: <none>

TIMING-16#556 Warning
Large setup violation  
There is a large setup violation of -5.677 ns between MB_i/simple_axi_writer_0/inst/sha256_inst/round_count_reg[2]_replica_2/C (clocked by clk_out1_MB_clk_wiz_0_2) and MB_i/simple_axi_writer_0/inst/sha256_inst/e_reg[23]/D (clocked by clk_out1_MB_clk_wiz_0_2). Large setup violations at the end of those stages might be difficult to fix during the post-placement implementation flow and could be the result of non-optimal XDC constraints or non-optimal design architecture
Related violations: <none>

TIMING-16#557 Warning
Large setup violation  
There is a large setup violation of -5.699 ns between MB_i/simple_axi_writer_0/inst/sha256_inst/round_count_reg[2]_replica_2/C (clocked by clk_out1_MB_clk_wiz_0_2) and MB_i/simple_axi_writer_0/inst/sha256_inst/e_reg[21]/D (clocked by clk_out1_MB_clk_wiz_0_2). Large setup violations at the end of those stages might be difficult to fix during the post-placement implementation flow and could be the result of non-optimal XDC constraints or non-optimal design architecture
Related violations: <none>

TIMING-16#558 Warning
Large setup violation  
There is a large setup violation of -5.751 ns between MB_i/simple_axi_writer_0/inst/sha256_inst/round_count_reg[2]_replica_2/C (clocked by clk_out1_MB_clk_wiz_0_2) and MB_i/simple_axi_writer_0/inst/sha256_inst/a_reg[16]/D (clocked by clk_out1_MB_clk_wiz_0_2). Large setup violations at the end of those stages might be difficult to fix during the post-placement implementation flow and could be the result of non-optimal XDC constraints or non-optimal design architecture
Related violations: <none>

TIMING-16#559 Warning
Large setup violation  
There is a large setup violation of -5.754 ns between MB_i/simple_axi_writer_0/inst/sha256_inst/round_count_reg[2]_replica_2/C (clocked by clk_out1_MB_clk_wiz_0_2) and MB_i/simple_axi_writer_0/inst/sha256_inst/e_reg[26]/D (clocked by clk_out1_MB_clk_wiz_0_2). Large setup violations at the end of those stages might be difficult to fix during the post-placement implementation flow and could be the result of non-optimal XDC constraints or non-optimal design architecture
Related violations: <none>

TIMING-16#560 Warning
Large setup violation  
There is a large setup violation of -5.784 ns between MB_i/simple_axi_writer_0/inst/sha256_inst/round_count_reg[2]_replica_2/C (clocked by clk_out1_MB_clk_wiz_0_2) and MB_i/simple_axi_writer_0/inst/sha256_inst/e_reg[22]/D (clocked by clk_out1_MB_clk_wiz_0_2). Large setup violations at the end of those stages might be difficult to fix during the post-placement implementation flow and could be the result of non-optimal XDC constraints or non-optimal design architecture
Related violations: <none>

TIMING-16#561 Warning
Large setup violation  
There is a large setup violation of -5.951 ns between MB_i/simple_axi_writer_0/inst/sha256_inst/round_count_reg[2]_replica_2/C (clocked by clk_out1_MB_clk_wiz_0_2) and MB_i/simple_axi_writer_0/inst/sha256_inst/a_reg[17]/D (clocked by clk_out1_MB_clk_wiz_0_2). Large setup violations at the end of those stages might be difficult to fix during the post-placement implementation flow and could be the result of non-optimal XDC constraints or non-optimal design architecture
Related violations: <none>

TIMING-16#562 Warning
Large setup violation  
There is a large setup violation of -5.952 ns between MB_i/simple_axi_writer_0/inst/sha256_inst/round_count_reg[2]_replica_2/C (clocked by clk_out1_MB_clk_wiz_0_2) and MB_i/simple_axi_writer_0/inst/sha256_inst/e_reg[24]/D (clocked by clk_out1_MB_clk_wiz_0_2). Large setup violations at the end of those stages might be difficult to fix during the post-placement implementation flow and could be the result of non-optimal XDC constraints or non-optimal design architecture
Related violations: <none>

TIMING-16#563 Warning
Large setup violation  
There is a large setup violation of -5.974 ns between MB_i/simple_axi_writer_0/inst/sha256_inst/round_count_reg[2]_replica_2/C (clocked by clk_out1_MB_clk_wiz_0_2) and MB_i/simple_axi_writer_0/inst/sha256_inst/e_reg[25]/D (clocked by clk_out1_MB_clk_wiz_0_2). Large setup violations at the end of those stages might be difficult to fix during the post-placement implementation flow and could be the result of non-optimal XDC constraints or non-optimal design architecture
Related violations: <none>

TIMING-16#564 Warning
Large setup violation  
There is a large setup violation of -6.030 ns between MB_i/simple_axi_writer_0/inst/sha256_inst/round_count_reg[2]_replica_2/C (clocked by clk_out1_MB_clk_wiz_0_2) and MB_i/simple_axi_writer_0/inst/sha256_inst/a_reg[19]/D (clocked by clk_out1_MB_clk_wiz_0_2). Large setup violations at the end of those stages might be difficult to fix during the post-placement implementation flow and could be the result of non-optimal XDC constraints or non-optimal design architecture
Related violations: <none>

TIMING-16#565 Warning
Large setup violation  
There is a large setup violation of -6.069 ns between MB_i/simple_axi_writer_0/inst/sha256_inst/round_count_reg[2]_replica_2/C (clocked by clk_out1_MB_clk_wiz_0_2) and MB_i/simple_axi_writer_0/inst/sha256_inst/e_reg[27]/D (clocked by clk_out1_MB_clk_wiz_0_2). Large setup violations at the end of those stages might be difficult to fix during the post-placement implementation flow and could be the result of non-optimal XDC constraints or non-optimal design architecture
Related violations: <none>

TIMING-16#566 Warning
Large setup violation  
There is a large setup violation of -6.090 ns between MB_i/simple_axi_writer_0/inst/sha256_inst/round_count_reg[2]_replica_2/C (clocked by clk_out1_MB_clk_wiz_0_2) and MB_i/simple_axi_writer_0/inst/sha256_inst/a_reg[18]/D (clocked by clk_out1_MB_clk_wiz_0_2). Large setup violations at the end of those stages might be difficult to fix during the post-placement implementation flow and could be the result of non-optimal XDC constraints or non-optimal design architecture
Related violations: <none>

TIMING-16#567 Warning
Large setup violation  
There is a large setup violation of -6.104 ns between MB_i/simple_axi_writer_0/inst/sha256_inst/round_count_reg[2]_replica_2/C (clocked by clk_out1_MB_clk_wiz_0_2) and MB_i/simple_axi_writer_0/inst/sha256_inst/a_reg[23]/D (clocked by clk_out1_MB_clk_wiz_0_2). Large setup violations at the end of those stages might be difficult to fix during the post-placement implementation flow and could be the result of non-optimal XDC constraints or non-optimal design architecture
Related violations: <none>

TIMING-16#568 Warning
Large setup violation  
There is a large setup violation of -6.123 ns between MB_i/simple_axi_writer_0/inst/sha256_inst/round_count_reg[2]_replica_2/C (clocked by clk_out1_MB_clk_wiz_0_2) and MB_i/simple_axi_writer_0/inst/sha256_inst/a_reg[20]/D (clocked by clk_out1_MB_clk_wiz_0_2). Large setup violations at the end of those stages might be difficult to fix during the post-placement implementation flow and could be the result of non-optimal XDC constraints or non-optimal design architecture
Related violations: <none>

TIMING-16#569 Warning
Large setup violation  
There is a large setup violation of -6.132 ns between MB_i/simple_axi_writer_0/inst/sha256_inst/round_count_reg[2]_replica_2/C (clocked by clk_out1_MB_clk_wiz_0_2) and MB_i/simple_axi_writer_0/inst/sha256_inst/e_reg[28]/D (clocked by clk_out1_MB_clk_wiz_0_2). Large setup violations at the end of those stages might be difficult to fix during the post-placement implementation flow and could be the result of non-optimal XDC constraints or non-optimal design architecture
Related violations: <none>

TIMING-16#570 Warning
Large setup violation  
There is a large setup violation of -6.132 ns between MB_i/simple_axi_writer_0/inst/sha256_inst/round_count_reg[2]_replica_2/C (clocked by clk_out1_MB_clk_wiz_0_2) and MB_i/simple_axi_writer_0/inst/sha256_inst/e_reg[29]/D (clocked by clk_out1_MB_clk_wiz_0_2). Large setup violations at the end of those stages might be difficult to fix during the post-placement implementation flow and could be the result of non-optimal XDC constraints or non-optimal design architecture
Related violations: <none>

TIMING-16#571 Warning
Large setup violation  
There is a large setup violation of -6.155 ns between MB_i/simple_axi_writer_0/inst/sha256_inst/round_count_reg[2]_replica_2/C (clocked by clk_out1_MB_clk_wiz_0_2) and MB_i/simple_axi_writer_0/inst/sha256_inst/e_reg[30]/D (clocked by clk_out1_MB_clk_wiz_0_2). Large setup violations at the end of those stages might be difficult to fix during the post-placement implementation flow and could be the result of non-optimal XDC constraints or non-optimal design architecture
Related violations: <none>

TIMING-16#572 Warning
Large setup violation  
There is a large setup violation of -6.160 ns between MB_i/simple_axi_writer_0/inst/sha256_inst/round_count_reg[2]_replica_2/C (clocked by clk_out1_MB_clk_wiz_0_2) and MB_i/simple_axi_writer_0/inst/sha256_inst/a_reg[22]/D (clocked by clk_out1_MB_clk_wiz_0_2). Large setup violations at the end of those stages might be difficult to fix during the post-placement implementation flow and could be the result of non-optimal XDC constraints or non-optimal design architecture
Related violations: <none>

TIMING-16#573 Warning
Large setup violation  
There is a large setup violation of -6.248 ns between MB_i/simple_axi_writer_0/inst/sha256_inst/round_count_reg[2]_replica_2/C (clocked by clk_out1_MB_clk_wiz_0_2) and MB_i/simple_axi_writer_0/inst/sha256_inst/a_reg[24]/D (clocked by clk_out1_MB_clk_wiz_0_2). Large setup violations at the end of those stages might be difficult to fix during the post-placement implementation flow and could be the result of non-optimal XDC constraints or non-optimal design architecture
Related violations: <none>

TIMING-16#574 Warning
Large setup violation  
There is a large setup violation of -6.256 ns between MB_i/simple_axi_writer_0/inst/sha256_inst/round_count_reg[2]_replica_2/C (clocked by clk_out1_MB_clk_wiz_0_2) and MB_i/simple_axi_writer_0/inst/sha256_inst/a_reg[26]/D (clocked by clk_out1_MB_clk_wiz_0_2). Large setup violations at the end of those stages might be difficult to fix during the post-placement implementation flow and could be the result of non-optimal XDC constraints or non-optimal design architecture
Related violations: <none>

TIMING-16#575 Warning
Large setup violation  
There is a large setup violation of -6.267 ns between MB_i/simple_axi_writer_0/inst/sha256_inst/round_count_reg[2]_replica_2/C (clocked by clk_out1_MB_clk_wiz_0_2) and MB_i/simple_axi_writer_0/inst/sha256_inst/e_reg[31]/D (clocked by clk_out1_MB_clk_wiz_0_2). Large setup violations at the end of those stages might be difficult to fix during the post-placement implementation flow and could be the result of non-optimal XDC constraints or non-optimal design architecture
Related violations: <none>

TIMING-16#576 Warning
Large setup violation  
There is a large setup violation of -6.285 ns between MB_i/simple_axi_writer_0/inst/sha256_inst/round_count_reg[2]_replica_2/C (clocked by clk_out1_MB_clk_wiz_0_2) and MB_i/simple_axi_writer_0/inst/sha256_inst/a_reg[21]/D (clocked by clk_out1_MB_clk_wiz_0_2). Large setup violations at the end of those stages might be difficult to fix during the post-placement implementation flow and could be the result of non-optimal XDC constraints or non-optimal design architecture
Related violations: <none>

TIMING-16#577 Warning
Large setup violation  
There is a large setup violation of -6.316 ns between MB_i/simple_axi_writer_0/inst/sha256_inst/round_count_reg[2]_replica_2/C (clocked by clk_out1_MB_clk_wiz_0_2) and MB_i/simple_axi_writer_0/inst/sha256_inst/a_reg[30]/D (clocked by clk_out1_MB_clk_wiz_0_2). Large setup violations at the end of those stages might be difficult to fix during the post-placement implementation flow and could be the result of non-optimal XDC constraints or non-optimal design architecture
Related violations: <none>

TIMING-16#578 Warning
Large setup violation  
There is a large setup violation of -6.370 ns between MB_i/simple_axi_writer_0/inst/sha256_inst/round_count_reg[2]_replica_2/C (clocked by clk_out1_MB_clk_wiz_0_2) and MB_i/simple_axi_writer_0/inst/sha256_inst/a_reg[28]/D (clocked by clk_out1_MB_clk_wiz_0_2). Large setup violations at the end of those stages might be difficult to fix during the post-placement implementation flow and could be the result of non-optimal XDC constraints or non-optimal design architecture
Related violations: <none>

TIMING-16#579 Warning
Large setup violation  
There is a large setup violation of -6.397 ns between MB_i/simple_axi_writer_0/inst/sha256_inst/round_count_reg[2]_replica_2/C (clocked by clk_out1_MB_clk_wiz_0_2) and MB_i/simple_axi_writer_0/inst/sha256_inst/a_reg[31]/D (clocked by clk_out1_MB_clk_wiz_0_2). Large setup violations at the end of those stages might be difficult to fix during the post-placement implementation flow and could be the result of non-optimal XDC constraints or non-optimal design architecture
Related violations: <none>

TIMING-16#580 Warning
Large setup violation  
There is a large setup violation of -6.440 ns between MB_i/simple_axi_writer_0/inst/sha256_inst/round_count_reg[2]_replica_2/C (clocked by clk_out1_MB_clk_wiz_0_2) and MB_i/simple_axi_writer_0/inst/sha256_inst/a_reg[27]/D (clocked by clk_out1_MB_clk_wiz_0_2). Large setup violations at the end of those stages might be difficult to fix during the post-placement implementation flow and could be the result of non-optimal XDC constraints or non-optimal design architecture
Related violations: <none>

TIMING-16#581 Warning
Large setup violation  
There is a large setup violation of -6.460 ns between MB_i/simple_axi_writer_0/inst/sha256_inst/round_count_reg[2]_replica_2/C (clocked by clk_out1_MB_clk_wiz_0_2) and MB_i/simple_axi_writer_0/inst/sha256_inst/a_reg[29]/D (clocked by clk_out1_MB_clk_wiz_0_2). Large setup violations at the end of those stages might be difficult to fix during the post-placement implementation flow and could be the result of non-optimal XDC constraints or non-optimal design architecture
Related violations: <none>

TIMING-16#582 Warning
Large setup violation  
There is a large setup violation of -6.541 ns between MB_i/simple_axi_writer_0/inst/sha256_inst/round_count_reg[2]_replica_2/C (clocked by clk_out1_MB_clk_wiz_0_2) and MB_i/simple_axi_writer_0/inst/sha256_inst/a_reg[25]/D (clocked by clk_out1_MB_clk_wiz_0_2). Large setup violations at the end of those stages might be difficult to fix during the post-placement implementation flow and could be the result of non-optimal XDC constraints or non-optimal design architecture
Related violations: <none>

TIMING-18#1 Warning
Missing input or output delay  
An input delay is missing on reset relative to the rising and/or falling clock edge(s) of sys_clock.
Related violations: <none>

TIMING-18#2 Warning
Missing input or output delay  
An input delay is missing on usb_uart_rxd relative to the rising and/or falling clock edge(s) of sys_clock.
Related violations: <none>

TIMING-18#3 Warning
Missing input or output delay  
An output delay is missing on usb_uart_txd relative to the rising and/or falling clock edge(s) of sys_clock.
Related violations: <none>


