Copyright 1986-2022 Xilinx, Inc. All Rights Reserved. Copyright 2022-2024 Advanced Micro Devices, Inc. All Rights Reserved.
---------------------------------------------------------------------------------------------------------------------------------------------------------------------------------------------------------------------------
| Tool Version : Vivado v.2024.1 (win64) Build 5076996 Wed May 22 18:37:14 MDT 2024
| Date         : Sat Apr 26 14:42:35 2025
| Host         : DESKTOP-R5RVK16 running 64-bit major release  (build 9200)
| Command      : report_timing_summary -max_paths 10 -report_unconstrained -file MB_wrapper_timing_summary_routed.rpt -pb MB_wrapper_timing_summary_routed.pb -rpx MB_wrapper_timing_summary_routed.rpx -warn_on_violation
| Design       : MB_wrapper
| Device       : 7a35t-cpg236
| Speed File   : -1  PRODUCTION 1.23 2018-06-13
| Design State : Routed
---------------------------------------------------------------------------------------------------------------------------------------------------------------------------------------------------------------------------

Timing Summary Report

------------------------------------------------------------------------------------------------
| Timer Settings
| --------------
------------------------------------------------------------------------------------------------

  Enable Multi Corner Analysis               :  Yes
  Enable Pessimism Removal                   :  Yes
  Pessimism Removal Resolution               :  Nearest Common Node
  Enable Input Delay Default Clock           :  No
  Enable Preset / Clear Arcs                 :  No
  Disable Flight Delays                      :  No
  Ignore I/O Paths                           :  No
  Timing Early Launch at Borrowing Latches   :  No
  Borrow Time for Max Delay Exceptions       :  Yes
  Merge Timing Exceptions                    :  Yes
  Inter-SLR Compensation                     :  Conservative

  Corner  Analyze    Analyze    
  Name    Max Paths  Min Paths  
  ------  ---------  ---------  
  Slow    Yes        Yes        
  Fast    Yes        Yes        


------------------------------------------------------------------------------------------------
| Report Methodology
| ------------------
------------------------------------------------------------------------------------------------

Rule       Severity  Description                    Violations  
---------  --------  -----------------------------  ----------  
TIMING-18  Warning   Missing input or output delay  3           

Note: This report is based on the most recent report_methodology run and may not be up-to-date. Run report_methodology on the current design for the latest report.



check_timing report

Table of Contents
-----------------
1. checking no_clock (0)
2. checking constant_clock (0)
3. checking pulse_width_clock (0)
4. checking unconstrained_internal_endpoints (0)
5. checking no_input_delay (2)
6. checking no_output_delay (1)
7. checking multiple_clock (0)
8. checking generated_clocks (0)
9. checking loops (0)
10. checking partial_input_delay (0)
11. checking partial_output_delay (0)
12. checking latch_loops (0)

1. checking no_clock (0)
------------------------
 There are 0 register/latch pins with no clock.


2. checking constant_clock (0)
------------------------------
 There are 0 register/latch pins with constant_clock.


3. checking pulse_width_clock (0)
---------------------------------
 There are 0 register/latch pins which need pulse_width check


4. checking unconstrained_internal_endpoints (0)
------------------------------------------------
 There are 0 pins that are not constrained for maximum delay.

 There are 0 pins that are not constrained for maximum delay due to constant clock.


5. checking no_input_delay (2)
------------------------------
 There are 2 input ports with no input delay specified. (HIGH)

 There are 0 input ports with no input delay but user has a false path constraint.


6. checking no_output_delay (1)
-------------------------------
 There is 1 port with no output delay specified. (HIGH)

 There are 0 ports with no output delay but user has a false path constraint

 There are 0 ports with no output delay but with a timing clock defined on it or propagating through it


7. checking multiple_clock (0)
------------------------------
 There are 0 register/latch pins with multiple clocks.


8. checking generated_clocks (0)
--------------------------------
 There are 0 generated clocks that are not connected to a clock source.


9. checking loops (0)
---------------------
 There are 0 combinational loops in the design.


10. checking partial_input_delay (0)
------------------------------------
 There are 0 input ports with partial input delay specified.


11. checking partial_output_delay (0)
-------------------------------------
 There are 0 ports with partial output delay specified.


12. checking latch_loops (0)
----------------------------
 There are 0 combinational latch loops in the design through latch input



------------------------------------------------------------------------------------------------
| Design Timing Summary
| ---------------------
------------------------------------------------------------------------------------------------

    WNS(ns)      TNS(ns)  TNS Failing Endpoints  TNS Total Endpoints      WHS(ns)      THS(ns)  THS Failing Endpoints  THS Total Endpoints     WPWS(ns)     TPWS(ns)  TPWS Failing Endpoints  TPWS Total Endpoints  
    -------      -------  ---------------------  -------------------      -------      -------  ---------------------  -------------------     --------     --------  ----------------------  --------------------  
      1.664        0.000                      0                 7415        0.100        0.000                      0                 7415        3.000        0.000                       0                  3472  


All user specified timing constraints are met.


------------------------------------------------------------------------------------------------
| Clock Summary
| -------------
------------------------------------------------------------------------------------------------

Clock                    Waveform(ns)       Period(ns)      Frequency(MHz)
-----                    ------------       ----------      --------------
sys_clock                {0.000 5.000}      10.000          100.000         
  clk_out1_MB_clk_wiz_1  {0.000 10.000}     20.000          50.000          
  clk_out2_MB_clk_wiz_1  {0.000 5.000}      10.000          100.000         
  clkfbout_MB_clk_wiz_1  {0.000 5.000}      10.000          100.000         


------------------------------------------------------------------------------------------------
| Intra Clock Table
| -----------------
------------------------------------------------------------------------------------------------

Clock                        WNS(ns)      TNS(ns)  TNS Failing Endpoints  TNS Total Endpoints      WHS(ns)      THS(ns)  THS Failing Endpoints  THS Total Endpoints     WPWS(ns)     TPWS(ns)  TPWS Failing Endpoints  TPWS Total Endpoints  
-----                        -------      -------  ---------------------  -------------------      -------      -------  ---------------------  -------------------     --------     --------  ----------------------  --------------------  
sys_clock                                                                                                                                                                  3.000        0.000                       0                     1  
  clk_out1_MB_clk_wiz_1        1.845        0.000                      0                 5728        0.118        0.000                      0                 5728        9.500        0.000                       0                  2870  
  clk_out2_MB_clk_wiz_1        1.664        0.000                      0                 1175        0.206        0.000                      0                 1175        4.500        0.000                       0                   598  
  clkfbout_MB_clk_wiz_1                                                                                                                                                    7.845        0.000                       0                     3  


------------------------------------------------------------------------------------------------
| Inter Clock Table
| -----------------
------------------------------------------------------------------------------------------------

From Clock             To Clock                   WNS(ns)      TNS(ns)  TNS Failing Endpoints  TNS Total Endpoints      WHS(ns)      THS(ns)  THS Failing Endpoints  THS Total Endpoints  
----------             --------                   -------      -------  ---------------------  -------------------      -------      -------  ---------------------  -------------------  
clk_out2_MB_clk_wiz_1  clk_out1_MB_clk_wiz_1        2.146        0.000                      0                 2100        0.100        0.000                      0                 2100  
clk_out1_MB_clk_wiz_1  clk_out2_MB_clk_wiz_1        4.657        0.000                      0                   59        0.134        0.000                      0                   59  


------------------------------------------------------------------------------------------------
| Other Path Groups Table
| -----------------------
------------------------------------------------------------------------------------------------

Path Group    From Clock    To Clock          WNS(ns)      TNS(ns)  TNS Failing Endpoints  TNS Total Endpoints      WHS(ns)      THS(ns)  THS Failing Endpoints  THS Total Endpoints  
----------    ----------    --------          -------      -------  ---------------------  -------------------      -------      -------  ---------------------  -------------------  


------------------------------------------------------------------------------------------------
| User Ignored Path Table
| -----------------------
------------------------------------------------------------------------------------------------

Path Group    From Clock    To Clock    
----------    ----------    --------    


------------------------------------------------------------------------------------------------
| Unconstrained Path Table
| ------------------------
------------------------------------------------------------------------------------------------

Path Group             From Clock             To Clock             
----------             ----------             --------             
(none)                 clk_out2_MB_clk_wiz_1                         
(none)                 clkfbout_MB_clk_wiz_1                         
(none)                                        clk_out1_MB_clk_wiz_1  
(none)                                        clk_out2_MB_clk_wiz_1  


------------------------------------------------------------------------------------------------
| Timing Details
| --------------
------------------------------------------------------------------------------------------------


---------------------------------------------------------------------------------------------------
From Clock:  sys_clock
  To Clock:  sys_clock

Setup :           NA  Failing Endpoints,  Worst Slack           NA  ,  Total Violation           NA
Hold  :           NA  Failing Endpoints,  Worst Slack           NA  ,  Total Violation           NA
PW    :            0  Failing Endpoints,  Worst Slack        3.000ns,  Total Violation        0.000ns
---------------------------------------------------------------------------------------------------


Pulse Width Checks
--------------------------------------------------------------------------------------
Clock Name:         sys_clock
Waveform(ns):       { 0.000 5.000 }
Period(ns):         10.000
Sources:            { sys_clock }

Check Type        Corner  Lib Pin            Reference Pin  Required(ns)  Actual(ns)  Slack(ns)  Location         Pin
Min Period        n/a     MMCME2_ADV/CLKIN1  n/a            1.249         10.000      8.751      MMCME2_ADV_X1Y0  MB_i/clk_wiz/inst/mmcm_adv_inst/CLKIN1
Max Period        n/a     MMCME2_ADV/CLKIN1  n/a            100.000       10.000      90.000     MMCME2_ADV_X1Y0  MB_i/clk_wiz/inst/mmcm_adv_inst/CLKIN1
Low Pulse Width   Slow    MMCME2_ADV/CLKIN1  n/a            2.000         5.000       3.000      MMCME2_ADV_X1Y0  MB_i/clk_wiz/inst/mmcm_adv_inst/CLKIN1
Low Pulse Width   Fast    MMCME2_ADV/CLKIN1  n/a            2.000         5.000       3.000      MMCME2_ADV_X1Y0  MB_i/clk_wiz/inst/mmcm_adv_inst/CLKIN1
High Pulse Width  Slow    MMCME2_ADV/CLKIN1  n/a            2.000         5.000       3.000      MMCME2_ADV_X1Y0  MB_i/clk_wiz/inst/mmcm_adv_inst/CLKIN1
High Pulse Width  Fast    MMCME2_ADV/CLKIN1  n/a            2.000         5.000       3.000      MMCME2_ADV_X1Y0  MB_i/clk_wiz/inst/mmcm_adv_inst/CLKIN1



---------------------------------------------------------------------------------------------------
From Clock:  clk_out1_MB_clk_wiz_1
  To Clock:  clk_out1_MB_clk_wiz_1

Setup :            0  Failing Endpoints,  Worst Slack        1.845ns,  Total Violation        0.000ns
Hold  :            0  Failing Endpoints,  Worst Slack        0.118ns,  Total Violation        0.000ns
PW    :            0  Failing Endpoints,  Worst Slack        9.500ns,  Total Violation        0.000ns
---------------------------------------------------------------------------------------------------


Max Delay Paths
--------------------------------------------------------------------------------------
Slack (MET) :             1.845ns  (required time - arrival time)
  Source:                 MB_i/sha256_0/inst/round_count_reg[0]/C
                            (rising edge-triggered cell FDCE clocked by clk_out1_MB_clk_wiz_1  {rise@0.000ns fall@10.000ns period=20.000ns})
  Destination:            MB_i/sha256_0/inst/a_reg[29]/D
                            (rising edge-triggered cell FDPE clocked by clk_out1_MB_clk_wiz_1  {rise@0.000ns fall@10.000ns period=20.000ns})
  Path Group:             clk_out1_MB_clk_wiz_1
  Path Type:              Setup (Max at Slow Process Corner)
  Requirement:            20.000ns  (clk_out1_MB_clk_wiz_1 rise@20.000ns - clk_out1_MB_clk_wiz_1 rise@0.000ns)
  Data Path Delay:        18.134ns  (logic 7.501ns (41.365%)  route 10.633ns (58.635%))
  Logic Levels:           24  (CARRY4=11 LUT3=2 LUT4=4 LUT5=2 LUT6=3 MUXF7=2)
  Clock Path Skew:        0.031ns (DCD - SCD + CPR)
    Destination Clock Delay (DCD):    -1.323ns = ( 18.677 - 20.000 ) 
    Source Clock Delay      (SCD):    -0.784ns
    Clock Pessimism Removal (CPR):    0.571ns
  Clock Uncertainty:      0.084ns  ((TSJ^2 + DJ^2)^1/2) / 2 + PE
    Total System Jitter     (TSJ):    0.071ns
    Discrete Jitter          (DJ):    0.152ns
    Phase Error              (PE):    0.000ns

    Location             Delay type                Incr(ns)  Path(ns)    Netlist Resource(s)
  -------------------------------------------------------------------    -------------------
                         (clock clk_out1_MB_clk_wiz_1 rise edge)
                                                      0.000     0.000 r  
    W5                                                0.000     0.000 r  sys_clock (IN)
                         net (fo=0)                   0.000     0.000    MB_i/clk_wiz/inst/clk_in1
    W5                   IBUF (Prop_ibuf_I_O)         1.458     1.458 r  MB_i/clk_wiz/inst/clkin1_ibufg/O
                         net (fo=1, routed)           1.233     2.691    MB_i/clk_wiz/inst/clk_in1_MB_clk_wiz_1
    MMCME2_ADV_X1Y0      MMCME2_ADV (Prop_mmcme2_adv_CLKIN1_CLKOUT0)
                                                     -6.961    -4.269 r  MB_i/clk_wiz/inst/mmcm_adv_inst/CLKOUT0
                         net (fo=1, routed)           1.661    -2.608    MB_i/clk_wiz/inst/clk_out1_MB_clk_wiz_1
    BUFGCTRL_X0Y0        BUFG (Prop_bufg_I_O)         0.096    -2.512 r  MB_i/clk_wiz/inst/clkout1_buf/O
                         net (fo=2868, routed)        1.728    -0.784    MB_i/sha256_0/inst/clk
    SLICE_X15Y119        FDCE                                         r  MB_i/sha256_0/inst/round_count_reg[0]/C
  -------------------------------------------------------------------    -------------------
    SLICE_X15Y119        FDCE (Prop_fdce_C_Q)         0.419    -0.365 r  MB_i/sha256_0/inst/round_count_reg[0]/Q
                         net (fo=124, routed)         2.272     1.907    MB_i/sha256_0/inst/round_count_reg_n_0_[0]
    SLICE_X52Y135        LUT6 (Prop_lut6_I4_O)        0.299     2.206 r  MB_i/sha256_0/inst/W[16][11]_i_169/O
                         net (fo=1, routed)           0.000     2.206    MB_i/sha256_0/inst/W[16][11]_i_169_n_0
    SLICE_X52Y135        MUXF7 (Prop_muxf7_I1_O)      0.214     2.420 r  MB_i/sha256_0/inst/W_reg[16][11]_i_87/O
                         net (fo=2, routed)           1.121     3.541    MB_i/sha256_0/inst/W_reg[16][11]_i_87_n_0
    SLICE_X38Y134        LUT6 (Prop_lut6_I0_O)        0.297     3.838 r  MB_i/sha256_0/inst/W[1][0]_i_121/O
                         net (fo=2, routed)           0.000     3.838    MB_i/sha256_0/inst/W[1][0]_i_121_n_0
    SLICE_X38Y134        MUXF7 (Prop_muxf7_I1_O)      0.247     4.085 r  MB_i/sha256_0/inst/W_reg[1][0]_i_48/O
                         net (fo=5, routed)           1.189     5.274    MB_i/sha256_0/inst/W_reg[1][0]_i_48_n_0
    SLICE_X26Y131        LUT3 (Prop_lut3_I1_O)        0.326     5.600 r  MB_i/sha256_0/inst/W[1][0]_i_22/O
                         net (fo=4, routed)           0.445     6.044    MB_i/sha256_0/inst/sigma0[1]
    SLICE_X25Y130        LUT4 (Prop_lut4_I1_O)        0.332     6.376 r  MB_i/sha256_0/inst/W[1][0]_i_8/O
                         net (fo=1, routed)           0.615     6.992    MB_i/sha256_0/inst/W[1][0]_i_8_n_0
    SLICE_X25Y131        CARRY4 (Prop_carry4_DI[1]_CO[3])
                                                      0.507     7.499 r  MB_i/sha256_0/inst/W_reg[1][0]_i_3/CO[3]
                         net (fo=1, routed)           0.000     7.499    MB_i/sha256_0/inst/W_reg[1][0]_i_3_n_0
    SLICE_X25Y132        CARRY4 (Prop_carry4_CI_CO[3])
                                                      0.114     7.613 r  MB_i/sha256_0/inst/W_reg[16][7]_i_3/CO[3]
                         net (fo=1, routed)           0.000     7.613    MB_i/sha256_0/inst/W_reg[16][7]_i_3_n_0
    SLICE_X25Y133        CARRY4 (Prop_carry4_CI_CO[3])
                                                      0.114     7.727 r  MB_i/sha256_0/inst/W_reg[16][11]_i_3/CO[3]
                         net (fo=1, routed)           0.000     7.727    MB_i/sha256_0/inst/W_reg[16][11]_i_3_n_0
    SLICE_X25Y134        CARRY4 (Prop_carry4_CI_O[1])
                                                      0.334     8.061 r  MB_i/sha256_0/inst/W_reg[16][15]_i_3/O[1]
                         net (fo=1, routed)           0.566     8.627    MB_i/sha256_0/inst/w_next0[13]
    SLICE_X24Y130        LUT4 (Prop_lut4_I1_O)        0.303     8.930 r  MB_i/sha256_0/inst/W[16][13]_i_1/O
                         net (fo=51, routed)          1.014     9.944    MB_i/sha256_0/inst/in3[13]
    SLICE_X22Y128        LUT3 (Prop_lut3_I1_O)        0.118    10.062 r  MB_i/sha256_0/inst/e[19]_i_22/O
                         net (fo=2, routed)           0.513    10.575    MB_i/sha256_0/inst/e[19]_i_22_n_0
    SLICE_X18Y128        LUT4 (Prop_lut4_I3_O)        0.326    10.901 r  MB_i/sha256_0/inst/e[19]_i_26/O
                         net (fo=1, routed)           0.000    10.901    MB_i/sha256_0/inst/e[19]_i_26_n_0
    SLICE_X18Y128        CARRY4 (Prop_carry4_S[2]_CO[3])
                                                      0.398    11.299 r  MB_i/sha256_0/inst/e_reg[19]_i_19/CO[3]
                         net (fo=1, routed)           0.000    11.299    MB_i/sha256_0/inst/e_reg[19]_i_19_n_0
    SLICE_X18Y129        CARRY4 (Prop_carry4_CI_O[1])
                                                      0.334    11.633 r  MB_i/sha256_0/inst/e_reg[23]_i_19/O[1]
                         net (fo=2, routed)           0.627    12.260    MB_i/sha256_0/inst/e_reg[23]_i_19_n_6
    SLICE_X14Y128        LUT5 (Prop_lut5_I0_O)        0.303    12.563 r  MB_i/sha256_0/inst/e[19]_i_9/O
                         net (fo=2, routed)           0.428    12.991    MB_i/sha256_0/inst/e[19]_i_9_n_0
    SLICE_X12Y128        LUT6 (Prop_lut6_I0_O)        0.124    13.115 r  MB_i/sha256_0/inst/e[19]_i_13/O
                         net (fo=1, routed)           0.000    13.115    MB_i/sha256_0/inst/e[19]_i_13_n_0
    SLICE_X12Y128        CARRY4 (Prop_carry4_S[2]_CO[3])
                                                      0.380    13.495 r  MB_i/sha256_0/inst/e_reg[19]_i_7/CO[3]
                         net (fo=1, routed)           0.000    13.495    MB_i/sha256_0/inst/e_reg[19]_i_7_n_0
    SLICE_X12Y129        CARRY4 (Prop_carry4_CI_CO[3])
                                                      0.117    13.612 r  MB_i/sha256_0/inst/e_reg[23]_i_7/CO[3]
                         net (fo=1, routed)           0.000    13.612    MB_i/sha256_0/inst/e_reg[23]_i_7_n_0
    SLICE_X12Y130        CARRY4 (Prop_carry4_CI_O[1])
                                                      0.323    13.935 r  MB_i/sha256_0/inst/e_reg[27]_i_7/O[1]
                         net (fo=3, routed)           0.941    14.876    MB_i/sha256_0/inst/p_1_in[25]
    SLICE_X4Y130         LUT5 (Prop_lut5_I4_O)        0.331    15.207 r  MB_i/sha256_0/inst/a[27]_i_4/O
                         net (fo=2, routed)           0.484    15.692    MB_i/sha256_0/inst/a[27]_i_4_n_0
    SLICE_X6Y129         CARRY4 (Prop_carry4_DI[2]_CO[3])
                                                      0.612    16.304 r  MB_i/sha256_0/inst/a_reg[27]_i_2/CO[3]
                         net (fo=1, routed)           0.000    16.304    MB_i/sha256_0/inst/a_reg[27]_i_2_n_0
    SLICE_X6Y130         CARRY4 (Prop_carry4_CI_O[1])
                                                      0.323    16.627 r  MB_i/sha256_0/inst/a_reg[31]_i_2/O[1]
                         net (fo=1, routed)           0.417    17.044    MB_i/sha256_0/inst/in83[29]
    SLICE_X5Y131         LUT4 (Prop_lut4_I2_O)        0.306    17.350 r  MB_i/sha256_0/inst/a[29]_i_1/O
                         net (fo=1, routed)           0.000    17.350    MB_i/sha256_0/inst/a[29]_i_1_n_0
    SLICE_X5Y131         FDPE                                         r  MB_i/sha256_0/inst/a_reg[29]/D
  -------------------------------------------------------------------    -------------------

                         (clock clk_out1_MB_clk_wiz_1 rise edge)
                                                     20.000    20.000 r  
    W5                                                0.000    20.000 r  sys_clock (IN)
                         net (fo=0)                   0.000    20.000    MB_i/clk_wiz/inst/clk_in1
    W5                   IBUF (Prop_ibuf_I_O)         1.388    21.388 r  MB_i/clk_wiz/inst/clkin1_ibufg/O
                         net (fo=1, routed)           1.162    22.550    MB_i/clk_wiz/inst/clk_in1_MB_clk_wiz_1
    MMCME2_ADV_X1Y0      MMCME2_ADV (Prop_mmcme2_adv_CLKIN1_CLKOUT0)
                                                     -7.217    15.332 r  MB_i/clk_wiz/inst/mmcm_adv_inst/CLKOUT0
                         net (fo=1, routed)           1.581    16.914    MB_i/clk_wiz/inst/clk_out1_MB_clk_wiz_1
    BUFGCTRL_X0Y0        BUFG (Prop_bufg_I_O)         0.091    17.005 r  MB_i/clk_wiz/inst/clkout1_buf/O
                         net (fo=2868, routed)        1.672    18.677    MB_i/sha256_0/inst/clk
    SLICE_X5Y131         FDPE                                         r  MB_i/sha256_0/inst/a_reg[29]/C
                         clock pessimism              0.571    19.247    
                         clock uncertainty           -0.084    19.164    
    SLICE_X5Y131         FDPE (Setup_fdpe_C_D)        0.031    19.195    MB_i/sha256_0/inst/a_reg[29]
  -------------------------------------------------------------------
                         required time                         19.195    
                         arrival time                         -17.350    
  -------------------------------------------------------------------
                         slack                                  1.845    

Slack (MET) :             1.903ns  (required time - arrival time)
  Source:                 MB_i/sha256_0/inst/round_count_reg[0]/C
                            (rising edge-triggered cell FDCE clocked by clk_out1_MB_clk_wiz_1  {rise@0.000ns fall@10.000ns period=20.000ns})
  Destination:            MB_i/sha256_0/inst/a_reg[27]/D
                            (rising edge-triggered cell FDPE clocked by clk_out1_MB_clk_wiz_1  {rise@0.000ns fall@10.000ns period=20.000ns})
  Path Group:             clk_out1_MB_clk_wiz_1
  Path Type:              Setup (Max at Slow Process Corner)
  Requirement:            20.000ns  (clk_out1_MB_clk_wiz_1 rise@20.000ns - clk_out1_MB_clk_wiz_1 rise@0.000ns)
  Data Path Delay:        18.075ns  (logic 7.244ns (40.076%)  route 10.831ns (59.924%))
  Logic Levels:           24  (CARRY4=10 LUT3=2 LUT4=4 LUT5=2 LUT6=4 MUXF7=2)
  Clock Path Skew:        0.033ns (DCD - SCD + CPR)
    Destination Clock Delay (DCD):    -1.321ns = ( 18.679 - 20.000 ) 
    Source Clock Delay      (SCD):    -0.784ns
    Clock Pessimism Removal (CPR):    0.571ns
  Clock Uncertainty:      0.084ns  ((TSJ^2 + DJ^2)^1/2) / 2 + PE
    Total System Jitter     (TSJ):    0.071ns
    Discrete Jitter          (DJ):    0.152ns
    Phase Error              (PE):    0.000ns

    Location             Delay type                Incr(ns)  Path(ns)    Netlist Resource(s)
  -------------------------------------------------------------------    -------------------
                         (clock clk_out1_MB_clk_wiz_1 rise edge)
                                                      0.000     0.000 r  
    W5                                                0.000     0.000 r  sys_clock (IN)
                         net (fo=0)                   0.000     0.000    MB_i/clk_wiz/inst/clk_in1
    W5                   IBUF (Prop_ibuf_I_O)         1.458     1.458 r  MB_i/clk_wiz/inst/clkin1_ibufg/O
                         net (fo=1, routed)           1.233     2.691    MB_i/clk_wiz/inst/clk_in1_MB_clk_wiz_1
    MMCME2_ADV_X1Y0      MMCME2_ADV (Prop_mmcme2_adv_CLKIN1_CLKOUT0)
                                                     -6.961    -4.269 r  MB_i/clk_wiz/inst/mmcm_adv_inst/CLKOUT0
                         net (fo=1, routed)           1.661    -2.608    MB_i/clk_wiz/inst/clk_out1_MB_clk_wiz_1
    BUFGCTRL_X0Y0        BUFG (Prop_bufg_I_O)         0.096    -2.512 r  MB_i/clk_wiz/inst/clkout1_buf/O
                         net (fo=2868, routed)        1.728    -0.784    MB_i/sha256_0/inst/clk
    SLICE_X15Y119        FDCE                                         r  MB_i/sha256_0/inst/round_count_reg[0]/C
  -------------------------------------------------------------------    -------------------
    SLICE_X15Y119        FDCE (Prop_fdce_C_Q)         0.419    -0.365 r  MB_i/sha256_0/inst/round_count_reg[0]/Q
                         net (fo=124, routed)         2.272     1.907    MB_i/sha256_0/inst/round_count_reg_n_0_[0]
    SLICE_X52Y135        LUT6 (Prop_lut6_I4_O)        0.299     2.206 r  MB_i/sha256_0/inst/W[16][11]_i_169/O
                         net (fo=1, routed)           0.000     2.206    MB_i/sha256_0/inst/W[16][11]_i_169_n_0
    SLICE_X52Y135        MUXF7 (Prop_muxf7_I1_O)      0.214     2.420 r  MB_i/sha256_0/inst/W_reg[16][11]_i_87/O
                         net (fo=2, routed)           1.121     3.541    MB_i/sha256_0/inst/W_reg[16][11]_i_87_n_0
    SLICE_X38Y134        LUT6 (Prop_lut6_I0_O)        0.297     3.838 r  MB_i/sha256_0/inst/W[1][0]_i_121/O
                         net (fo=2, routed)           0.000     3.838    MB_i/sha256_0/inst/W[1][0]_i_121_n_0
    SLICE_X38Y134        MUXF7 (Prop_muxf7_I1_O)      0.247     4.085 r  MB_i/sha256_0/inst/W_reg[1][0]_i_48/O
                         net (fo=5, routed)           1.189     5.274    MB_i/sha256_0/inst/W_reg[1][0]_i_48_n_0
    SLICE_X26Y131        LUT3 (Prop_lut3_I1_O)        0.326     5.600 r  MB_i/sha256_0/inst/W[1][0]_i_22/O
                         net (fo=4, routed)           0.445     6.044    MB_i/sha256_0/inst/sigma0[1]
    SLICE_X25Y130        LUT4 (Prop_lut4_I1_O)        0.332     6.376 r  MB_i/sha256_0/inst/W[1][0]_i_8/O
                         net (fo=1, routed)           0.615     6.992    MB_i/sha256_0/inst/W[1][0]_i_8_n_0
    SLICE_X25Y131        CARRY4 (Prop_carry4_DI[1]_CO[3])
                                                      0.507     7.499 r  MB_i/sha256_0/inst/W_reg[1][0]_i_3/CO[3]
                         net (fo=1, routed)           0.000     7.499    MB_i/sha256_0/inst/W_reg[1][0]_i_3_n_0
    SLICE_X25Y132        CARRY4 (Prop_carry4_CI_CO[3])
                                                      0.114     7.613 r  MB_i/sha256_0/inst/W_reg[16][7]_i_3/CO[3]
                         net (fo=1, routed)           0.000     7.613    MB_i/sha256_0/inst/W_reg[16][7]_i_3_n_0
    SLICE_X25Y133        CARRY4 (Prop_carry4_CI_CO[3])
                                                      0.114     7.727 r  MB_i/sha256_0/inst/W_reg[16][11]_i_3/CO[3]
                         net (fo=1, routed)           0.000     7.727    MB_i/sha256_0/inst/W_reg[16][11]_i_3_n_0
    SLICE_X25Y134        CARRY4 (Prop_carry4_CI_O[1])
                                                      0.334     8.061 r  MB_i/sha256_0/inst/W_reg[16][15]_i_3/O[1]
                         net (fo=1, routed)           0.566     8.627    MB_i/sha256_0/inst/w_next0[13]
    SLICE_X24Y130        LUT4 (Prop_lut4_I1_O)        0.303     8.930 r  MB_i/sha256_0/inst/W[16][13]_i_1/O
                         net (fo=51, routed)          1.014     9.944    MB_i/sha256_0/inst/in3[13]
    SLICE_X22Y128        LUT3 (Prop_lut3_I1_O)        0.118    10.062 r  MB_i/sha256_0/inst/e[19]_i_22/O
                         net (fo=2, routed)           0.513    10.575    MB_i/sha256_0/inst/e[19]_i_22_n_0
    SLICE_X18Y128        LUT4 (Prop_lut4_I3_O)        0.326    10.901 r  MB_i/sha256_0/inst/e[19]_i_26/O
                         net (fo=1, routed)           0.000    10.901    MB_i/sha256_0/inst/e[19]_i_26_n_0
    SLICE_X18Y128        CARRY4 (Prop_carry4_S[2]_CO[3])
                                                      0.398    11.299 r  MB_i/sha256_0/inst/e_reg[19]_i_19/CO[3]
                         net (fo=1, routed)           0.000    11.299    MB_i/sha256_0/inst/e_reg[19]_i_19_n_0
    SLICE_X18Y129        CARRY4 (Prop_carry4_CI_O[1])
                                                      0.334    11.633 r  MB_i/sha256_0/inst/e_reg[23]_i_19/O[1]
                         net (fo=2, routed)           0.627    12.260    MB_i/sha256_0/inst/e_reg[23]_i_19_n_6
    SLICE_X14Y128        LUT5 (Prop_lut5_I0_O)        0.303    12.563 r  MB_i/sha256_0/inst/e[19]_i_9/O
                         net (fo=2, routed)           0.428    12.991    MB_i/sha256_0/inst/e[19]_i_9_n_0
    SLICE_X12Y128        LUT6 (Prop_lut6_I0_O)        0.124    13.115 r  MB_i/sha256_0/inst/e[19]_i_13/O
                         net (fo=1, routed)           0.000    13.115    MB_i/sha256_0/inst/e[19]_i_13_n_0
    SLICE_X12Y128        CARRY4 (Prop_carry4_S[2]_CO[3])
                                                      0.380    13.495 r  MB_i/sha256_0/inst/e_reg[19]_i_7/CO[3]
                         net (fo=1, routed)           0.000    13.495    MB_i/sha256_0/inst/e_reg[19]_i_7_n_0
    SLICE_X12Y129        CARRY4 (Prop_carry4_CI_O[1])
                                                      0.323    13.818 r  MB_i/sha256_0/inst/e_reg[23]_i_7/O[1]
                         net (fo=3, routed)           0.755    14.573    MB_i/sha256_0/inst/p_1_in[21]
    SLICE_X6Y131         LUT5 (Prop_lut5_I4_O)        0.306    14.879 r  MB_i/sha256_0/inst/a[23]_i_4/O
                         net (fo=2, routed)           0.740    15.619    MB_i/sha256_0/inst/a[23]_i_4_n_0
    SLICE_X6Y128         LUT6 (Prop_lut6_I0_O)        0.124    15.743 r  MB_i/sha256_0/inst/a[23]_i_8/O
                         net (fo=1, routed)           0.000    15.743    MB_i/sha256_0/inst/a[23]_i_8_n_0
    SLICE_X6Y128         CARRY4 (Prop_carry4_S[2]_CO[3])
                                                      0.380    16.123 r  MB_i/sha256_0/inst/a_reg[23]_i_2/CO[3]
                         net (fo=1, routed)           0.000    16.123    MB_i/sha256_0/inst/a_reg[23]_i_2_n_0
    SLICE_X6Y129         CARRY4 (Prop_carry4_CI_O[3])
                                                      0.315    16.438 r  MB_i/sha256_0/inst/a_reg[27]_i_2/O[3]
                         net (fo=1, routed)           0.547    16.985    MB_i/sha256_0/inst/in83[27]
    SLICE_X7Y132         LUT4 (Prop_lut4_I2_O)        0.307    17.292 r  MB_i/sha256_0/inst/a[27]_i_1/O
                         net (fo=1, routed)           0.000    17.292    MB_i/sha256_0/inst/a[27]_i_1_n_0
    SLICE_X7Y132         FDPE                                         r  MB_i/sha256_0/inst/a_reg[27]/D
  -------------------------------------------------------------------    -------------------

                         (clock clk_out1_MB_clk_wiz_1 rise edge)
                                                     20.000    20.000 r  
    W5                                                0.000    20.000 r  sys_clock (IN)
                         net (fo=0)                   0.000    20.000    MB_i/clk_wiz/inst/clk_in1
    W5                   IBUF (Prop_ibuf_I_O)         1.388    21.388 r  MB_i/clk_wiz/inst/clkin1_ibufg/O
                         net (fo=1, routed)           1.162    22.550    MB_i/clk_wiz/inst/clk_in1_MB_clk_wiz_1
    MMCME2_ADV_X1Y0      MMCME2_ADV (Prop_mmcme2_adv_CLKIN1_CLKOUT0)
                                                     -7.217    15.332 r  MB_i/clk_wiz/inst/mmcm_adv_inst/CLKOUT0
                         net (fo=1, routed)           1.581    16.914    MB_i/clk_wiz/inst/clk_out1_MB_clk_wiz_1
    BUFGCTRL_X0Y0        BUFG (Prop_bufg_I_O)         0.091    17.005 r  MB_i/clk_wiz/inst/clkout1_buf/O
                         net (fo=2868, routed)        1.674    18.679    MB_i/sha256_0/inst/clk
    SLICE_X7Y132         FDPE                                         r  MB_i/sha256_0/inst/a_reg[27]/C
                         clock pessimism              0.571    19.249    
                         clock uncertainty           -0.084    19.166    
    SLICE_X7Y132         FDPE (Setup_fdpe_C_D)        0.029    19.195    MB_i/sha256_0/inst/a_reg[27]
  -------------------------------------------------------------------
                         required time                         19.195    
                         arrival time                         -17.292    
  -------------------------------------------------------------------
                         slack                                  1.903    

Slack (MET) :             1.976ns  (required time - arrival time)
  Source:                 MB_i/sha256_0/inst/round_count_reg[0]/C
                            (rising edge-triggered cell FDCE clocked by clk_out1_MB_clk_wiz_1  {rise@0.000ns fall@10.000ns period=20.000ns})
  Destination:            MB_i/sha256_0/inst/a_reg[31]/D
                            (rising edge-triggered cell FDCE clocked by clk_out1_MB_clk_wiz_1  {rise@0.000ns fall@10.000ns period=20.000ns})
  Path Group:             clk_out1_MB_clk_wiz_1
  Path Type:              Setup (Max at Slow Process Corner)
  Requirement:            20.000ns  (clk_out1_MB_clk_wiz_1 rise@20.000ns - clk_out1_MB_clk_wiz_1 rise@0.000ns)
  Data Path Delay:        18.004ns  (logic 7.494ns (41.623%)  route 10.510ns (58.377%))
  Logic Levels:           24  (CARRY4=11 LUT3=2 LUT4=4 LUT5=2 LUT6=3 MUXF7=2)
  Clock Path Skew:        0.033ns (DCD - SCD + CPR)
    Destination Clock Delay (DCD):    -1.321ns = ( 18.679 - 20.000 ) 
    Source Clock Delay      (SCD):    -0.784ns
    Clock Pessimism Removal (CPR):    0.571ns
  Clock Uncertainty:      0.084ns  ((TSJ^2 + DJ^2)^1/2) / 2 + PE
    Total System Jitter     (TSJ):    0.071ns
    Discrete Jitter          (DJ):    0.152ns
    Phase Error              (PE):    0.000ns

    Location             Delay type                Incr(ns)  Path(ns)    Netlist Resource(s)
  -------------------------------------------------------------------    -------------------
                         (clock clk_out1_MB_clk_wiz_1 rise edge)
                                                      0.000     0.000 r  
    W5                                                0.000     0.000 r  sys_clock (IN)
                         net (fo=0)                   0.000     0.000    MB_i/clk_wiz/inst/clk_in1
    W5                   IBUF (Prop_ibuf_I_O)         1.458     1.458 r  MB_i/clk_wiz/inst/clkin1_ibufg/O
                         net (fo=1, routed)           1.233     2.691    MB_i/clk_wiz/inst/clk_in1_MB_clk_wiz_1
    MMCME2_ADV_X1Y0      MMCME2_ADV (Prop_mmcme2_adv_CLKIN1_CLKOUT0)
                                                     -6.961    -4.269 r  MB_i/clk_wiz/inst/mmcm_adv_inst/CLKOUT0
                         net (fo=1, routed)           1.661    -2.608    MB_i/clk_wiz/inst/clk_out1_MB_clk_wiz_1
    BUFGCTRL_X0Y0        BUFG (Prop_bufg_I_O)         0.096    -2.512 r  MB_i/clk_wiz/inst/clkout1_buf/O
                         net (fo=2868, routed)        1.728    -0.784    MB_i/sha256_0/inst/clk
    SLICE_X15Y119        FDCE                                         r  MB_i/sha256_0/inst/round_count_reg[0]/C
  -------------------------------------------------------------------    -------------------
    SLICE_X15Y119        FDCE (Prop_fdce_C_Q)         0.419    -0.365 r  MB_i/sha256_0/inst/round_count_reg[0]/Q
                         net (fo=124, routed)         2.272     1.907    MB_i/sha256_0/inst/round_count_reg_n_0_[0]
    SLICE_X52Y135        LUT6 (Prop_lut6_I4_O)        0.299     2.206 r  MB_i/sha256_0/inst/W[16][11]_i_169/O
                         net (fo=1, routed)           0.000     2.206    MB_i/sha256_0/inst/W[16][11]_i_169_n_0
    SLICE_X52Y135        MUXF7 (Prop_muxf7_I1_O)      0.214     2.420 r  MB_i/sha256_0/inst/W_reg[16][11]_i_87/O
                         net (fo=2, routed)           1.121     3.541    MB_i/sha256_0/inst/W_reg[16][11]_i_87_n_0
    SLICE_X38Y134        LUT6 (Prop_lut6_I0_O)        0.297     3.838 r  MB_i/sha256_0/inst/W[1][0]_i_121/O
                         net (fo=2, routed)           0.000     3.838    MB_i/sha256_0/inst/W[1][0]_i_121_n_0
    SLICE_X38Y134        MUXF7 (Prop_muxf7_I1_O)      0.247     4.085 r  MB_i/sha256_0/inst/W_reg[1][0]_i_48/O
                         net (fo=5, routed)           1.189     5.274    MB_i/sha256_0/inst/W_reg[1][0]_i_48_n_0
    SLICE_X26Y131        LUT3 (Prop_lut3_I1_O)        0.326     5.600 r  MB_i/sha256_0/inst/W[1][0]_i_22/O
                         net (fo=4, routed)           0.445     6.044    MB_i/sha256_0/inst/sigma0[1]
    SLICE_X25Y130        LUT4 (Prop_lut4_I1_O)        0.332     6.376 r  MB_i/sha256_0/inst/W[1][0]_i_8/O
                         net (fo=1, routed)           0.615     6.992    MB_i/sha256_0/inst/W[1][0]_i_8_n_0
    SLICE_X25Y131        CARRY4 (Prop_carry4_DI[1]_CO[3])
                                                      0.507     7.499 r  MB_i/sha256_0/inst/W_reg[1][0]_i_3/CO[3]
                         net (fo=1, routed)           0.000     7.499    MB_i/sha256_0/inst/W_reg[1][0]_i_3_n_0
    SLICE_X25Y132        CARRY4 (Prop_carry4_CI_CO[3])
                                                      0.114     7.613 r  MB_i/sha256_0/inst/W_reg[16][7]_i_3/CO[3]
                         net (fo=1, routed)           0.000     7.613    MB_i/sha256_0/inst/W_reg[16][7]_i_3_n_0
    SLICE_X25Y133        CARRY4 (Prop_carry4_CI_CO[3])
                                                      0.114     7.727 r  MB_i/sha256_0/inst/W_reg[16][11]_i_3/CO[3]
                         net (fo=1, routed)           0.000     7.727    MB_i/sha256_0/inst/W_reg[16][11]_i_3_n_0
    SLICE_X25Y134        CARRY4 (Prop_carry4_CI_O[1])
                                                      0.334     8.061 r  MB_i/sha256_0/inst/W_reg[16][15]_i_3/O[1]
                         net (fo=1, routed)           0.566     8.627    MB_i/sha256_0/inst/w_next0[13]
    SLICE_X24Y130        LUT4 (Prop_lut4_I1_O)        0.303     8.930 r  MB_i/sha256_0/inst/W[16][13]_i_1/O
                         net (fo=51, routed)          1.014     9.944    MB_i/sha256_0/inst/in3[13]
    SLICE_X22Y128        LUT3 (Prop_lut3_I1_O)        0.118    10.062 r  MB_i/sha256_0/inst/e[19]_i_22/O
                         net (fo=2, routed)           0.513    10.575    MB_i/sha256_0/inst/e[19]_i_22_n_0
    SLICE_X18Y128        LUT4 (Prop_lut4_I3_O)        0.326    10.901 r  MB_i/sha256_0/inst/e[19]_i_26/O
                         net (fo=1, routed)           0.000    10.901    MB_i/sha256_0/inst/e[19]_i_26_n_0
    SLICE_X18Y128        CARRY4 (Prop_carry4_S[2]_CO[3])
                                                      0.398    11.299 r  MB_i/sha256_0/inst/e_reg[19]_i_19/CO[3]
                         net (fo=1, routed)           0.000    11.299    MB_i/sha256_0/inst/e_reg[19]_i_19_n_0
    SLICE_X18Y129        CARRY4 (Prop_carry4_CI_O[1])
                                                      0.334    11.633 r  MB_i/sha256_0/inst/e_reg[23]_i_19/O[1]
                         net (fo=2, routed)           0.627    12.260    MB_i/sha256_0/inst/e_reg[23]_i_19_n_6
    SLICE_X14Y128        LUT5 (Prop_lut5_I0_O)        0.303    12.563 r  MB_i/sha256_0/inst/e[19]_i_9/O
                         net (fo=2, routed)           0.428    12.991    MB_i/sha256_0/inst/e[19]_i_9_n_0
    SLICE_X12Y128        LUT6 (Prop_lut6_I0_O)        0.124    13.115 r  MB_i/sha256_0/inst/e[19]_i_13/O
                         net (fo=1, routed)           0.000    13.115    MB_i/sha256_0/inst/e[19]_i_13_n_0
    SLICE_X12Y128        CARRY4 (Prop_carry4_S[2]_CO[3])
                                                      0.380    13.495 r  MB_i/sha256_0/inst/e_reg[19]_i_7/CO[3]
                         net (fo=1, routed)           0.000    13.495    MB_i/sha256_0/inst/e_reg[19]_i_7_n_0
    SLICE_X12Y129        CARRY4 (Prop_carry4_CI_CO[3])
                                                      0.117    13.612 r  MB_i/sha256_0/inst/e_reg[23]_i_7/CO[3]
                         net (fo=1, routed)           0.000    13.612    MB_i/sha256_0/inst/e_reg[23]_i_7_n_0
    SLICE_X12Y130        CARRY4 (Prop_carry4_CI_O[1])
                                                      0.323    13.935 r  MB_i/sha256_0/inst/e_reg[27]_i_7/O[1]
                         net (fo=3, routed)           0.941    14.876    MB_i/sha256_0/inst/p_1_in[25]
    SLICE_X4Y130         LUT5 (Prop_lut5_I4_O)        0.331    15.207 r  MB_i/sha256_0/inst/a[27]_i_4/O
                         net (fo=2, routed)           0.484    15.692    MB_i/sha256_0/inst/a[27]_i_4_n_0
    SLICE_X6Y129         CARRY4 (Prop_carry4_DI[2]_CO[3])
                                                      0.612    16.304 r  MB_i/sha256_0/inst/a_reg[27]_i_2/CO[3]
                         net (fo=1, routed)           0.000    16.304    MB_i/sha256_0/inst/a_reg[27]_i_2_n_0
    SLICE_X6Y130         CARRY4 (Prop_carry4_CI_O[3])
                                                      0.315    16.619 r  MB_i/sha256_0/inst/a_reg[31]_i_2/O[3]
                         net (fo=1, routed)           0.295    16.914    MB_i/sha256_0/inst/in83[31]
    SLICE_X7Y132         LUT4 (Prop_lut4_I2_O)        0.307    17.221 r  MB_i/sha256_0/inst/a[31]_i_1/O
                         net (fo=1, routed)           0.000    17.221    MB_i/sha256_0/inst/a[31]_i_1_n_0
    SLICE_X7Y132         FDCE                                         r  MB_i/sha256_0/inst/a_reg[31]/D
  -------------------------------------------------------------------    -------------------

                         (clock clk_out1_MB_clk_wiz_1 rise edge)
                                                     20.000    20.000 r  
    W5                                                0.000    20.000 r  sys_clock (IN)
                         net (fo=0)                   0.000    20.000    MB_i/clk_wiz/inst/clk_in1
    W5                   IBUF (Prop_ibuf_I_O)         1.388    21.388 r  MB_i/clk_wiz/inst/clkin1_ibufg/O
                         net (fo=1, routed)           1.162    22.550    MB_i/clk_wiz/inst/clk_in1_MB_clk_wiz_1
    MMCME2_ADV_X1Y0      MMCME2_ADV (Prop_mmcme2_adv_CLKIN1_CLKOUT0)
                                                     -7.217    15.332 r  MB_i/clk_wiz/inst/mmcm_adv_inst/CLKOUT0
                         net (fo=1, routed)           1.581    16.914    MB_i/clk_wiz/inst/clk_out1_MB_clk_wiz_1
    BUFGCTRL_X0Y0        BUFG (Prop_bufg_I_O)         0.091    17.005 r  MB_i/clk_wiz/inst/clkout1_buf/O
                         net (fo=2868, routed)        1.674    18.679    MB_i/sha256_0/inst/clk
    SLICE_X7Y132         FDCE                                         r  MB_i/sha256_0/inst/a_reg[31]/C
                         clock pessimism              0.571    19.249    
                         clock uncertainty           -0.084    19.166    
    SLICE_X7Y132         FDCE (Setup_fdce_C_D)        0.031    19.197    MB_i/sha256_0/inst/a_reg[31]
  -------------------------------------------------------------------
                         required time                         19.197    
                         arrival time                         -17.221    
  -------------------------------------------------------------------
                         slack                                  1.976    

Slack (MET) :             1.979ns  (required time - arrival time)
  Source:                 MB_i/sha256_0/inst/round_count_reg[0]/C
                            (rising edge-triggered cell FDCE clocked by clk_out1_MB_clk_wiz_1  {rise@0.000ns fall@10.000ns period=20.000ns})
  Destination:            MB_i/sha256_0/inst/a_reg[24]/D
                            (rising edge-triggered cell FDCE clocked by clk_out1_MB_clk_wiz_1  {rise@0.000ns fall@10.000ns period=20.000ns})
  Path Group:             clk_out1_MB_clk_wiz_1
  Path Type:              Setup (Max at Slow Process Corner)
  Requirement:            20.000ns  (clk_out1_MB_clk_wiz_1 rise@20.000ns - clk_out1_MB_clk_wiz_1 rise@0.000ns)
  Data Path Delay:        17.998ns  (logic 7.136ns (39.649%)  route 10.862ns (60.351%))
  Logic Levels:           24  (CARRY4=10 LUT3=2 LUT4=4 LUT5=2 LUT6=4 MUXF7=2)
  Clock Path Skew:        0.030ns (DCD - SCD + CPR)
    Destination Clock Delay (DCD):    -1.324ns = ( 18.676 - 20.000 ) 
    Source Clock Delay      (SCD):    -0.784ns
    Clock Pessimism Removal (CPR):    0.571ns
  Clock Uncertainty:      0.084ns  ((TSJ^2 + DJ^2)^1/2) / 2 + PE
    Total System Jitter     (TSJ):    0.071ns
    Discrete Jitter          (DJ):    0.152ns
    Phase Error              (PE):    0.000ns

    Location             Delay type                Incr(ns)  Path(ns)    Netlist Resource(s)
  -------------------------------------------------------------------    -------------------
                         (clock clk_out1_MB_clk_wiz_1 rise edge)
                                                      0.000     0.000 r  
    W5                                                0.000     0.000 r  sys_clock (IN)
                         net (fo=0)                   0.000     0.000    MB_i/clk_wiz/inst/clk_in1
    W5                   IBUF (Prop_ibuf_I_O)         1.458     1.458 r  MB_i/clk_wiz/inst/clkin1_ibufg/O
                         net (fo=1, routed)           1.233     2.691    MB_i/clk_wiz/inst/clk_in1_MB_clk_wiz_1
    MMCME2_ADV_X1Y0      MMCME2_ADV (Prop_mmcme2_adv_CLKIN1_CLKOUT0)
                                                     -6.961    -4.269 r  MB_i/clk_wiz/inst/mmcm_adv_inst/CLKOUT0
                         net (fo=1, routed)           1.661    -2.608    MB_i/clk_wiz/inst/clk_out1_MB_clk_wiz_1
    BUFGCTRL_X0Y0        BUFG (Prop_bufg_I_O)         0.096    -2.512 r  MB_i/clk_wiz/inst/clkout1_buf/O
                         net (fo=2868, routed)        1.728    -0.784    MB_i/sha256_0/inst/clk
    SLICE_X15Y119        FDCE                                         r  MB_i/sha256_0/inst/round_count_reg[0]/C
  -------------------------------------------------------------------    -------------------
    SLICE_X15Y119        FDCE (Prop_fdce_C_Q)         0.419    -0.365 r  MB_i/sha256_0/inst/round_count_reg[0]/Q
                         net (fo=124, routed)         2.272     1.907    MB_i/sha256_0/inst/round_count_reg_n_0_[0]
    SLICE_X52Y135        LUT6 (Prop_lut6_I4_O)        0.299     2.206 r  MB_i/sha256_0/inst/W[16][11]_i_169/O
                         net (fo=1, routed)           0.000     2.206    MB_i/sha256_0/inst/W[16][11]_i_169_n_0
    SLICE_X52Y135        MUXF7 (Prop_muxf7_I1_O)      0.214     2.420 r  MB_i/sha256_0/inst/W_reg[16][11]_i_87/O
                         net (fo=2, routed)           1.121     3.541    MB_i/sha256_0/inst/W_reg[16][11]_i_87_n_0
    SLICE_X38Y134        LUT6 (Prop_lut6_I0_O)        0.297     3.838 r  MB_i/sha256_0/inst/W[1][0]_i_121/O
                         net (fo=2, routed)           0.000     3.838    MB_i/sha256_0/inst/W[1][0]_i_121_n_0
    SLICE_X38Y134        MUXF7 (Prop_muxf7_I1_O)      0.247     4.085 r  MB_i/sha256_0/inst/W_reg[1][0]_i_48/O
                         net (fo=5, routed)           1.189     5.274    MB_i/sha256_0/inst/W_reg[1][0]_i_48_n_0
    SLICE_X26Y131        LUT3 (Prop_lut3_I1_O)        0.326     5.600 r  MB_i/sha256_0/inst/W[1][0]_i_22/O
                         net (fo=4, routed)           0.445     6.044    MB_i/sha256_0/inst/sigma0[1]
    SLICE_X25Y130        LUT4 (Prop_lut4_I1_O)        0.332     6.376 r  MB_i/sha256_0/inst/W[1][0]_i_8/O
                         net (fo=1, routed)           0.615     6.992    MB_i/sha256_0/inst/W[1][0]_i_8_n_0
    SLICE_X25Y131        CARRY4 (Prop_carry4_DI[1]_CO[3])
                                                      0.507     7.499 r  MB_i/sha256_0/inst/W_reg[1][0]_i_3/CO[3]
                         net (fo=1, routed)           0.000     7.499    MB_i/sha256_0/inst/W_reg[1][0]_i_3_n_0
    SLICE_X25Y132        CARRY4 (Prop_carry4_CI_CO[3])
                                                      0.114     7.613 r  MB_i/sha256_0/inst/W_reg[16][7]_i_3/CO[3]
                         net (fo=1, routed)           0.000     7.613    MB_i/sha256_0/inst/W_reg[16][7]_i_3_n_0
    SLICE_X25Y133        CARRY4 (Prop_carry4_CI_CO[3])
                                                      0.114     7.727 r  MB_i/sha256_0/inst/W_reg[16][11]_i_3/CO[3]
                         net (fo=1, routed)           0.000     7.727    MB_i/sha256_0/inst/W_reg[16][11]_i_3_n_0
    SLICE_X25Y134        CARRY4 (Prop_carry4_CI_O[1])
                                                      0.334     8.061 r  MB_i/sha256_0/inst/W_reg[16][15]_i_3/O[1]
                         net (fo=1, routed)           0.566     8.627    MB_i/sha256_0/inst/w_next0[13]
    SLICE_X24Y130        LUT4 (Prop_lut4_I1_O)        0.303     8.930 r  MB_i/sha256_0/inst/W[16][13]_i_1/O
                         net (fo=51, routed)          1.014     9.944    MB_i/sha256_0/inst/in3[13]
    SLICE_X22Y128        LUT3 (Prop_lut3_I1_O)        0.118    10.062 r  MB_i/sha256_0/inst/e[19]_i_22/O
                         net (fo=2, routed)           0.513    10.575    MB_i/sha256_0/inst/e[19]_i_22_n_0
    SLICE_X18Y128        LUT4 (Prop_lut4_I3_O)        0.326    10.901 r  MB_i/sha256_0/inst/e[19]_i_26/O
                         net (fo=1, routed)           0.000    10.901    MB_i/sha256_0/inst/e[19]_i_26_n_0
    SLICE_X18Y128        CARRY4 (Prop_carry4_S[2]_CO[3])
                                                      0.398    11.299 r  MB_i/sha256_0/inst/e_reg[19]_i_19/CO[3]
                         net (fo=1, routed)           0.000    11.299    MB_i/sha256_0/inst/e_reg[19]_i_19_n_0
    SLICE_X18Y129        CARRY4 (Prop_carry4_CI_O[1])
                                                      0.334    11.633 r  MB_i/sha256_0/inst/e_reg[23]_i_19/O[1]
                         net (fo=2, routed)           0.627    12.260    MB_i/sha256_0/inst/e_reg[23]_i_19_n_6
    SLICE_X14Y128        LUT5 (Prop_lut5_I0_O)        0.303    12.563 r  MB_i/sha256_0/inst/e[19]_i_9/O
                         net (fo=2, routed)           0.428    12.991    MB_i/sha256_0/inst/e[19]_i_9_n_0
    SLICE_X12Y128        LUT6 (Prop_lut6_I0_O)        0.124    13.115 r  MB_i/sha256_0/inst/e[19]_i_13/O
                         net (fo=1, routed)           0.000    13.115    MB_i/sha256_0/inst/e[19]_i_13_n_0
    SLICE_X12Y128        CARRY4 (Prop_carry4_S[2]_CO[3])
                                                      0.380    13.495 r  MB_i/sha256_0/inst/e_reg[19]_i_7/CO[3]
                         net (fo=1, routed)           0.000    13.495    MB_i/sha256_0/inst/e_reg[19]_i_7_n_0
    SLICE_X12Y129        CARRY4 (Prop_carry4_CI_O[1])
                                                      0.323    13.818 r  MB_i/sha256_0/inst/e_reg[23]_i_7/O[1]
                         net (fo=3, routed)           0.755    14.573    MB_i/sha256_0/inst/p_1_in[21]
    SLICE_X6Y131         LUT5 (Prop_lut5_I4_O)        0.306    14.879 r  MB_i/sha256_0/inst/a[23]_i_4/O
                         net (fo=2, routed)           0.740    15.619    MB_i/sha256_0/inst/a[23]_i_4_n_0
    SLICE_X6Y128         LUT6 (Prop_lut6_I0_O)        0.124    15.743 r  MB_i/sha256_0/inst/a[23]_i_8/O
                         net (fo=1, routed)           0.000    15.743    MB_i/sha256_0/inst/a[23]_i_8_n_0
    SLICE_X6Y128         CARRY4 (Prop_carry4_S[2]_CO[3])
                                                      0.380    16.123 r  MB_i/sha256_0/inst/a_reg[23]_i_2/CO[3]
                         net (fo=1, routed)           0.000    16.123    MB_i/sha256_0/inst/a_reg[23]_i_2_n_0
    SLICE_X6Y129         CARRY4 (Prop_carry4_CI_O[0])
                                                      0.219    16.342 r  MB_i/sha256_0/inst/a_reg[27]_i_2/O[0]
                         net (fo=1, routed)           0.578    16.920    MB_i/sha256_0/inst/in83[24]
    SLICE_X7Y129         LUT4 (Prop_lut4_I2_O)        0.295    17.215 r  MB_i/sha256_0/inst/a[24]_i_1/O
                         net (fo=1, routed)           0.000    17.215    MB_i/sha256_0/inst/a[24]_i_1_n_0
    SLICE_X7Y129         FDCE                                         r  MB_i/sha256_0/inst/a_reg[24]/D
  -------------------------------------------------------------------    -------------------

                         (clock clk_out1_MB_clk_wiz_1 rise edge)
                                                     20.000    20.000 r  
    W5                                                0.000    20.000 r  sys_clock (IN)
                         net (fo=0)                   0.000    20.000    MB_i/clk_wiz/inst/clk_in1
    W5                   IBUF (Prop_ibuf_I_O)         1.388    21.388 r  MB_i/clk_wiz/inst/clkin1_ibufg/O
                         net (fo=1, routed)           1.162    22.550    MB_i/clk_wiz/inst/clk_in1_MB_clk_wiz_1
    MMCME2_ADV_X1Y0      MMCME2_ADV (Prop_mmcme2_adv_CLKIN1_CLKOUT0)
                                                     -7.217    15.332 r  MB_i/clk_wiz/inst/mmcm_adv_inst/CLKOUT0
                         net (fo=1, routed)           1.581    16.914    MB_i/clk_wiz/inst/clk_out1_MB_clk_wiz_1
    BUFGCTRL_X0Y0        BUFG (Prop_bufg_I_O)         0.091    17.005 r  MB_i/clk_wiz/inst/clkout1_buf/O
                         net (fo=2868, routed)        1.671    18.676    MB_i/sha256_0/inst/clk
    SLICE_X7Y129         FDCE                                         r  MB_i/sha256_0/inst/a_reg[24]/C
                         clock pessimism              0.571    19.246    
                         clock uncertainty           -0.084    19.163    
    SLICE_X7Y129         FDCE (Setup_fdce_C_D)        0.031    19.194    MB_i/sha256_0/inst/a_reg[24]
  -------------------------------------------------------------------
                         required time                         19.194    
                         arrival time                         -17.215    
  -------------------------------------------------------------------
                         slack                                  1.979    

Slack (MET) :             2.005ns  (required time - arrival time)
  Source:                 MB_i/sha256_0/inst/round_count_reg[0]/C
                            (rising edge-triggered cell FDCE clocked by clk_out1_MB_clk_wiz_1  {rise@0.000ns fall@10.000ns period=20.000ns})
  Destination:            MB_i/sha256_0/inst/a_reg[30]/D
                            (rising edge-triggered cell FDPE clocked by clk_out1_MB_clk_wiz_1  {rise@0.000ns fall@10.000ns period=20.000ns})
  Path Group:             clk_out1_MB_clk_wiz_1
  Path Type:              Setup (Max at Slow Process Corner)
  Requirement:            20.000ns  (clk_out1_MB_clk_wiz_1 rise@20.000ns - clk_out1_MB_clk_wiz_1 rise@0.000ns)
  Data Path Delay:        17.974ns  (logic 7.412ns (41.238%)  route 10.562ns (58.762%))
  Logic Levels:           24  (CARRY4=11 LUT3=2 LUT4=4 LUT5=2 LUT6=3 MUXF7=2)
  Clock Path Skew:        0.030ns (DCD - SCD + CPR)
    Destination Clock Delay (DCD):    -1.324ns = ( 18.676 - 20.000 ) 
    Source Clock Delay      (SCD):    -0.784ns
    Clock Pessimism Removal (CPR):    0.571ns
  Clock Uncertainty:      0.084ns  ((TSJ^2 + DJ^2)^1/2) / 2 + PE
    Total System Jitter     (TSJ):    0.071ns
    Discrete Jitter          (DJ):    0.152ns
    Phase Error              (PE):    0.000ns

    Location             Delay type                Incr(ns)  Path(ns)    Netlist Resource(s)
  -------------------------------------------------------------------    -------------------
                         (clock clk_out1_MB_clk_wiz_1 rise edge)
                                                      0.000     0.000 r  
    W5                                                0.000     0.000 r  sys_clock (IN)
                         net (fo=0)                   0.000     0.000    MB_i/clk_wiz/inst/clk_in1
    W5                   IBUF (Prop_ibuf_I_O)         1.458     1.458 r  MB_i/clk_wiz/inst/clkin1_ibufg/O
                         net (fo=1, routed)           1.233     2.691    MB_i/clk_wiz/inst/clk_in1_MB_clk_wiz_1
    MMCME2_ADV_X1Y0      MMCME2_ADV (Prop_mmcme2_adv_CLKIN1_CLKOUT0)
                                                     -6.961    -4.269 r  MB_i/clk_wiz/inst/mmcm_adv_inst/CLKOUT0
                         net (fo=1, routed)           1.661    -2.608    MB_i/clk_wiz/inst/clk_out1_MB_clk_wiz_1
    BUFGCTRL_X0Y0        BUFG (Prop_bufg_I_O)         0.096    -2.512 r  MB_i/clk_wiz/inst/clkout1_buf/O
                         net (fo=2868, routed)        1.728    -0.784    MB_i/sha256_0/inst/clk
    SLICE_X15Y119        FDCE                                         r  MB_i/sha256_0/inst/round_count_reg[0]/C
  -------------------------------------------------------------------    -------------------
    SLICE_X15Y119        FDCE (Prop_fdce_C_Q)         0.419    -0.365 r  MB_i/sha256_0/inst/round_count_reg[0]/Q
                         net (fo=124, routed)         2.272     1.907    MB_i/sha256_0/inst/round_count_reg_n_0_[0]
    SLICE_X52Y135        LUT6 (Prop_lut6_I4_O)        0.299     2.206 r  MB_i/sha256_0/inst/W[16][11]_i_169/O
                         net (fo=1, routed)           0.000     2.206    MB_i/sha256_0/inst/W[16][11]_i_169_n_0
    SLICE_X52Y135        MUXF7 (Prop_muxf7_I1_O)      0.214     2.420 r  MB_i/sha256_0/inst/W_reg[16][11]_i_87/O
                         net (fo=2, routed)           1.121     3.541    MB_i/sha256_0/inst/W_reg[16][11]_i_87_n_0
    SLICE_X38Y134        LUT6 (Prop_lut6_I0_O)        0.297     3.838 r  MB_i/sha256_0/inst/W[1][0]_i_121/O
                         net (fo=2, routed)           0.000     3.838    MB_i/sha256_0/inst/W[1][0]_i_121_n_0
    SLICE_X38Y134        MUXF7 (Prop_muxf7_I1_O)      0.247     4.085 r  MB_i/sha256_0/inst/W_reg[1][0]_i_48/O
                         net (fo=5, routed)           1.189     5.274    MB_i/sha256_0/inst/W_reg[1][0]_i_48_n_0
    SLICE_X26Y131        LUT3 (Prop_lut3_I1_O)        0.326     5.600 r  MB_i/sha256_0/inst/W[1][0]_i_22/O
                         net (fo=4, routed)           0.445     6.044    MB_i/sha256_0/inst/sigma0[1]
    SLICE_X25Y130        LUT4 (Prop_lut4_I1_O)        0.332     6.376 r  MB_i/sha256_0/inst/W[1][0]_i_8/O
                         net (fo=1, routed)           0.615     6.992    MB_i/sha256_0/inst/W[1][0]_i_8_n_0
    SLICE_X25Y131        CARRY4 (Prop_carry4_DI[1]_CO[3])
                                                      0.507     7.499 r  MB_i/sha256_0/inst/W_reg[1][0]_i_3/CO[3]
                         net (fo=1, routed)           0.000     7.499    MB_i/sha256_0/inst/W_reg[1][0]_i_3_n_0
    SLICE_X25Y132        CARRY4 (Prop_carry4_CI_CO[3])
                                                      0.114     7.613 r  MB_i/sha256_0/inst/W_reg[16][7]_i_3/CO[3]
                         net (fo=1, routed)           0.000     7.613    MB_i/sha256_0/inst/W_reg[16][7]_i_3_n_0
    SLICE_X25Y133        CARRY4 (Prop_carry4_CI_CO[3])
                                                      0.114     7.727 r  MB_i/sha256_0/inst/W_reg[16][11]_i_3/CO[3]
                         net (fo=1, routed)           0.000     7.727    MB_i/sha256_0/inst/W_reg[16][11]_i_3_n_0
    SLICE_X25Y134        CARRY4 (Prop_carry4_CI_O[1])
                                                      0.334     8.061 r  MB_i/sha256_0/inst/W_reg[16][15]_i_3/O[1]
                         net (fo=1, routed)           0.566     8.627    MB_i/sha256_0/inst/w_next0[13]
    SLICE_X24Y130        LUT4 (Prop_lut4_I1_O)        0.303     8.930 r  MB_i/sha256_0/inst/W[16][13]_i_1/O
                         net (fo=51, routed)          1.014     9.944    MB_i/sha256_0/inst/in3[13]
    SLICE_X22Y128        LUT3 (Prop_lut3_I1_O)        0.118    10.062 r  MB_i/sha256_0/inst/e[19]_i_22/O
                         net (fo=2, routed)           0.513    10.575    MB_i/sha256_0/inst/e[19]_i_22_n_0
    SLICE_X18Y128        LUT4 (Prop_lut4_I3_O)        0.326    10.901 r  MB_i/sha256_0/inst/e[19]_i_26/O
                         net (fo=1, routed)           0.000    10.901    MB_i/sha256_0/inst/e[19]_i_26_n_0
    SLICE_X18Y128        CARRY4 (Prop_carry4_S[2]_CO[3])
                                                      0.398    11.299 r  MB_i/sha256_0/inst/e_reg[19]_i_19/CO[3]
                         net (fo=1, routed)           0.000    11.299    MB_i/sha256_0/inst/e_reg[19]_i_19_n_0
    SLICE_X18Y129        CARRY4 (Prop_carry4_CI_O[1])
                                                      0.334    11.633 r  MB_i/sha256_0/inst/e_reg[23]_i_19/O[1]
                         net (fo=2, routed)           0.627    12.260    MB_i/sha256_0/inst/e_reg[23]_i_19_n_6
    SLICE_X14Y128        LUT5 (Prop_lut5_I0_O)        0.303    12.563 r  MB_i/sha256_0/inst/e[19]_i_9/O
                         net (fo=2, routed)           0.428    12.991    MB_i/sha256_0/inst/e[19]_i_9_n_0
    SLICE_X12Y128        LUT6 (Prop_lut6_I0_O)        0.124    13.115 r  MB_i/sha256_0/inst/e[19]_i_13/O
                         net (fo=1, routed)           0.000    13.115    MB_i/sha256_0/inst/e[19]_i_13_n_0
    SLICE_X12Y128        CARRY4 (Prop_carry4_S[2]_CO[3])
                                                      0.380    13.495 r  MB_i/sha256_0/inst/e_reg[19]_i_7/CO[3]
                         net (fo=1, routed)           0.000    13.495    MB_i/sha256_0/inst/e_reg[19]_i_7_n_0
    SLICE_X12Y129        CARRY4 (Prop_carry4_CI_CO[3])
                                                      0.117    13.612 r  MB_i/sha256_0/inst/e_reg[23]_i_7/CO[3]
                         net (fo=1, routed)           0.000    13.612    MB_i/sha256_0/inst/e_reg[23]_i_7_n_0
    SLICE_X12Y130        CARRY4 (Prop_carry4_CI_O[1])
                                                      0.323    13.935 r  MB_i/sha256_0/inst/e_reg[27]_i_7/O[1]
                         net (fo=3, routed)           0.941    14.876    MB_i/sha256_0/inst/p_1_in[25]
    SLICE_X4Y130         LUT5 (Prop_lut5_I4_O)        0.331    15.207 r  MB_i/sha256_0/inst/a[27]_i_4/O
                         net (fo=2, routed)           0.484    15.692    MB_i/sha256_0/inst/a[27]_i_4_n_0
    SLICE_X6Y129         CARRY4 (Prop_carry4_DI[2]_CO[3])
                                                      0.612    16.304 r  MB_i/sha256_0/inst/a_reg[27]_i_2/CO[3]
                         net (fo=1, routed)           0.000    16.304    MB_i/sha256_0/inst/a_reg[27]_i_2_n_0
    SLICE_X6Y130         CARRY4 (Prop_carry4_CI_O[2])
                                                      0.239    16.543 r  MB_i/sha256_0/inst/a_reg[31]_i_2/O[2]
                         net (fo=1, routed)           0.346    16.889    MB_i/sha256_0/inst/in83[30]
    SLICE_X7Y130         LUT4 (Prop_lut4_I2_O)        0.301    17.190 r  MB_i/sha256_0/inst/a[30]_i_1/O
                         net (fo=1, routed)           0.000    17.190    MB_i/sha256_0/inst/a[30]_i_1_n_0
    SLICE_X7Y130         FDPE                                         r  MB_i/sha256_0/inst/a_reg[30]/D
  -------------------------------------------------------------------    -------------------

                         (clock clk_out1_MB_clk_wiz_1 rise edge)
                                                     20.000    20.000 r  
    W5                                                0.000    20.000 r  sys_clock (IN)
                         net (fo=0)                   0.000    20.000    MB_i/clk_wiz/inst/clk_in1
    W5                   IBUF (Prop_ibuf_I_O)         1.388    21.388 r  MB_i/clk_wiz/inst/clkin1_ibufg/O
                         net (fo=1, routed)           1.162    22.550    MB_i/clk_wiz/inst/clk_in1_MB_clk_wiz_1
    MMCME2_ADV_X1Y0      MMCME2_ADV (Prop_mmcme2_adv_CLKIN1_CLKOUT0)
                                                     -7.217    15.332 r  MB_i/clk_wiz/inst/mmcm_adv_inst/CLKOUT0
                         net (fo=1, routed)           1.581    16.914    MB_i/clk_wiz/inst/clk_out1_MB_clk_wiz_1
    BUFGCTRL_X0Y0        BUFG (Prop_bufg_I_O)         0.091    17.005 r  MB_i/clk_wiz/inst/clkout1_buf/O
                         net (fo=2868, routed)        1.671    18.676    MB_i/sha256_0/inst/clk
    SLICE_X7Y130         FDPE                                         r  MB_i/sha256_0/inst/a_reg[30]/C
                         clock pessimism              0.571    19.246    
                         clock uncertainty           -0.084    19.163    
    SLICE_X7Y130         FDPE (Setup_fdpe_C_D)        0.032    19.195    MB_i/sha256_0/inst/a_reg[30]
  -------------------------------------------------------------------
                         required time                         19.195    
                         arrival time                         -17.190    
  -------------------------------------------------------------------
                         slack                                  2.005    

Slack (MET) :             2.038ns  (required time - arrival time)
  Source:                 MB_i/sha256_0/inst/round_count_reg[0]/C
                            (rising edge-triggered cell FDCE clocked by clk_out1_MB_clk_wiz_1  {rise@0.000ns fall@10.000ns period=20.000ns})
  Destination:            MB_i/sha256_0/inst/a_reg[25]/D
                            (rising edge-triggered cell FDPE clocked by clk_out1_MB_clk_wiz_1  {rise@0.000ns fall@10.000ns period=20.000ns})
  Path Group:             clk_out1_MB_clk_wiz_1
  Path Type:              Setup (Max at Slow Process Corner)
  Requirement:            20.000ns  (clk_out1_MB_clk_wiz_1 rise@20.000ns - clk_out1_MB_clk_wiz_1 rise@0.000ns)
  Data Path Delay:        17.987ns  (logic 7.251ns (40.313%)  route 10.736ns (59.687%))
  Logic Levels:           24  (CARRY4=10 LUT3=2 LUT4=4 LUT5=2 LUT6=4 MUXF7=2)
  Clock Path Skew:        0.031ns (DCD - SCD + CPR)
    Destination Clock Delay (DCD):    -1.323ns = ( 18.677 - 20.000 ) 
    Source Clock Delay      (SCD):    -0.784ns
    Clock Pessimism Removal (CPR):    0.571ns
  Clock Uncertainty:      0.084ns  ((TSJ^2 + DJ^2)^1/2) / 2 + PE
    Total System Jitter     (TSJ):    0.071ns
    Discrete Jitter          (DJ):    0.152ns
    Phase Error              (PE):    0.000ns

    Location             Delay type                Incr(ns)  Path(ns)    Netlist Resource(s)
  -------------------------------------------------------------------    -------------------
                         (clock clk_out1_MB_clk_wiz_1 rise edge)
                                                      0.000     0.000 r  
    W5                                                0.000     0.000 r  sys_clock (IN)
                         net (fo=0)                   0.000     0.000    MB_i/clk_wiz/inst/clk_in1
    W5                   IBUF (Prop_ibuf_I_O)         1.458     1.458 r  MB_i/clk_wiz/inst/clkin1_ibufg/O
                         net (fo=1, routed)           1.233     2.691    MB_i/clk_wiz/inst/clk_in1_MB_clk_wiz_1
    MMCME2_ADV_X1Y0      MMCME2_ADV (Prop_mmcme2_adv_CLKIN1_CLKOUT0)
                                                     -6.961    -4.269 r  MB_i/clk_wiz/inst/mmcm_adv_inst/CLKOUT0
                         net (fo=1, routed)           1.661    -2.608    MB_i/clk_wiz/inst/clk_out1_MB_clk_wiz_1
    BUFGCTRL_X0Y0        BUFG (Prop_bufg_I_O)         0.096    -2.512 r  MB_i/clk_wiz/inst/clkout1_buf/O
                         net (fo=2868, routed)        1.728    -0.784    MB_i/sha256_0/inst/clk
    SLICE_X15Y119        FDCE                                         r  MB_i/sha256_0/inst/round_count_reg[0]/C
  -------------------------------------------------------------------    -------------------
    SLICE_X15Y119        FDCE (Prop_fdce_C_Q)         0.419    -0.365 r  MB_i/sha256_0/inst/round_count_reg[0]/Q
                         net (fo=124, routed)         2.272     1.907    MB_i/sha256_0/inst/round_count_reg_n_0_[0]
    SLICE_X52Y135        LUT6 (Prop_lut6_I4_O)        0.299     2.206 r  MB_i/sha256_0/inst/W[16][11]_i_169/O
                         net (fo=1, routed)           0.000     2.206    MB_i/sha256_0/inst/W[16][11]_i_169_n_0
    SLICE_X52Y135        MUXF7 (Prop_muxf7_I1_O)      0.214     2.420 r  MB_i/sha256_0/inst/W_reg[16][11]_i_87/O
                         net (fo=2, routed)           1.121     3.541    MB_i/sha256_0/inst/W_reg[16][11]_i_87_n_0
    SLICE_X38Y134        LUT6 (Prop_lut6_I0_O)        0.297     3.838 r  MB_i/sha256_0/inst/W[1][0]_i_121/O
                         net (fo=2, routed)           0.000     3.838    MB_i/sha256_0/inst/W[1][0]_i_121_n_0
    SLICE_X38Y134        MUXF7 (Prop_muxf7_I1_O)      0.247     4.085 r  MB_i/sha256_0/inst/W_reg[1][0]_i_48/O
                         net (fo=5, routed)           1.189     5.274    MB_i/sha256_0/inst/W_reg[1][0]_i_48_n_0
    SLICE_X26Y131        LUT3 (Prop_lut3_I1_O)        0.326     5.600 r  MB_i/sha256_0/inst/W[1][0]_i_22/O
                         net (fo=4, routed)           0.445     6.044    MB_i/sha256_0/inst/sigma0[1]
    SLICE_X25Y130        LUT4 (Prop_lut4_I1_O)        0.332     6.376 r  MB_i/sha256_0/inst/W[1][0]_i_8/O
                         net (fo=1, routed)           0.615     6.992    MB_i/sha256_0/inst/W[1][0]_i_8_n_0
    SLICE_X25Y131        CARRY4 (Prop_carry4_DI[1]_CO[3])
                                                      0.507     7.499 r  MB_i/sha256_0/inst/W_reg[1][0]_i_3/CO[3]
                         net (fo=1, routed)           0.000     7.499    MB_i/sha256_0/inst/W_reg[1][0]_i_3_n_0
    SLICE_X25Y132        CARRY4 (Prop_carry4_CI_CO[3])
                                                      0.114     7.613 r  MB_i/sha256_0/inst/W_reg[16][7]_i_3/CO[3]
                         net (fo=1, routed)           0.000     7.613    MB_i/sha256_0/inst/W_reg[16][7]_i_3_n_0
    SLICE_X25Y133        CARRY4 (Prop_carry4_CI_CO[3])
                                                      0.114     7.727 r  MB_i/sha256_0/inst/W_reg[16][11]_i_3/CO[3]
                         net (fo=1, routed)           0.000     7.727    MB_i/sha256_0/inst/W_reg[16][11]_i_3_n_0
    SLICE_X25Y134        CARRY4 (Prop_carry4_CI_O[1])
                                                      0.334     8.061 r  MB_i/sha256_0/inst/W_reg[16][15]_i_3/O[1]
                         net (fo=1, routed)           0.566     8.627    MB_i/sha256_0/inst/w_next0[13]
    SLICE_X24Y130        LUT4 (Prop_lut4_I1_O)        0.303     8.930 r  MB_i/sha256_0/inst/W[16][13]_i_1/O
                         net (fo=51, routed)          1.014     9.944    MB_i/sha256_0/inst/in3[13]
    SLICE_X22Y128        LUT3 (Prop_lut3_I1_O)        0.118    10.062 r  MB_i/sha256_0/inst/e[19]_i_22/O
                         net (fo=2, routed)           0.513    10.575    MB_i/sha256_0/inst/e[19]_i_22_n_0
    SLICE_X18Y128        LUT4 (Prop_lut4_I3_O)        0.326    10.901 r  MB_i/sha256_0/inst/e[19]_i_26/O
                         net (fo=1, routed)           0.000    10.901    MB_i/sha256_0/inst/e[19]_i_26_n_0
    SLICE_X18Y128        CARRY4 (Prop_carry4_S[2]_CO[3])
                                                      0.398    11.299 r  MB_i/sha256_0/inst/e_reg[19]_i_19/CO[3]
                         net (fo=1, routed)           0.000    11.299    MB_i/sha256_0/inst/e_reg[19]_i_19_n_0
    SLICE_X18Y129        CARRY4 (Prop_carry4_CI_O[1])
                                                      0.334    11.633 r  MB_i/sha256_0/inst/e_reg[23]_i_19/O[1]
                         net (fo=2, routed)           0.627    12.260    MB_i/sha256_0/inst/e_reg[23]_i_19_n_6
    SLICE_X14Y128        LUT5 (Prop_lut5_I0_O)        0.303    12.563 r  MB_i/sha256_0/inst/e[19]_i_9/O
                         net (fo=2, routed)           0.428    12.991    MB_i/sha256_0/inst/e[19]_i_9_n_0
    SLICE_X12Y128        LUT6 (Prop_lut6_I0_O)        0.124    13.115 r  MB_i/sha256_0/inst/e[19]_i_13/O
                         net (fo=1, routed)           0.000    13.115    MB_i/sha256_0/inst/e[19]_i_13_n_0
    SLICE_X12Y128        CARRY4 (Prop_carry4_S[2]_CO[3])
                                                      0.380    13.495 r  MB_i/sha256_0/inst/e_reg[19]_i_7/CO[3]
                         net (fo=1, routed)           0.000    13.495    MB_i/sha256_0/inst/e_reg[19]_i_7_n_0
    SLICE_X12Y129        CARRY4 (Prop_carry4_CI_O[1])
                                                      0.323    13.818 r  MB_i/sha256_0/inst/e_reg[23]_i_7/O[1]
                         net (fo=3, routed)           0.755    14.573    MB_i/sha256_0/inst/p_1_in[21]
    SLICE_X6Y131         LUT5 (Prop_lut5_I4_O)        0.306    14.879 r  MB_i/sha256_0/inst/a[23]_i_4/O
                         net (fo=2, routed)           0.740    15.619    MB_i/sha256_0/inst/a[23]_i_4_n_0
    SLICE_X6Y128         LUT6 (Prop_lut6_I0_O)        0.124    15.743 r  MB_i/sha256_0/inst/a[23]_i_8/O
                         net (fo=1, routed)           0.000    15.743    MB_i/sha256_0/inst/a[23]_i_8_n_0
    SLICE_X6Y128         CARRY4 (Prop_carry4_S[2]_CO[3])
                                                      0.380    16.123 r  MB_i/sha256_0/inst/a_reg[23]_i_2/CO[3]
                         net (fo=1, routed)           0.000    16.123    MB_i/sha256_0/inst/a_reg[23]_i_2_n_0
    SLICE_X6Y129         CARRY4 (Prop_carry4_CI_O[1])
                                                      0.323    16.446 r  MB_i/sha256_0/inst/a_reg[27]_i_2/O[1]
                         net (fo=1, routed)           0.451    16.897    MB_i/sha256_0/inst/in83[25]
    SLICE_X6Y131         LUT4 (Prop_lut4_I2_O)        0.306    17.203 r  MB_i/sha256_0/inst/a[25]_i_1/O
                         net (fo=1, routed)           0.000    17.203    MB_i/sha256_0/inst/a[25]_i_1_n_0
    SLICE_X6Y131         FDPE                                         r  MB_i/sha256_0/inst/a_reg[25]/D
  -------------------------------------------------------------------    -------------------

                         (clock clk_out1_MB_clk_wiz_1 rise edge)
                                                     20.000    20.000 r  
    W5                                                0.000    20.000 r  sys_clock (IN)
                         net (fo=0)                   0.000    20.000    MB_i/clk_wiz/inst/clk_in1
    W5                   IBUF (Prop_ibuf_I_O)         1.388    21.388 r  MB_i/clk_wiz/inst/clkin1_ibufg/O
                         net (fo=1, routed)           1.162    22.550    MB_i/clk_wiz/inst/clk_in1_MB_clk_wiz_1
    MMCME2_ADV_X1Y0      MMCME2_ADV (Prop_mmcme2_adv_CLKIN1_CLKOUT0)
                                                     -7.217    15.332 r  MB_i/clk_wiz/inst/mmcm_adv_inst/CLKOUT0
                         net (fo=1, routed)           1.581    16.914    MB_i/clk_wiz/inst/clk_out1_MB_clk_wiz_1
    BUFGCTRL_X0Y0        BUFG (Prop_bufg_I_O)         0.091    17.005 r  MB_i/clk_wiz/inst/clkout1_buf/O
                         net (fo=2868, routed)        1.672    18.677    MB_i/sha256_0/inst/clk
    SLICE_X6Y131         FDPE                                         r  MB_i/sha256_0/inst/a_reg[25]/C
                         clock pessimism              0.571    19.247    
                         clock uncertainty           -0.084    19.164    
    SLICE_X6Y131         FDPE (Setup_fdpe_C_D)        0.077    19.241    MB_i/sha256_0/inst/a_reg[25]
  -------------------------------------------------------------------
                         required time                         19.241    
                         arrival time                         -17.203    
  -------------------------------------------------------------------
                         slack                                  2.038    

Slack (MET) :             2.081ns  (required time - arrival time)
  Source:                 MB_i/sha256_0/inst/round_count_reg[0]/C
                            (rising edge-triggered cell FDCE clocked by clk_out1_MB_clk_wiz_1  {rise@0.000ns fall@10.000ns period=20.000ns})
  Destination:            MB_i/sha256_0/inst/a_reg[28]/D
                            (rising edge-triggered cell FDCE clocked by clk_out1_MB_clk_wiz_1  {rise@0.000ns fall@10.000ns period=20.000ns})
  Path Group:             clk_out1_MB_clk_wiz_1
  Path Type:              Setup (Max at Slow Process Corner)
  Requirement:            20.000ns  (clk_out1_MB_clk_wiz_1 rise@20.000ns - clk_out1_MB_clk_wiz_1 rise@0.000ns)
  Data Path Delay:        17.899ns  (logic 7.386ns (41.265%)  route 10.513ns (58.735%))
  Logic Levels:           24  (CARRY4=11 LUT3=2 LUT4=4 LUT5=2 LUT6=3 MUXF7=2)
  Clock Path Skew:        0.033ns (DCD - SCD + CPR)
    Destination Clock Delay (DCD):    -1.321ns = ( 18.679 - 20.000 ) 
    Source Clock Delay      (SCD):    -0.784ns
    Clock Pessimism Removal (CPR):    0.571ns
  Clock Uncertainty:      0.084ns  ((TSJ^2 + DJ^2)^1/2) / 2 + PE
    Total System Jitter     (TSJ):    0.071ns
    Discrete Jitter          (DJ):    0.152ns
    Phase Error              (PE):    0.000ns

    Location             Delay type                Incr(ns)  Path(ns)    Netlist Resource(s)
  -------------------------------------------------------------------    -------------------
                         (clock clk_out1_MB_clk_wiz_1 rise edge)
                                                      0.000     0.000 r  
    W5                                                0.000     0.000 r  sys_clock (IN)
                         net (fo=0)                   0.000     0.000    MB_i/clk_wiz/inst/clk_in1
    W5                   IBUF (Prop_ibuf_I_O)         1.458     1.458 r  MB_i/clk_wiz/inst/clkin1_ibufg/O
                         net (fo=1, routed)           1.233     2.691    MB_i/clk_wiz/inst/clk_in1_MB_clk_wiz_1
    MMCME2_ADV_X1Y0      MMCME2_ADV (Prop_mmcme2_adv_CLKIN1_CLKOUT0)
                                                     -6.961    -4.269 r  MB_i/clk_wiz/inst/mmcm_adv_inst/CLKOUT0
                         net (fo=1, routed)           1.661    -2.608    MB_i/clk_wiz/inst/clk_out1_MB_clk_wiz_1
    BUFGCTRL_X0Y0        BUFG (Prop_bufg_I_O)         0.096    -2.512 r  MB_i/clk_wiz/inst/clkout1_buf/O
                         net (fo=2868, routed)        1.728    -0.784    MB_i/sha256_0/inst/clk
    SLICE_X15Y119        FDCE                                         r  MB_i/sha256_0/inst/round_count_reg[0]/C
  -------------------------------------------------------------------    -------------------
    SLICE_X15Y119        FDCE (Prop_fdce_C_Q)         0.419    -0.365 r  MB_i/sha256_0/inst/round_count_reg[0]/Q
                         net (fo=124, routed)         2.272     1.907    MB_i/sha256_0/inst/round_count_reg_n_0_[0]
    SLICE_X52Y135        LUT6 (Prop_lut6_I4_O)        0.299     2.206 r  MB_i/sha256_0/inst/W[16][11]_i_169/O
                         net (fo=1, routed)           0.000     2.206    MB_i/sha256_0/inst/W[16][11]_i_169_n_0
    SLICE_X52Y135        MUXF7 (Prop_muxf7_I1_O)      0.214     2.420 r  MB_i/sha256_0/inst/W_reg[16][11]_i_87/O
                         net (fo=2, routed)           1.121     3.541    MB_i/sha256_0/inst/W_reg[16][11]_i_87_n_0
    SLICE_X38Y134        LUT6 (Prop_lut6_I0_O)        0.297     3.838 r  MB_i/sha256_0/inst/W[1][0]_i_121/O
                         net (fo=2, routed)           0.000     3.838    MB_i/sha256_0/inst/W[1][0]_i_121_n_0
    SLICE_X38Y134        MUXF7 (Prop_muxf7_I1_O)      0.247     4.085 r  MB_i/sha256_0/inst/W_reg[1][0]_i_48/O
                         net (fo=5, routed)           1.189     5.274    MB_i/sha256_0/inst/W_reg[1][0]_i_48_n_0
    SLICE_X26Y131        LUT3 (Prop_lut3_I1_O)        0.326     5.600 r  MB_i/sha256_0/inst/W[1][0]_i_22/O
                         net (fo=4, routed)           0.445     6.044    MB_i/sha256_0/inst/sigma0[1]
    SLICE_X25Y130        LUT4 (Prop_lut4_I1_O)        0.332     6.376 r  MB_i/sha256_0/inst/W[1][0]_i_8/O
                         net (fo=1, routed)           0.615     6.992    MB_i/sha256_0/inst/W[1][0]_i_8_n_0
    SLICE_X25Y131        CARRY4 (Prop_carry4_DI[1]_CO[3])
                                                      0.507     7.499 r  MB_i/sha256_0/inst/W_reg[1][0]_i_3/CO[3]
                         net (fo=1, routed)           0.000     7.499    MB_i/sha256_0/inst/W_reg[1][0]_i_3_n_0
    SLICE_X25Y132        CARRY4 (Prop_carry4_CI_CO[3])
                                                      0.114     7.613 r  MB_i/sha256_0/inst/W_reg[16][7]_i_3/CO[3]
                         net (fo=1, routed)           0.000     7.613    MB_i/sha256_0/inst/W_reg[16][7]_i_3_n_0
    SLICE_X25Y133        CARRY4 (Prop_carry4_CI_CO[3])
                                                      0.114     7.727 r  MB_i/sha256_0/inst/W_reg[16][11]_i_3/CO[3]
                         net (fo=1, routed)           0.000     7.727    MB_i/sha256_0/inst/W_reg[16][11]_i_3_n_0
    SLICE_X25Y134        CARRY4 (Prop_carry4_CI_O[1])
                                                      0.334     8.061 r  MB_i/sha256_0/inst/W_reg[16][15]_i_3/O[1]
                         net (fo=1, routed)           0.566     8.627    MB_i/sha256_0/inst/w_next0[13]
    SLICE_X24Y130        LUT4 (Prop_lut4_I1_O)        0.303     8.930 r  MB_i/sha256_0/inst/W[16][13]_i_1/O
                         net (fo=51, routed)          1.014     9.944    MB_i/sha256_0/inst/in3[13]
    SLICE_X22Y128        LUT3 (Prop_lut3_I1_O)        0.118    10.062 r  MB_i/sha256_0/inst/e[19]_i_22/O
                         net (fo=2, routed)           0.513    10.575    MB_i/sha256_0/inst/e[19]_i_22_n_0
    SLICE_X18Y128        LUT4 (Prop_lut4_I3_O)        0.326    10.901 r  MB_i/sha256_0/inst/e[19]_i_26/O
                         net (fo=1, routed)           0.000    10.901    MB_i/sha256_0/inst/e[19]_i_26_n_0
    SLICE_X18Y128        CARRY4 (Prop_carry4_S[2]_CO[3])
                                                      0.398    11.299 r  MB_i/sha256_0/inst/e_reg[19]_i_19/CO[3]
                         net (fo=1, routed)           0.000    11.299    MB_i/sha256_0/inst/e_reg[19]_i_19_n_0
    SLICE_X18Y129        CARRY4 (Prop_carry4_CI_O[1])
                                                      0.334    11.633 r  MB_i/sha256_0/inst/e_reg[23]_i_19/O[1]
                         net (fo=2, routed)           0.627    12.260    MB_i/sha256_0/inst/e_reg[23]_i_19_n_6
    SLICE_X14Y128        LUT5 (Prop_lut5_I0_O)        0.303    12.563 r  MB_i/sha256_0/inst/e[19]_i_9/O
                         net (fo=2, routed)           0.428    12.991    MB_i/sha256_0/inst/e[19]_i_9_n_0
    SLICE_X12Y128        LUT6 (Prop_lut6_I0_O)        0.124    13.115 r  MB_i/sha256_0/inst/e[19]_i_13/O
                         net (fo=1, routed)           0.000    13.115    MB_i/sha256_0/inst/e[19]_i_13_n_0
    SLICE_X12Y128        CARRY4 (Prop_carry4_S[2]_CO[3])
                                                      0.380    13.495 r  MB_i/sha256_0/inst/e_reg[19]_i_7/CO[3]
                         net (fo=1, routed)           0.000    13.495    MB_i/sha256_0/inst/e_reg[19]_i_7_n_0
    SLICE_X12Y129        CARRY4 (Prop_carry4_CI_CO[3])
                                                      0.117    13.612 r  MB_i/sha256_0/inst/e_reg[23]_i_7/CO[3]
                         net (fo=1, routed)           0.000    13.612    MB_i/sha256_0/inst/e_reg[23]_i_7_n_0
    SLICE_X12Y130        CARRY4 (Prop_carry4_CI_O[1])
                                                      0.323    13.935 r  MB_i/sha256_0/inst/e_reg[27]_i_7/O[1]
                         net (fo=3, routed)           0.941    14.876    MB_i/sha256_0/inst/p_1_in[25]
    SLICE_X4Y130         LUT5 (Prop_lut5_I4_O)        0.331    15.207 r  MB_i/sha256_0/inst/a[27]_i_4/O
                         net (fo=2, routed)           0.484    15.692    MB_i/sha256_0/inst/a[27]_i_4_n_0
    SLICE_X6Y129         CARRY4 (Prop_carry4_DI[2]_CO[3])
                                                      0.612    16.304 r  MB_i/sha256_0/inst/a_reg[27]_i_2/CO[3]
                         net (fo=1, routed)           0.000    16.304    MB_i/sha256_0/inst/a_reg[27]_i_2_n_0
    SLICE_X6Y130         CARRY4 (Prop_carry4_CI_O[0])
                                                      0.219    16.523 r  MB_i/sha256_0/inst/a_reg[31]_i_2/O[0]
                         net (fo=1, routed)           0.298    16.821    MB_i/sha256_0/inst/in83[28]
    SLICE_X7Y132         LUT4 (Prop_lut4_I2_O)        0.295    17.116 r  MB_i/sha256_0/inst/a[28]_i_1/O
                         net (fo=1, routed)           0.000    17.116    MB_i/sha256_0/inst/a[28]_i_1_n_0
    SLICE_X7Y132         FDCE                                         r  MB_i/sha256_0/inst/a_reg[28]/D
  -------------------------------------------------------------------    -------------------

                         (clock clk_out1_MB_clk_wiz_1 rise edge)
                                                     20.000    20.000 r  
    W5                                                0.000    20.000 r  sys_clock (IN)
                         net (fo=0)                   0.000    20.000    MB_i/clk_wiz/inst/clk_in1
    W5                   IBUF (Prop_ibuf_I_O)         1.388    21.388 r  MB_i/clk_wiz/inst/clkin1_ibufg/O
                         net (fo=1, routed)           1.162    22.550    MB_i/clk_wiz/inst/clk_in1_MB_clk_wiz_1
    MMCME2_ADV_X1Y0      MMCME2_ADV (Prop_mmcme2_adv_CLKIN1_CLKOUT0)
                                                     -7.217    15.332 r  MB_i/clk_wiz/inst/mmcm_adv_inst/CLKOUT0
                         net (fo=1, routed)           1.581    16.914    MB_i/clk_wiz/inst/clk_out1_MB_clk_wiz_1
    BUFGCTRL_X0Y0        BUFG (Prop_bufg_I_O)         0.091    17.005 r  MB_i/clk_wiz/inst/clkout1_buf/O
                         net (fo=2868, routed)        1.674    18.679    MB_i/sha256_0/inst/clk
    SLICE_X7Y132         FDCE                                         r  MB_i/sha256_0/inst/a_reg[28]/C
                         clock pessimism              0.571    19.249    
                         clock uncertainty           -0.084    19.166    
    SLICE_X7Y132         FDCE (Setup_fdce_C_D)        0.031    19.197    MB_i/sha256_0/inst/a_reg[28]
  -------------------------------------------------------------------
                         required time                         19.197    
                         arrival time                         -17.116    
  -------------------------------------------------------------------
                         slack                                  2.081    

Slack (MET) :             2.189ns  (required time - arrival time)
  Source:                 MB_i/sha256_0/inst/round_count_reg[0]/C
                            (rising edge-triggered cell FDCE clocked by clk_out1_MB_clk_wiz_1  {rise@0.000ns fall@10.000ns period=20.000ns})
  Destination:            MB_i/sha256_0/inst/a_reg[26]/D
                            (rising edge-triggered cell FDCE clocked by clk_out1_MB_clk_wiz_1  {rise@0.000ns fall@10.000ns period=20.000ns})
  Path Group:             clk_out1_MB_clk_wiz_1
  Path Type:              Setup (Max at Slow Process Corner)
  Requirement:            20.000ns  (clk_out1_MB_clk_wiz_1 rise@20.000ns - clk_out1_MB_clk_wiz_1 rise@0.000ns)
  Data Path Delay:        17.788ns  (logic 7.162ns (40.263%)  route 10.626ns (59.737%))
  Logic Levels:           24  (CARRY4=10 LUT3=2 LUT4=4 LUT5=2 LUT6=4 MUXF7=2)
  Clock Path Skew:        0.030ns (DCD - SCD + CPR)
    Destination Clock Delay (DCD):    -1.324ns = ( 18.676 - 20.000 ) 
    Source Clock Delay      (SCD):    -0.784ns
    Clock Pessimism Removal (CPR):    0.571ns
  Clock Uncertainty:      0.084ns  ((TSJ^2 + DJ^2)^1/2) / 2 + PE
    Total System Jitter     (TSJ):    0.071ns
    Discrete Jitter          (DJ):    0.152ns
    Phase Error              (PE):    0.000ns

    Location             Delay type                Incr(ns)  Path(ns)    Netlist Resource(s)
  -------------------------------------------------------------------    -------------------
                         (clock clk_out1_MB_clk_wiz_1 rise edge)
                                                      0.000     0.000 r  
    W5                                                0.000     0.000 r  sys_clock (IN)
                         net (fo=0)                   0.000     0.000    MB_i/clk_wiz/inst/clk_in1
    W5                   IBUF (Prop_ibuf_I_O)         1.458     1.458 r  MB_i/clk_wiz/inst/clkin1_ibufg/O
                         net (fo=1, routed)           1.233     2.691    MB_i/clk_wiz/inst/clk_in1_MB_clk_wiz_1
    MMCME2_ADV_X1Y0      MMCME2_ADV (Prop_mmcme2_adv_CLKIN1_CLKOUT0)
                                                     -6.961    -4.269 r  MB_i/clk_wiz/inst/mmcm_adv_inst/CLKOUT0
                         net (fo=1, routed)           1.661    -2.608    MB_i/clk_wiz/inst/clk_out1_MB_clk_wiz_1
    BUFGCTRL_X0Y0        BUFG (Prop_bufg_I_O)         0.096    -2.512 r  MB_i/clk_wiz/inst/clkout1_buf/O
                         net (fo=2868, routed)        1.728    -0.784    MB_i/sha256_0/inst/clk
    SLICE_X15Y119        FDCE                                         r  MB_i/sha256_0/inst/round_count_reg[0]/C
  -------------------------------------------------------------------    -------------------
    SLICE_X15Y119        FDCE (Prop_fdce_C_Q)         0.419    -0.365 r  MB_i/sha256_0/inst/round_count_reg[0]/Q
                         net (fo=124, routed)         2.272     1.907    MB_i/sha256_0/inst/round_count_reg_n_0_[0]
    SLICE_X52Y135        LUT6 (Prop_lut6_I4_O)        0.299     2.206 r  MB_i/sha256_0/inst/W[16][11]_i_169/O
                         net (fo=1, routed)           0.000     2.206    MB_i/sha256_0/inst/W[16][11]_i_169_n_0
    SLICE_X52Y135        MUXF7 (Prop_muxf7_I1_O)      0.214     2.420 r  MB_i/sha256_0/inst/W_reg[16][11]_i_87/O
                         net (fo=2, routed)           1.121     3.541    MB_i/sha256_0/inst/W_reg[16][11]_i_87_n_0
    SLICE_X38Y134        LUT6 (Prop_lut6_I0_O)        0.297     3.838 r  MB_i/sha256_0/inst/W[1][0]_i_121/O
                         net (fo=2, routed)           0.000     3.838    MB_i/sha256_0/inst/W[1][0]_i_121_n_0
    SLICE_X38Y134        MUXF7 (Prop_muxf7_I1_O)      0.247     4.085 r  MB_i/sha256_0/inst/W_reg[1][0]_i_48/O
                         net (fo=5, routed)           1.189     5.274    MB_i/sha256_0/inst/W_reg[1][0]_i_48_n_0
    SLICE_X26Y131        LUT3 (Prop_lut3_I1_O)        0.326     5.600 r  MB_i/sha256_0/inst/W[1][0]_i_22/O
                         net (fo=4, routed)           0.445     6.044    MB_i/sha256_0/inst/sigma0[1]
    SLICE_X25Y130        LUT4 (Prop_lut4_I1_O)        0.332     6.376 r  MB_i/sha256_0/inst/W[1][0]_i_8/O
                         net (fo=1, routed)           0.615     6.992    MB_i/sha256_0/inst/W[1][0]_i_8_n_0
    SLICE_X25Y131        CARRY4 (Prop_carry4_DI[1]_CO[3])
                                                      0.507     7.499 r  MB_i/sha256_0/inst/W_reg[1][0]_i_3/CO[3]
                         net (fo=1, routed)           0.000     7.499    MB_i/sha256_0/inst/W_reg[1][0]_i_3_n_0
    SLICE_X25Y132        CARRY4 (Prop_carry4_CI_CO[3])
                                                      0.114     7.613 r  MB_i/sha256_0/inst/W_reg[16][7]_i_3/CO[3]
                         net (fo=1, routed)           0.000     7.613    MB_i/sha256_0/inst/W_reg[16][7]_i_3_n_0
    SLICE_X25Y133        CARRY4 (Prop_carry4_CI_CO[3])
                                                      0.114     7.727 r  MB_i/sha256_0/inst/W_reg[16][11]_i_3/CO[3]
                         net (fo=1, routed)           0.000     7.727    MB_i/sha256_0/inst/W_reg[16][11]_i_3_n_0
    SLICE_X25Y134        CARRY4 (Prop_carry4_CI_O[1])
                                                      0.334     8.061 r  MB_i/sha256_0/inst/W_reg[16][15]_i_3/O[1]
                         net (fo=1, routed)           0.566     8.627    MB_i/sha256_0/inst/w_next0[13]
    SLICE_X24Y130        LUT4 (Prop_lut4_I1_O)        0.303     8.930 r  MB_i/sha256_0/inst/W[16][13]_i_1/O
                         net (fo=51, routed)          1.014     9.944    MB_i/sha256_0/inst/in3[13]
    SLICE_X22Y128        LUT3 (Prop_lut3_I1_O)        0.118    10.062 r  MB_i/sha256_0/inst/e[19]_i_22/O
                         net (fo=2, routed)           0.513    10.575    MB_i/sha256_0/inst/e[19]_i_22_n_0
    SLICE_X18Y128        LUT4 (Prop_lut4_I3_O)        0.326    10.901 r  MB_i/sha256_0/inst/e[19]_i_26/O
                         net (fo=1, routed)           0.000    10.901    MB_i/sha256_0/inst/e[19]_i_26_n_0
    SLICE_X18Y128        CARRY4 (Prop_carry4_S[2]_CO[3])
                                                      0.398    11.299 r  MB_i/sha256_0/inst/e_reg[19]_i_19/CO[3]
                         net (fo=1, routed)           0.000    11.299    MB_i/sha256_0/inst/e_reg[19]_i_19_n_0
    SLICE_X18Y129        CARRY4 (Prop_carry4_CI_O[1])
                                                      0.334    11.633 r  MB_i/sha256_0/inst/e_reg[23]_i_19/O[1]
                         net (fo=2, routed)           0.627    12.260    MB_i/sha256_0/inst/e_reg[23]_i_19_n_6
    SLICE_X14Y128        LUT5 (Prop_lut5_I0_O)        0.303    12.563 r  MB_i/sha256_0/inst/e[19]_i_9/O
                         net (fo=2, routed)           0.428    12.991    MB_i/sha256_0/inst/e[19]_i_9_n_0
    SLICE_X12Y128        LUT6 (Prop_lut6_I0_O)        0.124    13.115 r  MB_i/sha256_0/inst/e[19]_i_13/O
                         net (fo=1, routed)           0.000    13.115    MB_i/sha256_0/inst/e[19]_i_13_n_0
    SLICE_X12Y128        CARRY4 (Prop_carry4_S[2]_CO[3])
                                                      0.380    13.495 r  MB_i/sha256_0/inst/e_reg[19]_i_7/CO[3]
                         net (fo=1, routed)           0.000    13.495    MB_i/sha256_0/inst/e_reg[19]_i_7_n_0
    SLICE_X12Y129        CARRY4 (Prop_carry4_CI_O[1])
                                                      0.323    13.818 r  MB_i/sha256_0/inst/e_reg[23]_i_7/O[1]
                         net (fo=3, routed)           0.755    14.573    MB_i/sha256_0/inst/p_1_in[21]
    SLICE_X6Y131         LUT5 (Prop_lut5_I4_O)        0.306    14.879 r  MB_i/sha256_0/inst/a[23]_i_4/O
                         net (fo=2, routed)           0.740    15.619    MB_i/sha256_0/inst/a[23]_i_4_n_0
    SLICE_X6Y128         LUT6 (Prop_lut6_I0_O)        0.124    15.743 r  MB_i/sha256_0/inst/a[23]_i_8/O
                         net (fo=1, routed)           0.000    15.743    MB_i/sha256_0/inst/a[23]_i_8_n_0
    SLICE_X6Y128         CARRY4 (Prop_carry4_S[2]_CO[3])
                                                      0.380    16.123 r  MB_i/sha256_0/inst/a_reg[23]_i_2/CO[3]
                         net (fo=1, routed)           0.000    16.123    MB_i/sha256_0/inst/a_reg[23]_i_2_n_0
    SLICE_X6Y129         CARRY4 (Prop_carry4_CI_O[2])
                                                      0.239    16.362 r  MB_i/sha256_0/inst/a_reg[27]_i_2/O[2]
                         net (fo=1, routed)           0.341    16.703    MB_i/sha256_0/inst/in83[26]
    SLICE_X7Y129         LUT4 (Prop_lut4_I2_O)        0.301    17.004 r  MB_i/sha256_0/inst/a[26]_i_1/O
                         net (fo=1, routed)           0.000    17.004    MB_i/sha256_0/inst/a[26]_i_1_n_0
    SLICE_X7Y129         FDCE                                         r  MB_i/sha256_0/inst/a_reg[26]/D
  -------------------------------------------------------------------    -------------------

                         (clock clk_out1_MB_clk_wiz_1 rise edge)
                                                     20.000    20.000 r  
    W5                                                0.000    20.000 r  sys_clock (IN)
                         net (fo=0)                   0.000    20.000    MB_i/clk_wiz/inst/clk_in1
    W5                   IBUF (Prop_ibuf_I_O)         1.388    21.388 r  MB_i/clk_wiz/inst/clkin1_ibufg/O
                         net (fo=1, routed)           1.162    22.550    MB_i/clk_wiz/inst/clk_in1_MB_clk_wiz_1
    MMCME2_ADV_X1Y0      MMCME2_ADV (Prop_mmcme2_adv_CLKIN1_CLKOUT0)
                                                     -7.217    15.332 r  MB_i/clk_wiz/inst/mmcm_adv_inst/CLKOUT0
                         net (fo=1, routed)           1.581    16.914    MB_i/clk_wiz/inst/clk_out1_MB_clk_wiz_1
    BUFGCTRL_X0Y0        BUFG (Prop_bufg_I_O)         0.091    17.005 r  MB_i/clk_wiz/inst/clkout1_buf/O
                         net (fo=2868, routed)        1.671    18.676    MB_i/sha256_0/inst/clk
    SLICE_X7Y129         FDCE                                         r  MB_i/sha256_0/inst/a_reg[26]/C
                         clock pessimism              0.571    19.246    
                         clock uncertainty           -0.084    19.163    
    SLICE_X7Y129         FDCE (Setup_fdce_C_D)        0.031    19.194    MB_i/sha256_0/inst/a_reg[26]
  -------------------------------------------------------------------
                         required time                         19.194    
                         arrival time                         -17.004    
  -------------------------------------------------------------------
                         slack                                  2.189    

Slack (MET) :             2.323ns  (required time - arrival time)
  Source:                 MB_i/sha256_0/inst/round_count_reg[0]/C
                            (rising edge-triggered cell FDCE clocked by clk_out1_MB_clk_wiz_1  {rise@0.000ns fall@10.000ns period=20.000ns})
  Destination:            MB_i/sha256_0/inst/e_reg[29]/D
                            (rising edge-triggered cell FDCE clocked by clk_out1_MB_clk_wiz_1  {rise@0.000ns fall@10.000ns period=20.000ns})
  Path Group:             clk_out1_MB_clk_wiz_1
  Path Type:              Setup (Max at Slow Process Corner)
  Requirement:            20.000ns  (clk_out1_MB_clk_wiz_1 rise@20.000ns - clk_out1_MB_clk_wiz_1 rise@0.000ns)
  Data Path Delay:        17.635ns  (logic 7.422ns (42.086%)  route 10.213ns (57.914%))
  Logic Levels:           24  (CARRY4=11 LUT2=1 LUT3=2 LUT4=4 LUT5=1 LUT6=3 MUXF7=2)
  Clock Path Skew:        -0.037ns (DCD - SCD + CPR)
    Destination Clock Delay (DCD):    -1.391ns = ( 18.609 - 20.000 ) 
    Source Clock Delay      (SCD):    -0.784ns
    Clock Pessimism Removal (CPR):    0.571ns
  Clock Uncertainty:      0.084ns  ((TSJ^2 + DJ^2)^1/2) / 2 + PE
    Total System Jitter     (TSJ):    0.071ns
    Discrete Jitter          (DJ):    0.152ns
    Phase Error              (PE):    0.000ns

    Location             Delay type                Incr(ns)  Path(ns)    Netlist Resource(s)
  -------------------------------------------------------------------    -------------------
                         (clock clk_out1_MB_clk_wiz_1 rise edge)
                                                      0.000     0.000 r  
    W5                                                0.000     0.000 r  sys_clock (IN)
                         net (fo=0)                   0.000     0.000    MB_i/clk_wiz/inst/clk_in1
    W5                   IBUF (Prop_ibuf_I_O)         1.458     1.458 r  MB_i/clk_wiz/inst/clkin1_ibufg/O
                         net (fo=1, routed)           1.233     2.691    MB_i/clk_wiz/inst/clk_in1_MB_clk_wiz_1
    MMCME2_ADV_X1Y0      MMCME2_ADV (Prop_mmcme2_adv_CLKIN1_CLKOUT0)
                                                     -6.961    -4.269 r  MB_i/clk_wiz/inst/mmcm_adv_inst/CLKOUT0
                         net (fo=1, routed)           1.661    -2.608    MB_i/clk_wiz/inst/clk_out1_MB_clk_wiz_1
    BUFGCTRL_X0Y0        BUFG (Prop_bufg_I_O)         0.096    -2.512 r  MB_i/clk_wiz/inst/clkout1_buf/O
                         net (fo=2868, routed)        1.728    -0.784    MB_i/sha256_0/inst/clk
    SLICE_X15Y119        FDCE                                         r  MB_i/sha256_0/inst/round_count_reg[0]/C
  -------------------------------------------------------------------    -------------------
    SLICE_X15Y119        FDCE (Prop_fdce_C_Q)         0.419    -0.365 r  MB_i/sha256_0/inst/round_count_reg[0]/Q
                         net (fo=124, routed)         2.272     1.907    MB_i/sha256_0/inst/round_count_reg_n_0_[0]
    SLICE_X52Y135        LUT6 (Prop_lut6_I4_O)        0.299     2.206 r  MB_i/sha256_0/inst/W[16][11]_i_169/O
                         net (fo=1, routed)           0.000     2.206    MB_i/sha256_0/inst/W[16][11]_i_169_n_0
    SLICE_X52Y135        MUXF7 (Prop_muxf7_I1_O)      0.214     2.420 r  MB_i/sha256_0/inst/W_reg[16][11]_i_87/O
                         net (fo=2, routed)           1.121     3.541    MB_i/sha256_0/inst/W_reg[16][11]_i_87_n_0
    SLICE_X38Y134        LUT6 (Prop_lut6_I0_O)        0.297     3.838 r  MB_i/sha256_0/inst/W[1][0]_i_121/O
                         net (fo=2, routed)           0.000     3.838    MB_i/sha256_0/inst/W[1][0]_i_121_n_0
    SLICE_X38Y134        MUXF7 (Prop_muxf7_I1_O)      0.247     4.085 r  MB_i/sha256_0/inst/W_reg[1][0]_i_48/O
                         net (fo=5, routed)           1.189     5.274    MB_i/sha256_0/inst/W_reg[1][0]_i_48_n_0
    SLICE_X26Y131        LUT3 (Prop_lut3_I1_O)        0.326     5.600 r  MB_i/sha256_0/inst/W[1][0]_i_22/O
                         net (fo=4, routed)           0.445     6.044    MB_i/sha256_0/inst/sigma0[1]
    SLICE_X25Y130        LUT4 (Prop_lut4_I1_O)        0.332     6.376 r  MB_i/sha256_0/inst/W[1][0]_i_8/O
                         net (fo=1, routed)           0.615     6.992    MB_i/sha256_0/inst/W[1][0]_i_8_n_0
    SLICE_X25Y131        CARRY4 (Prop_carry4_DI[1]_CO[3])
                                                      0.507     7.499 r  MB_i/sha256_0/inst/W_reg[1][0]_i_3/CO[3]
                         net (fo=1, routed)           0.000     7.499    MB_i/sha256_0/inst/W_reg[1][0]_i_3_n_0
    SLICE_X25Y132        CARRY4 (Prop_carry4_CI_CO[3])
                                                      0.114     7.613 r  MB_i/sha256_0/inst/W_reg[16][7]_i_3/CO[3]
                         net (fo=1, routed)           0.000     7.613    MB_i/sha256_0/inst/W_reg[16][7]_i_3_n_0
    SLICE_X25Y133        CARRY4 (Prop_carry4_CI_CO[3])
                                                      0.114     7.727 r  MB_i/sha256_0/inst/W_reg[16][11]_i_3/CO[3]
                         net (fo=1, routed)           0.000     7.727    MB_i/sha256_0/inst/W_reg[16][11]_i_3_n_0
    SLICE_X25Y134        CARRY4 (Prop_carry4_CI_O[1])
                                                      0.334     8.061 r  MB_i/sha256_0/inst/W_reg[16][15]_i_3/O[1]
                         net (fo=1, routed)           0.566     8.627    MB_i/sha256_0/inst/w_next0[13]
    SLICE_X24Y130        LUT4 (Prop_lut4_I1_O)        0.303     8.930 r  MB_i/sha256_0/inst/W[16][13]_i_1/O
                         net (fo=51, routed)          1.014     9.944    MB_i/sha256_0/inst/in3[13]
    SLICE_X22Y128        LUT3 (Prop_lut3_I1_O)        0.118    10.062 r  MB_i/sha256_0/inst/e[19]_i_22/O
                         net (fo=2, routed)           0.513    10.575    MB_i/sha256_0/inst/e[19]_i_22_n_0
    SLICE_X18Y128        LUT4 (Prop_lut4_I3_O)        0.326    10.901 r  MB_i/sha256_0/inst/e[19]_i_26/O
                         net (fo=1, routed)           0.000    10.901    MB_i/sha256_0/inst/e[19]_i_26_n_0
    SLICE_X18Y128        CARRY4 (Prop_carry4_S[2]_CO[3])
                                                      0.398    11.299 r  MB_i/sha256_0/inst/e_reg[19]_i_19/CO[3]
                         net (fo=1, routed)           0.000    11.299    MB_i/sha256_0/inst/e_reg[19]_i_19_n_0
    SLICE_X18Y129        CARRY4 (Prop_carry4_CI_O[1])
                                                      0.334    11.633 r  MB_i/sha256_0/inst/e_reg[23]_i_19/O[1]
                         net (fo=2, routed)           0.627    12.260    MB_i/sha256_0/inst/e_reg[23]_i_19_n_6
    SLICE_X14Y128        LUT5 (Prop_lut5_I0_O)        0.303    12.563 r  MB_i/sha256_0/inst/e[19]_i_9/O
                         net (fo=2, routed)           0.428    12.991    MB_i/sha256_0/inst/e[19]_i_9_n_0
    SLICE_X12Y128        LUT6 (Prop_lut6_I0_O)        0.124    13.115 r  MB_i/sha256_0/inst/e[19]_i_13/O
                         net (fo=1, routed)           0.000    13.115    MB_i/sha256_0/inst/e[19]_i_13_n_0
    SLICE_X12Y128        CARRY4 (Prop_carry4_S[2]_CO[3])
                                                      0.380    13.495 r  MB_i/sha256_0/inst/e_reg[19]_i_7/CO[3]
                         net (fo=1, routed)           0.000    13.495    MB_i/sha256_0/inst/e_reg[19]_i_7_n_0
    SLICE_X12Y129        CARRY4 (Prop_carry4_CI_CO[3])
                                                      0.117    13.612 r  MB_i/sha256_0/inst/e_reg[23]_i_7/CO[3]
                         net (fo=1, routed)           0.000    13.612    MB_i/sha256_0/inst/e_reg[23]_i_7_n_0
    SLICE_X12Y130        CARRY4 (Prop_carry4_CI_O[1])
                                                      0.323    13.935 r  MB_i/sha256_0/inst/e_reg[27]_i_7/O[1]
                         net (fo=3, routed)           0.761    14.696    MB_i/sha256_0/inst/p_1_in[25]
    SLICE_X5Y128         LUT2 (Prop_lut2_I1_O)        0.306    15.002 r  MB_i/sha256_0/inst/e[27]_i_5/O
                         net (fo=1, routed)           0.000    15.002    MB_i/sha256_0/inst/e[27]_i_5_n_0
    SLICE_X5Y128         CARRY4 (Prop_carry4_S[1]_CO[3])
                                                      0.550    15.552 r  MB_i/sha256_0/inst/e_reg[27]_i_2/CO[3]
                         net (fo=1, routed)           0.000    15.552    MB_i/sha256_0/inst/e_reg[27]_i_2_n_0
    SLICE_X5Y129         CARRY4 (Prop_carry4_CI_O[1])
                                                      0.334    15.886 r  MB_i/sha256_0/inst/e_reg[31]_i_2/O[1]
                         net (fo=1, routed)           0.662    16.549    MB_i/sha256_0/inst/in92[29]
    SLICE_X8Y130         LUT4 (Prop_lut4_I2_O)        0.303    16.852 r  MB_i/sha256_0/inst/e[29]_i_1/O
                         net (fo=1, routed)           0.000    16.852    MB_i/sha256_0/inst/e[29]_i_1_n_0
    SLICE_X8Y130         FDCE                                         r  MB_i/sha256_0/inst/e_reg[29]/D
  -------------------------------------------------------------------    -------------------

                         (clock clk_out1_MB_clk_wiz_1 rise edge)
                                                     20.000    20.000 r  
    W5                                                0.000    20.000 r  sys_clock (IN)
                         net (fo=0)                   0.000    20.000    MB_i/clk_wiz/inst/clk_in1
    W5                   IBUF (Prop_ibuf_I_O)         1.388    21.388 r  MB_i/clk_wiz/inst/clkin1_ibufg/O
                         net (fo=1, routed)           1.162    22.550    MB_i/clk_wiz/inst/clk_in1_MB_clk_wiz_1
    MMCME2_ADV_X1Y0      MMCME2_ADV (Prop_mmcme2_adv_CLKIN1_CLKOUT0)
                                                     -7.217    15.332 r  MB_i/clk_wiz/inst/mmcm_adv_inst/CLKOUT0
                         net (fo=1, routed)           1.581    16.914    MB_i/clk_wiz/inst/clk_out1_MB_clk_wiz_1
    BUFGCTRL_X0Y0        BUFG (Prop_bufg_I_O)         0.091    17.005 r  MB_i/clk_wiz/inst/clkout1_buf/O
                         net (fo=2868, routed)        1.604    18.609    MB_i/sha256_0/inst/clk
    SLICE_X8Y130         FDCE                                         r  MB_i/sha256_0/inst/e_reg[29]/C
                         clock pessimism              0.571    19.179    
                         clock uncertainty           -0.084    19.096    
    SLICE_X8Y130         FDCE (Setup_fdce_C_D)        0.079    19.175    MB_i/sha256_0/inst/e_reg[29]
  -------------------------------------------------------------------
                         required time                         19.175    
                         arrival time                         -16.852    
  -------------------------------------------------------------------
                         slack                                  2.323    

Slack (MET) :             2.350ns  (required time - arrival time)
  Source:                 MB_i/sha256_0/inst/round_count_reg[0]/C
                            (rising edge-triggered cell FDCE clocked by clk_out1_MB_clk_wiz_1  {rise@0.000ns fall@10.000ns period=20.000ns})
  Destination:            MB_i/sha256_0/inst/a_reg[22]/D
                            (rising edge-triggered cell FDCE clocked by clk_out1_MB_clk_wiz_1  {rise@0.000ns fall@10.000ns period=20.000ns})
  Path Group:             clk_out1_MB_clk_wiz_1
  Path Type:              Setup (Max at Slow Process Corner)
  Requirement:            20.000ns  (clk_out1_MB_clk_wiz_1 rise@20.000ns - clk_out1_MB_clk_wiz_1 rise@0.000ns)
  Data Path Delay:        17.627ns  (logic 6.793ns (38.537%)  route 10.834ns (61.463%))
  Logic Levels:           23  (CARRY4=9 LUT3=2 LUT4=4 LUT5=2 LUT6=4 MUXF7=2)
  Clock Path Skew:        0.030ns (DCD - SCD + CPR)
    Destination Clock Delay (DCD):    -1.324ns = ( 18.676 - 20.000 ) 
    Source Clock Delay      (SCD):    -0.784ns
    Clock Pessimism Removal (CPR):    0.571ns
  Clock Uncertainty:      0.084ns  ((TSJ^2 + DJ^2)^1/2) / 2 + PE
    Total System Jitter     (TSJ):    0.071ns
    Discrete Jitter          (DJ):    0.152ns
    Phase Error              (PE):    0.000ns

    Location             Delay type                Incr(ns)  Path(ns)    Netlist Resource(s)
  -------------------------------------------------------------------    -------------------
                         (clock clk_out1_MB_clk_wiz_1 rise edge)
                                                      0.000     0.000 r  
    W5                                                0.000     0.000 r  sys_clock (IN)
                         net (fo=0)                   0.000     0.000    MB_i/clk_wiz/inst/clk_in1
    W5                   IBUF (Prop_ibuf_I_O)         1.458     1.458 r  MB_i/clk_wiz/inst/clkin1_ibufg/O
                         net (fo=1, routed)           1.233     2.691    MB_i/clk_wiz/inst/clk_in1_MB_clk_wiz_1
    MMCME2_ADV_X1Y0      MMCME2_ADV (Prop_mmcme2_adv_CLKIN1_CLKOUT0)
                                                     -6.961    -4.269 r  MB_i/clk_wiz/inst/mmcm_adv_inst/CLKOUT0
                         net (fo=1, routed)           1.661    -2.608    MB_i/clk_wiz/inst/clk_out1_MB_clk_wiz_1
    BUFGCTRL_X0Y0        BUFG (Prop_bufg_I_O)         0.096    -2.512 r  MB_i/clk_wiz/inst/clkout1_buf/O
                         net (fo=2868, routed)        1.728    -0.784    MB_i/sha256_0/inst/clk
    SLICE_X15Y119        FDCE                                         r  MB_i/sha256_0/inst/round_count_reg[0]/C
  -------------------------------------------------------------------    -------------------
    SLICE_X15Y119        FDCE (Prop_fdce_C_Q)         0.419    -0.365 r  MB_i/sha256_0/inst/round_count_reg[0]/Q
                         net (fo=124, routed)         2.272     1.907    MB_i/sha256_0/inst/round_count_reg_n_0_[0]
    SLICE_X52Y135        LUT6 (Prop_lut6_I4_O)        0.299     2.206 r  MB_i/sha256_0/inst/W[16][11]_i_169/O
                         net (fo=1, routed)           0.000     2.206    MB_i/sha256_0/inst/W[16][11]_i_169_n_0
    SLICE_X52Y135        MUXF7 (Prop_muxf7_I1_O)      0.214     2.420 r  MB_i/sha256_0/inst/W_reg[16][11]_i_87/O
                         net (fo=2, routed)           1.121     3.541    MB_i/sha256_0/inst/W_reg[16][11]_i_87_n_0
    SLICE_X38Y134        LUT6 (Prop_lut6_I0_O)        0.297     3.838 r  MB_i/sha256_0/inst/W[1][0]_i_121/O
                         net (fo=2, routed)           0.000     3.838    MB_i/sha256_0/inst/W[1][0]_i_121_n_0
    SLICE_X38Y134        MUXF7 (Prop_muxf7_I1_O)      0.247     4.085 r  MB_i/sha256_0/inst/W_reg[1][0]_i_48/O
                         net (fo=5, routed)           1.189     5.274    MB_i/sha256_0/inst/W_reg[1][0]_i_48_n_0
    SLICE_X26Y131        LUT3 (Prop_lut3_I1_O)        0.326     5.600 r  MB_i/sha256_0/inst/W[1][0]_i_22/O
                         net (fo=4, routed)           0.445     6.044    MB_i/sha256_0/inst/sigma0[1]
    SLICE_X25Y130        LUT4 (Prop_lut4_I1_O)        0.332     6.376 r  MB_i/sha256_0/inst/W[1][0]_i_8/O
                         net (fo=1, routed)           0.615     6.992    MB_i/sha256_0/inst/W[1][0]_i_8_n_0
    SLICE_X25Y131        CARRY4 (Prop_carry4_DI[1]_CO[3])
                                                      0.507     7.499 r  MB_i/sha256_0/inst/W_reg[1][0]_i_3/CO[3]
                         net (fo=1, routed)           0.000     7.499    MB_i/sha256_0/inst/W_reg[1][0]_i_3_n_0
    SLICE_X25Y132        CARRY4 (Prop_carry4_CI_CO[3])
                                                      0.114     7.613 r  MB_i/sha256_0/inst/W_reg[16][7]_i_3/CO[3]
                         net (fo=1, routed)           0.000     7.613    MB_i/sha256_0/inst/W_reg[16][7]_i_3_n_0
    SLICE_X25Y133        CARRY4 (Prop_carry4_CI_CO[3])
                                                      0.114     7.727 r  MB_i/sha256_0/inst/W_reg[16][11]_i_3/CO[3]
                         net (fo=1, routed)           0.000     7.727    MB_i/sha256_0/inst/W_reg[16][11]_i_3_n_0
    SLICE_X25Y134        CARRY4 (Prop_carry4_CI_O[1])
                                                      0.334     8.061 r  MB_i/sha256_0/inst/W_reg[16][15]_i_3/O[1]
                         net (fo=1, routed)           0.566     8.627    MB_i/sha256_0/inst/w_next0[13]
    SLICE_X24Y130        LUT4 (Prop_lut4_I1_O)        0.303     8.930 r  MB_i/sha256_0/inst/W[16][13]_i_1/O
                         net (fo=51, routed)          1.014     9.944    MB_i/sha256_0/inst/in3[13]
    SLICE_X22Y128        LUT3 (Prop_lut3_I1_O)        0.118    10.062 r  MB_i/sha256_0/inst/e[19]_i_22/O
                         net (fo=2, routed)           0.513    10.575    MB_i/sha256_0/inst/e[19]_i_22_n_0
    SLICE_X18Y128        LUT4 (Prop_lut4_I3_O)        0.326    10.901 r  MB_i/sha256_0/inst/e[19]_i_26/O
                         net (fo=1, routed)           0.000    10.901    MB_i/sha256_0/inst/e[19]_i_26_n_0
    SLICE_X18Y128        CARRY4 (Prop_carry4_S[2]_CO[3])
                                                      0.398    11.299 r  MB_i/sha256_0/inst/e_reg[19]_i_19/CO[3]
                         net (fo=1, routed)           0.000    11.299    MB_i/sha256_0/inst/e_reg[19]_i_19_n_0
    SLICE_X18Y129        CARRY4 (Prop_carry4_CI_O[1])
                                                      0.334    11.633 r  MB_i/sha256_0/inst/e_reg[23]_i_19/O[1]
                         net (fo=2, routed)           0.627    12.260    MB_i/sha256_0/inst/e_reg[23]_i_19_n_6
    SLICE_X14Y128        LUT5 (Prop_lut5_I0_O)        0.303    12.563 r  MB_i/sha256_0/inst/e[19]_i_9/O
                         net (fo=2, routed)           0.428    12.991    MB_i/sha256_0/inst/e[19]_i_9_n_0
    SLICE_X12Y128        LUT6 (Prop_lut6_I0_O)        0.124    13.115 r  MB_i/sha256_0/inst/e[19]_i_13/O
                         net (fo=1, routed)           0.000    13.115    MB_i/sha256_0/inst/e[19]_i_13_n_0
    SLICE_X12Y128        CARRY4 (Prop_carry4_S[2]_CO[3])
                                                      0.380    13.495 r  MB_i/sha256_0/inst/e_reg[19]_i_7/CO[3]
                         net (fo=1, routed)           0.000    13.495    MB_i/sha256_0/inst/e_reg[19]_i_7_n_0
    SLICE_X12Y129        CARRY4 (Prop_carry4_CI_O[1])
                                                      0.323    13.818 r  MB_i/sha256_0/inst/e_reg[23]_i_7/O[1]
                         net (fo=3, routed)           0.755    14.573    MB_i/sha256_0/inst/p_1_in[21]
    SLICE_X6Y131         LUT5 (Prop_lut5_I4_O)        0.306    14.879 r  MB_i/sha256_0/inst/a[23]_i_4/O
                         net (fo=2, routed)           0.740    15.619    MB_i/sha256_0/inst/a[23]_i_4_n_0
    SLICE_X6Y128         LUT6 (Prop_lut6_I0_O)        0.124    15.743 r  MB_i/sha256_0/inst/a[23]_i_8/O
                         net (fo=1, routed)           0.000    15.743    MB_i/sha256_0/inst/a[23]_i_8_n_0
    SLICE_X6Y128         CARRY4 (Prop_carry4_S[2]_O[2])
                                                      0.250    15.993 r  MB_i/sha256_0/inst/a_reg[23]_i_2/O[2]
                         net (fo=1, routed)           0.550    16.543    MB_i/sha256_0/inst/in83[22]
    SLICE_X7Y130         LUT4 (Prop_lut4_I2_O)        0.301    16.844 r  MB_i/sha256_0/inst/a[22]_i_1/O
                         net (fo=1, routed)           0.000    16.844    MB_i/sha256_0/inst/a[22]_i_1_n_0
    SLICE_X7Y130         FDCE                                         r  MB_i/sha256_0/inst/a_reg[22]/D
  -------------------------------------------------------------------    -------------------

                         (clock clk_out1_MB_clk_wiz_1 rise edge)
                                                     20.000    20.000 r  
    W5                                                0.000    20.000 r  sys_clock (IN)
                         net (fo=0)                   0.000    20.000    MB_i/clk_wiz/inst/clk_in1
    W5                   IBUF (Prop_ibuf_I_O)         1.388    21.388 r  MB_i/clk_wiz/inst/clkin1_ibufg/O
                         net (fo=1, routed)           1.162    22.550    MB_i/clk_wiz/inst/clk_in1_MB_clk_wiz_1
    MMCME2_ADV_X1Y0      MMCME2_ADV (Prop_mmcme2_adv_CLKIN1_CLKOUT0)
                                                     -7.217    15.332 r  MB_i/clk_wiz/inst/mmcm_adv_inst/CLKOUT0
                         net (fo=1, routed)           1.581    16.914    MB_i/clk_wiz/inst/clk_out1_MB_clk_wiz_1
    BUFGCTRL_X0Y0        BUFG (Prop_bufg_I_O)         0.091    17.005 r  MB_i/clk_wiz/inst/clkout1_buf/O
                         net (fo=2868, routed)        1.671    18.676    MB_i/sha256_0/inst/clk
    SLICE_X7Y130         FDCE                                         r  MB_i/sha256_0/inst/a_reg[22]/C
                         clock pessimism              0.571    19.246    
                         clock uncertainty           -0.084    19.163    
    SLICE_X7Y130         FDCE (Setup_fdce_C_D)        0.031    19.194    MB_i/sha256_0/inst/a_reg[22]
  -------------------------------------------------------------------
                         required time                         19.194    
                         arrival time                         -16.844    
  -------------------------------------------------------------------
                         slack                                  2.350    





Min Delay Paths
--------------------------------------------------------------------------------------
Slack (MET) :             0.118ns  (arrival time - required time)
  Source:                 MB_i/sha256_0/inst/H4_reg[29]/C
                            (rising edge-triggered cell FDCE clocked by clk_out1_MB_clk_wiz_1  {rise@0.000ns fall@10.000ns period=20.000ns})
  Destination:            MB_i/sha256_0/inst/e_reg[29]/D
                            (rising edge-triggered cell FDCE clocked by clk_out1_MB_clk_wiz_1  {rise@0.000ns fall@10.000ns period=20.000ns})
  Path Group:             clk_out1_MB_clk_wiz_1
  Path Type:              Hold (Min at Fast Process Corner)
  Requirement:            0.000ns  (clk_out1_MB_clk_wiz_1 rise@0.000ns - clk_out1_MB_clk_wiz_1 rise@0.000ns)
  Data Path Delay:        0.252ns  (logic 0.186ns (73.740%)  route 0.066ns (26.260%))
  Logic Levels:           1  (LUT4=1)
  Clock Path Skew:        0.013ns (DCD - SCD - CPR)
    Destination Clock Delay (DCD):    -0.778ns
    Source Clock Delay      (SCD):    -0.543ns
    Clock Pessimism Removal (CPR):    -0.248ns

    Location             Delay type                Incr(ns)  Path(ns)    Netlist Resource(s)
  -------------------------------------------------------------------    -------------------
                         (clock clk_out1_MB_clk_wiz_1 rise edge)
                                                      0.000     0.000 r  
    W5                                                0.000     0.000 r  sys_clock (IN)
                         net (fo=0)                   0.000     0.000    MB_i/clk_wiz/inst/clk_in1
    W5                   IBUF (Prop_ibuf_I_O)         0.226     0.226 r  MB_i/clk_wiz/inst/clkin1_ibufg/O
                         net (fo=1, routed)           0.440     0.667    MB_i/clk_wiz/inst/clk_in1_MB_clk_wiz_1
    MMCME2_ADV_X1Y0      MMCME2_ADV (Prop_mmcme2_adv_CLKIN1_CLKOUT0)
                                                     -2.360    -1.693 r  MB_i/clk_wiz/inst/mmcm_adv_inst/CLKOUT0
                         net (fo=1, routed)           0.486    -1.207    MB_i/clk_wiz/inst/clk_out1_MB_clk_wiz_1
    BUFGCTRL_X0Y0        BUFG (Prop_bufg_I_O)         0.026    -1.181 r  MB_i/clk_wiz/inst/clkout1_buf/O
                         net (fo=2868, routed)        0.638    -0.543    MB_i/sha256_0/inst/clk
    SLICE_X9Y130         FDCE                                         r  MB_i/sha256_0/inst/H4_reg[29]/C
  -------------------------------------------------------------------    -------------------
    SLICE_X9Y130         FDCE (Prop_fdce_C_Q)         0.141    -0.402 r  MB_i/sha256_0/inst/H4_reg[29]/Q
                         net (fo=3, routed)           0.066    -0.336    MB_i/sha256_0/inst/H4[29]
    SLICE_X8Y130         LUT4 (Prop_lut4_I0_O)        0.045    -0.291 r  MB_i/sha256_0/inst/e[29]_i_1/O
                         net (fo=1, routed)           0.000    -0.291    MB_i/sha256_0/inst/e[29]_i_1_n_0
    SLICE_X8Y130         FDCE                                         r  MB_i/sha256_0/inst/e_reg[29]/D
  -------------------------------------------------------------------    -------------------

                         (clock clk_out1_MB_clk_wiz_1 rise edge)
                                                      0.000     0.000 r  
    W5                                                0.000     0.000 r  sys_clock (IN)
                         net (fo=0)                   0.000     0.000    MB_i/clk_wiz/inst/clk_in1
    W5                   IBUF (Prop_ibuf_I_O)         0.414     0.414 r  MB_i/clk_wiz/inst/clkin1_ibufg/O
                         net (fo=1, routed)           0.480     0.894    MB_i/clk_wiz/inst/clk_in1_MB_clk_wiz_1
    MMCME2_ADV_X1Y0      MMCME2_ADV (Prop_mmcme2_adv_CLKIN1_CLKOUT0)
                                                     -3.142    -2.248 r  MB_i/clk_wiz/inst/mmcm_adv_inst/CLKOUT0
                         net (fo=1, routed)           0.530    -1.718    MB_i/clk_wiz/inst/clk_out1_MB_clk_wiz_1
    BUFGCTRL_X0Y0        BUFG (Prop_bufg_I_O)         0.029    -1.689 r  MB_i/clk_wiz/inst/clkout1_buf/O
                         net (fo=2868, routed)        0.911    -0.778    MB_i/sha256_0/inst/clk
    SLICE_X8Y130         FDCE                                         r  MB_i/sha256_0/inst/e_reg[29]/C
                         clock pessimism              0.248    -0.530    
    SLICE_X8Y130         FDCE (Hold_fdce_C_D)         0.121    -0.409    MB_i/sha256_0/inst/e_reg[29]
  -------------------------------------------------------------------
                         required time                          0.409    
                         arrival time                          -0.291    
  -------------------------------------------------------------------
                         slack                                  0.118    

Slack (MET) :             0.120ns  (arrival time - required time)
  Source:                 MB_i/sha256_0/inst/H3_reg[11]/C
                            (rising edge-triggered cell FDCE clocked by clk_out1_MB_clk_wiz_1  {rise@0.000ns fall@10.000ns period=20.000ns})
  Destination:            MB_i/sha256_0/inst/d_reg[11]/D
                            (rising edge-triggered cell FDCE clocked by clk_out1_MB_clk_wiz_1  {rise@0.000ns fall@10.000ns period=20.000ns})
  Path Group:             clk_out1_MB_clk_wiz_1
  Path Type:              Hold (Min at Fast Process Corner)
  Requirement:            0.000ns  (clk_out1_MB_clk_wiz_1 rise@0.000ns - clk_out1_MB_clk_wiz_1 rise@0.000ns)
  Data Path Delay:        0.254ns  (logic 0.186ns (73.093%)  route 0.068ns (26.907%))
  Logic Levels:           1  (LUT4=1)
  Clock Path Skew:        0.013ns (DCD - SCD - CPR)
    Destination Clock Delay (DCD):    -0.749ns
    Source Clock Delay      (SCD):    -0.514ns
    Clock Pessimism Removal (CPR):    -0.248ns

    Location             Delay type                Incr(ns)  Path(ns)    Netlist Resource(s)
  -------------------------------------------------------------------    -------------------
                         (clock clk_out1_MB_clk_wiz_1 rise edge)
                                                      0.000     0.000 r  
    W5                                                0.000     0.000 r  sys_clock (IN)
                         net (fo=0)                   0.000     0.000    MB_i/clk_wiz/inst/clk_in1
    W5                   IBUF (Prop_ibuf_I_O)         0.226     0.226 r  MB_i/clk_wiz/inst/clkin1_ibufg/O
                         net (fo=1, routed)           0.440     0.667    MB_i/clk_wiz/inst/clk_in1_MB_clk_wiz_1
    MMCME2_ADV_X1Y0      MMCME2_ADV (Prop_mmcme2_adv_CLKIN1_CLKOUT0)
                                                     -2.360    -1.693 r  MB_i/clk_wiz/inst/mmcm_adv_inst/CLKOUT0
                         net (fo=1, routed)           0.486    -1.207    MB_i/clk_wiz/inst/clk_out1_MB_clk_wiz_1
    BUFGCTRL_X0Y0        BUFG (Prop_bufg_I_O)         0.026    -1.181 r  MB_i/clk_wiz/inst/clkout1_buf/O
                         net (fo=2868, routed)        0.667    -0.514    MB_i/sha256_0/inst/clk
    SLICE_X3Y119         FDCE                                         r  MB_i/sha256_0/inst/H3_reg[11]/C
  -------------------------------------------------------------------    -------------------
    SLICE_X3Y119         FDCE (Prop_fdce_C_Q)         0.141    -0.373 r  MB_i/sha256_0/inst/H3_reg[11]/Q
                         net (fo=3, routed)           0.068    -0.304    MB_i/sha256_0/inst/H3[11]
    SLICE_X2Y119         LUT4 (Prop_lut4_I0_O)        0.045    -0.259 r  MB_i/sha256_0/inst/d[11]_i_1/O
                         net (fo=1, routed)           0.000    -0.259    MB_i/sha256_0/inst/d[11]_i_1_n_0
    SLICE_X2Y119         FDCE                                         r  MB_i/sha256_0/inst/d_reg[11]/D
  -------------------------------------------------------------------    -------------------

                         (clock clk_out1_MB_clk_wiz_1 rise edge)
                                                      0.000     0.000 r  
    W5                                                0.000     0.000 r  sys_clock (IN)
                         net (fo=0)                   0.000     0.000    MB_i/clk_wiz/inst/clk_in1
    W5                   IBUF (Prop_ibuf_I_O)         0.414     0.414 r  MB_i/clk_wiz/inst/clkin1_ibufg/O
                         net (fo=1, routed)           0.480     0.894    MB_i/clk_wiz/inst/clk_in1_MB_clk_wiz_1
    MMCME2_ADV_X1Y0      MMCME2_ADV (Prop_mmcme2_adv_CLKIN1_CLKOUT0)
                                                     -3.142    -2.248 r  MB_i/clk_wiz/inst/mmcm_adv_inst/CLKOUT0
                         net (fo=1, routed)           0.530    -1.718    MB_i/clk_wiz/inst/clk_out1_MB_clk_wiz_1
    BUFGCTRL_X0Y0        BUFG (Prop_bufg_I_O)         0.029    -1.689 r  MB_i/clk_wiz/inst/clkout1_buf/O
                         net (fo=2868, routed)        0.940    -0.749    MB_i/sha256_0/inst/clk
    SLICE_X2Y119         FDCE                                         r  MB_i/sha256_0/inst/d_reg[11]/C
                         clock pessimism              0.248    -0.501    
    SLICE_X2Y119         FDCE (Hold_fdce_C_D)         0.121    -0.380    MB_i/sha256_0/inst/d_reg[11]
  -------------------------------------------------------------------
                         required time                          0.380    
                         arrival time                          -0.259    
  -------------------------------------------------------------------
                         slack                                  0.120    

Slack (MET) :             0.129ns  (arrival time - required time)
  Source:                 MB_i/sha256_0/inst/b_reg[27]/C
                            (rising edge-triggered cell FDPE clocked by clk_out1_MB_clk_wiz_1  {rise@0.000ns fall@10.000ns period=20.000ns})
  Destination:            MB_i/sha256_0/inst/c_reg[27]/D
                            (rising edge-triggered cell FDPE clocked by clk_out1_MB_clk_wiz_1  {rise@0.000ns fall@10.000ns period=20.000ns})
  Path Group:             clk_out1_MB_clk_wiz_1
  Path Type:              Hold (Min at Fast Process Corner)
  Requirement:            0.000ns  (clk_out1_MB_clk_wiz_1 rise@0.000ns - clk_out1_MB_clk_wiz_1 rise@0.000ns)
  Data Path Delay:        0.263ns  (logic 0.186ns (70.857%)  route 0.077ns (29.143%))
  Logic Levels:           1  (LUT4=1)
  Clock Path Skew:        0.013ns (DCD - SCD - CPR)
    Destination Clock Delay (DCD):    -0.747ns
    Source Clock Delay      (SCD):    -0.512ns
    Clock Pessimism Removal (CPR):    -0.248ns

    Location             Delay type                Incr(ns)  Path(ns)    Netlist Resource(s)
  -------------------------------------------------------------------    -------------------
                         (clock clk_out1_MB_clk_wiz_1 rise edge)
                                                      0.000     0.000 r  
    W5                                                0.000     0.000 r  sys_clock (IN)
                         net (fo=0)                   0.000     0.000    MB_i/clk_wiz/inst/clk_in1
    W5                   IBUF (Prop_ibuf_I_O)         0.226     0.226 r  MB_i/clk_wiz/inst/clkin1_ibufg/O
                         net (fo=1, routed)           0.440     0.667    MB_i/clk_wiz/inst/clk_in1_MB_clk_wiz_1
    MMCME2_ADV_X1Y0      MMCME2_ADV (Prop_mmcme2_adv_CLKIN1_CLKOUT0)
                                                     -2.360    -1.693 r  MB_i/clk_wiz/inst/mmcm_adv_inst/CLKOUT0
                         net (fo=1, routed)           0.486    -1.207    MB_i/clk_wiz/inst/clk_out1_MB_clk_wiz_1
    BUFGCTRL_X0Y0        BUFG (Prop_bufg_I_O)         0.026    -1.181 r  MB_i/clk_wiz/inst/clkout1_buf/O
                         net (fo=2868, routed)        0.669    -0.512    MB_i/sha256_0/inst/clk
    SLICE_X3Y132         FDPE                                         r  MB_i/sha256_0/inst/b_reg[27]/C
  -------------------------------------------------------------------    -------------------
    SLICE_X3Y132         FDPE (Prop_fdpe_C_Q)         0.141    -0.371 r  MB_i/sha256_0/inst/b_reg[27]/Q
                         net (fo=4, routed)           0.077    -0.294    MB_i/sha256_0/inst/b_reg_n_0_[27]
    SLICE_X2Y132         LUT4 (Prop_lut4_I2_O)        0.045    -0.249 r  MB_i/sha256_0/inst/c[27]_i_1/O
                         net (fo=1, routed)           0.000    -0.249    MB_i/sha256_0/inst/c[27]_i_1_n_0
    SLICE_X2Y132         FDPE                                         r  MB_i/sha256_0/inst/c_reg[27]/D
  -------------------------------------------------------------------    -------------------

                         (clock clk_out1_MB_clk_wiz_1 rise edge)
                                                      0.000     0.000 r  
    W5                                                0.000     0.000 r  sys_clock (IN)
                         net (fo=0)                   0.000     0.000    MB_i/clk_wiz/inst/clk_in1
    W5                   IBUF (Prop_ibuf_I_O)         0.414     0.414 r  MB_i/clk_wiz/inst/clkin1_ibufg/O
                         net (fo=1, routed)           0.480     0.894    MB_i/clk_wiz/inst/clk_in1_MB_clk_wiz_1
    MMCME2_ADV_X1Y0      MMCME2_ADV (Prop_mmcme2_adv_CLKIN1_CLKOUT0)
                                                     -3.142    -2.248 r  MB_i/clk_wiz/inst/mmcm_adv_inst/CLKOUT0
                         net (fo=1, routed)           0.530    -1.718    MB_i/clk_wiz/inst/clk_out1_MB_clk_wiz_1
    BUFGCTRL_X0Y0        BUFG (Prop_bufg_I_O)         0.029    -1.689 r  MB_i/clk_wiz/inst/clkout1_buf/O
                         net (fo=2868, routed)        0.942    -0.747    MB_i/sha256_0/inst/clk
    SLICE_X2Y132         FDPE                                         r  MB_i/sha256_0/inst/c_reg[27]/C
                         clock pessimism              0.248    -0.499    
    SLICE_X2Y132         FDPE (Hold_fdpe_C_D)         0.121    -0.378    MB_i/sha256_0/inst/c_reg[27]
  -------------------------------------------------------------------
                         required time                          0.378    
                         arrival time                          -0.249    
  -------------------------------------------------------------------
                         slack                                  0.129    

Slack (MET) :             0.144ns  (arrival time - required time)
  Source:                 MB_i/sha256_0/inst/H3_reg[4]/C
                            (rising edge-triggered cell FDPE clocked by clk_out1_MB_clk_wiz_1  {rise@0.000ns fall@10.000ns period=20.000ns})
  Destination:            MB_i/sha256_0/inst/d_reg[4]/D
                            (rising edge-triggered cell FDPE clocked by clk_out1_MB_clk_wiz_1  {rise@0.000ns fall@10.000ns period=20.000ns})
  Path Group:             clk_out1_MB_clk_wiz_1
  Path Type:              Hold (Min at Fast Process Corner)
  Requirement:            0.000ns  (clk_out1_MB_clk_wiz_1 rise@0.000ns - clk_out1_MB_clk_wiz_1 rise@0.000ns)
  Data Path Delay:        0.278ns  (logic 0.186ns (66.849%)  route 0.092ns (33.151%))
  Logic Levels:           1  (LUT4=1)
  Clock Path Skew:        0.013ns (DCD - SCD - CPR)
    Destination Clock Delay (DCD):    -0.748ns
    Source Clock Delay      (SCD):    -0.513ns
    Clock Pessimism Removal (CPR):    -0.248ns

    Location             Delay type                Incr(ns)  Path(ns)    Netlist Resource(s)
  -------------------------------------------------------------------    -------------------
                         (clock clk_out1_MB_clk_wiz_1 rise edge)
                                                      0.000     0.000 r  
    W5                                                0.000     0.000 r  sys_clock (IN)
                         net (fo=0)                   0.000     0.000    MB_i/clk_wiz/inst/clk_in1
    W5                   IBUF (Prop_ibuf_I_O)         0.226     0.226 r  MB_i/clk_wiz/inst/clkin1_ibufg/O
                         net (fo=1, routed)           0.440     0.667    MB_i/clk_wiz/inst/clk_in1_MB_clk_wiz_1
    MMCME2_ADV_X1Y0      MMCME2_ADV (Prop_mmcme2_adv_CLKIN1_CLKOUT0)
                                                     -2.360    -1.693 r  MB_i/clk_wiz/inst/mmcm_adv_inst/CLKOUT0
                         net (fo=1, routed)           0.486    -1.207    MB_i/clk_wiz/inst/clk_out1_MB_clk_wiz_1
    BUFGCTRL_X0Y0        BUFG (Prop_bufg_I_O)         0.026    -1.181 r  MB_i/clk_wiz/inst/clkout1_buf/O
                         net (fo=2868, routed)        0.668    -0.513    MB_i/sha256_0/inst/clk
    SLICE_X3Y118         FDPE                                         r  MB_i/sha256_0/inst/H3_reg[4]/C
  -------------------------------------------------------------------    -------------------
    SLICE_X3Y118         FDPE (Prop_fdpe_C_Q)         0.141    -0.372 r  MB_i/sha256_0/inst/H3_reg[4]/Q
                         net (fo=3, routed)           0.092    -0.280    MB_i/sha256_0/inst/H3[4]
    SLICE_X2Y118         LUT4 (Prop_lut4_I0_O)        0.045    -0.235 r  MB_i/sha256_0/inst/d[4]_i_1/O
                         net (fo=1, routed)           0.000    -0.235    MB_i/sha256_0/inst/d[4]_i_1_n_0
    SLICE_X2Y118         FDPE                                         r  MB_i/sha256_0/inst/d_reg[4]/D
  -------------------------------------------------------------------    -------------------

                         (clock clk_out1_MB_clk_wiz_1 rise edge)
                                                      0.000     0.000 r  
    W5                                                0.000     0.000 r  sys_clock (IN)
                         net (fo=0)                   0.000     0.000    MB_i/clk_wiz/inst/clk_in1
    W5                   IBUF (Prop_ibuf_I_O)         0.414     0.414 r  MB_i/clk_wiz/inst/clkin1_ibufg/O
                         net (fo=1, routed)           0.480     0.894    MB_i/clk_wiz/inst/clk_in1_MB_clk_wiz_1
    MMCME2_ADV_X1Y0      MMCME2_ADV (Prop_mmcme2_adv_CLKIN1_CLKOUT0)
                                                     -3.142    -2.248 r  MB_i/clk_wiz/inst/mmcm_adv_inst/CLKOUT0
                         net (fo=1, routed)           0.530    -1.718    MB_i/clk_wiz/inst/clk_out1_MB_clk_wiz_1
    BUFGCTRL_X0Y0        BUFG (Prop_bufg_I_O)         0.029    -1.689 r  MB_i/clk_wiz/inst/clkout1_buf/O
                         net (fo=2868, routed)        0.941    -0.748    MB_i/sha256_0/inst/clk
    SLICE_X2Y118         FDPE                                         r  MB_i/sha256_0/inst/d_reg[4]/C
                         clock pessimism              0.248    -0.500    
    SLICE_X2Y118         FDPE (Hold_fdpe_C_D)         0.121    -0.379    MB_i/sha256_0/inst/d_reg[4]
  -------------------------------------------------------------------
                         required time                          0.379    
                         arrival time                          -0.235    
  -------------------------------------------------------------------
                         slack                                  0.144    

Slack (MET) :             0.154ns  (arrival time - required time)
  Source:                 MB_i/sha256_0/inst/round_count_reg[0]_rep__7/C
                            (rising edge-triggered cell FDCE clocked by clk_out1_MB_clk_wiz_1  {rise@0.000ns fall@10.000ns period=20.000ns})
  Destination:            MB_i/sha256_0/inst/round_count_reg[4]_rep/D
                            (rising edge-triggered cell FDCE clocked by clk_out1_MB_clk_wiz_1  {rise@0.000ns fall@10.000ns period=20.000ns})
  Path Group:             clk_out1_MB_clk_wiz_1
  Path Type:              Hold (Min at Fast Process Corner)
  Requirement:            0.000ns  (clk_out1_MB_clk_wiz_1 rise@0.000ns - clk_out1_MB_clk_wiz_1 rise@0.000ns)
  Data Path Delay:        0.542ns  (logic 0.186ns (34.301%)  route 0.356ns (65.699%))
  Logic Levels:           1  (LUT6=1)
  Clock Path Skew:        0.268ns (DCD - SCD - CPR)
    Destination Clock Delay (DCD):    -0.774ns
    Source Clock Delay      (SCD):    -0.543ns
    Clock Pessimism Removal (CPR):    -0.499ns

    Location             Delay type                Incr(ns)  Path(ns)    Netlist Resource(s)
  -------------------------------------------------------------------    -------------------
                         (clock clk_out1_MB_clk_wiz_1 rise edge)
                                                      0.000     0.000 r  
    W5                                                0.000     0.000 r  sys_clock (IN)
                         net (fo=0)                   0.000     0.000    MB_i/clk_wiz/inst/clk_in1
    W5                   IBUF (Prop_ibuf_I_O)         0.226     0.226 r  MB_i/clk_wiz/inst/clkin1_ibufg/O
                         net (fo=1, routed)           0.440     0.667    MB_i/clk_wiz/inst/clk_in1_MB_clk_wiz_1
    MMCME2_ADV_X1Y0      MMCME2_ADV (Prop_mmcme2_adv_CLKIN1_CLKOUT0)
                                                     -2.360    -1.693 r  MB_i/clk_wiz/inst/mmcm_adv_inst/CLKOUT0
                         net (fo=1, routed)           0.486    -1.207    MB_i/clk_wiz/inst/clk_out1_MB_clk_wiz_1
    BUFGCTRL_X0Y0        BUFG (Prop_bufg_I_O)         0.026    -1.181 r  MB_i/clk_wiz/inst/clkout1_buf/O
                         net (fo=2868, routed)        0.638    -0.543    MB_i/sha256_0/inst/clk
    SLICE_X36Y134        FDCE                                         r  MB_i/sha256_0/inst/round_count_reg[0]_rep__7/C
  -------------------------------------------------------------------    -------------------
    SLICE_X36Y134        FDCE (Prop_fdce_C_Q)         0.141    -0.402 r  MB_i/sha256_0/inst/round_count_reg[0]_rep__7/Q
                         net (fo=124, routed)         0.356    -0.046    MB_i/sha256_0/inst/round_count_reg[0]_rep__7_n_0
    SLICE_X34Y140        LUT6 (Prop_lut6_I4_O)        0.045    -0.001 r  MB_i/sha256_0/inst/round_count[4]_rep_i_1/O
                         net (fo=1, routed)           0.000    -0.001    MB_i/sha256_0/inst/round_count[4]_rep_i_1_n_0
    SLICE_X34Y140        FDCE                                         r  MB_i/sha256_0/inst/round_count_reg[4]_rep/D
  -------------------------------------------------------------------    -------------------

                         (clock clk_out1_MB_clk_wiz_1 rise edge)
                                                      0.000     0.000 r  
    W5                                                0.000     0.000 r  sys_clock (IN)
                         net (fo=0)                   0.000     0.000    MB_i/clk_wiz/inst/clk_in1
    W5                   IBUF (Prop_ibuf_I_O)         0.414     0.414 r  MB_i/clk_wiz/inst/clkin1_ibufg/O
                         net (fo=1, routed)           0.480     0.894    MB_i/clk_wiz/inst/clk_in1_MB_clk_wiz_1
    MMCME2_ADV_X1Y0      MMCME2_ADV (Prop_mmcme2_adv_CLKIN1_CLKOUT0)
                                                     -3.142    -2.248 r  MB_i/clk_wiz/inst/mmcm_adv_inst/CLKOUT0
                         net (fo=1, routed)           0.530    -1.718    MB_i/clk_wiz/inst/clk_out1_MB_clk_wiz_1
    BUFGCTRL_X0Y0        BUFG (Prop_bufg_I_O)         0.029    -1.689 r  MB_i/clk_wiz/inst/clkout1_buf/O
                         net (fo=2868, routed)        0.915    -0.774    MB_i/sha256_0/inst/clk
    SLICE_X34Y140        FDCE                                         r  MB_i/sha256_0/inst/round_count_reg[4]_rep/C
                         clock pessimism              0.499    -0.275    
    SLICE_X34Y140        FDCE (Hold_fdce_C_D)         0.120    -0.155    MB_i/sha256_0/inst/round_count_reg[4]_rep
  -------------------------------------------------------------------
                         required time                          0.155    
                         arrival time                          -0.001    
  -------------------------------------------------------------------
                         slack                                  0.154    

Slack (MET) :             0.155ns  (arrival time - required time)
  Source:                 MB_i/sha256_0/inst/H4_reg[28]/C
                            (rising edge-triggered cell FDPE clocked by clk_out1_MB_clk_wiz_1  {rise@0.000ns fall@10.000ns period=20.000ns})
  Destination:            MB_i/sha256_0/inst/e_reg[28]/D
                            (rising edge-triggered cell FDPE clocked by clk_out1_MB_clk_wiz_1  {rise@0.000ns fall@10.000ns period=20.000ns})
  Path Group:             clk_out1_MB_clk_wiz_1
  Path Type:              Hold (Min at Fast Process Corner)
  Requirement:            0.000ns  (clk_out1_MB_clk_wiz_1 rise@0.000ns - clk_out1_MB_clk_wiz_1 rise@0.000ns)
  Data Path Delay:        0.289ns  (logic 0.186ns (64.307%)  route 0.103ns (35.693%))
  Logic Levels:           1  (LUT4=1)
  Clock Path Skew:        0.013ns (DCD - SCD - CPR)
    Destination Clock Delay (DCD):    -0.778ns
    Source Clock Delay      (SCD):    -0.543ns
    Clock Pessimism Removal (CPR):    -0.248ns

    Location             Delay type                Incr(ns)  Path(ns)    Netlist Resource(s)
  -------------------------------------------------------------------    -------------------
                         (clock clk_out1_MB_clk_wiz_1 rise edge)
                                                      0.000     0.000 r  
    W5                                                0.000     0.000 r  sys_clock (IN)
                         net (fo=0)                   0.000     0.000    MB_i/clk_wiz/inst/clk_in1
    W5                   IBUF (Prop_ibuf_I_O)         0.226     0.226 r  MB_i/clk_wiz/inst/clkin1_ibufg/O
                         net (fo=1, routed)           0.440     0.667    MB_i/clk_wiz/inst/clk_in1_MB_clk_wiz_1
    MMCME2_ADV_X1Y0      MMCME2_ADV (Prop_mmcme2_adv_CLKIN1_CLKOUT0)
                                                     -2.360    -1.693 r  MB_i/clk_wiz/inst/mmcm_adv_inst/CLKOUT0
                         net (fo=1, routed)           0.486    -1.207    MB_i/clk_wiz/inst/clk_out1_MB_clk_wiz_1
    BUFGCTRL_X0Y0        BUFG (Prop_bufg_I_O)         0.026    -1.181 r  MB_i/clk_wiz/inst/clkout1_buf/O
                         net (fo=2868, routed)        0.638    -0.543    MB_i/sha256_0/inst/clk
    SLICE_X9Y130         FDPE                                         r  MB_i/sha256_0/inst/H4_reg[28]/C
  -------------------------------------------------------------------    -------------------
    SLICE_X9Y130         FDPE (Prop_fdpe_C_Q)         0.141    -0.402 r  MB_i/sha256_0/inst/H4_reg[28]/Q
                         net (fo=3, routed)           0.103    -0.299    MB_i/sha256_0/inst/H4[28]
    SLICE_X8Y130         LUT4 (Prop_lut4_I0_O)        0.045    -0.254 r  MB_i/sha256_0/inst/e[28]_i_1/O
                         net (fo=1, routed)           0.000    -0.254    MB_i/sha256_0/inst/e[28]_i_1_n_0
    SLICE_X8Y130         FDPE                                         r  MB_i/sha256_0/inst/e_reg[28]/D
  -------------------------------------------------------------------    -------------------

                         (clock clk_out1_MB_clk_wiz_1 rise edge)
                                                      0.000     0.000 r  
    W5                                                0.000     0.000 r  sys_clock (IN)
                         net (fo=0)                   0.000     0.000    MB_i/clk_wiz/inst/clk_in1
    W5                   IBUF (Prop_ibuf_I_O)         0.414     0.414 r  MB_i/clk_wiz/inst/clkin1_ibufg/O
                         net (fo=1, routed)           0.480     0.894    MB_i/clk_wiz/inst/clk_in1_MB_clk_wiz_1
    MMCME2_ADV_X1Y0      MMCME2_ADV (Prop_mmcme2_adv_CLKIN1_CLKOUT0)
                                                     -3.142    -2.248 r  MB_i/clk_wiz/inst/mmcm_adv_inst/CLKOUT0
                         net (fo=1, routed)           0.530    -1.718    MB_i/clk_wiz/inst/clk_out1_MB_clk_wiz_1
    BUFGCTRL_X0Y0        BUFG (Prop_bufg_I_O)         0.029    -1.689 r  MB_i/clk_wiz/inst/clkout1_buf/O
                         net (fo=2868, routed)        0.911    -0.778    MB_i/sha256_0/inst/clk
    SLICE_X8Y130         FDPE                                         r  MB_i/sha256_0/inst/e_reg[28]/C
                         clock pessimism              0.248    -0.530    
    SLICE_X8Y130         FDPE (Hold_fdpe_C_D)         0.121    -0.409    MB_i/sha256_0/inst/e_reg[28]
  -------------------------------------------------------------------
                         required time                          0.409    
                         arrival time                          -0.254    
  -------------------------------------------------------------------
                         slack                                  0.155    

Slack (MET) :             0.165ns  (arrival time - required time)
  Source:                 MB_i/sha256_0/inst/H4_reg[6]/C
                            (rising edge-triggered cell FDPE clocked by clk_out1_MB_clk_wiz_1  {rise@0.000ns fall@10.000ns period=20.000ns})
  Destination:            MB_i/sha256_0/inst/e_reg[6]/D
                            (rising edge-triggered cell FDPE clocked by clk_out1_MB_clk_wiz_1  {rise@0.000ns fall@10.000ns period=20.000ns})
  Path Group:             clk_out1_MB_clk_wiz_1
  Path Type:              Hold (Min at Fast Process Corner)
  Requirement:            0.000ns  (clk_out1_MB_clk_wiz_1 rise@0.000ns - clk_out1_MB_clk_wiz_1 rise@0.000ns)
  Data Path Delay:        0.270ns  (logic 0.209ns (77.339%)  route 0.061ns (22.661%))
  Logic Levels:           1  (LUT4=1)
  Clock Path Skew:        0.013ns (DCD - SCD - CPR)
    Destination Clock Delay (DCD):    -0.780ns
    Source Clock Delay      (SCD):    -0.545ns
    Clock Pessimism Removal (CPR):    -0.248ns

    Location             Delay type                Incr(ns)  Path(ns)    Netlist Resource(s)
  -------------------------------------------------------------------    -------------------
                         (clock clk_out1_MB_clk_wiz_1 rise edge)
                                                      0.000     0.000 r  
    W5                                                0.000     0.000 r  sys_clock (IN)
                         net (fo=0)                   0.000     0.000    MB_i/clk_wiz/inst/clk_in1
    W5                   IBUF (Prop_ibuf_I_O)         0.226     0.226 r  MB_i/clk_wiz/inst/clkin1_ibufg/O
                         net (fo=1, routed)           0.440     0.667    MB_i/clk_wiz/inst/clk_in1_MB_clk_wiz_1
    MMCME2_ADV_X1Y0      MMCME2_ADV (Prop_mmcme2_adv_CLKIN1_CLKOUT0)
                                                     -2.360    -1.693 r  MB_i/clk_wiz/inst/mmcm_adv_inst/CLKOUT0
                         net (fo=1, routed)           0.486    -1.207    MB_i/clk_wiz/inst/clk_out1_MB_clk_wiz_1
    BUFGCTRL_X0Y0        BUFG (Prop_bufg_I_O)         0.026    -1.181 r  MB_i/clk_wiz/inst/clkout1_buf/O
                         net (fo=2868, routed)        0.636    -0.545    MB_i/sha256_0/inst/clk
    SLICE_X10Y121        FDPE                                         r  MB_i/sha256_0/inst/H4_reg[6]/C
  -------------------------------------------------------------------    -------------------
    SLICE_X10Y121        FDPE (Prop_fdpe_C_Q)         0.164    -0.381 r  MB_i/sha256_0/inst/H4_reg[6]/Q
                         net (fo=3, routed)           0.061    -0.320    MB_i/sha256_0/inst/H4[6]
    SLICE_X11Y121        LUT4 (Prop_lut4_I0_O)        0.045    -0.275 r  MB_i/sha256_0/inst/e[6]_i_1/O
                         net (fo=1, routed)           0.000    -0.275    MB_i/sha256_0/inst/e[6]_i_1_n_0
    SLICE_X11Y121        FDPE                                         r  MB_i/sha256_0/inst/e_reg[6]/D
  -------------------------------------------------------------------    -------------------

                         (clock clk_out1_MB_clk_wiz_1 rise edge)
                                                      0.000     0.000 r  
    W5                                                0.000     0.000 r  sys_clock (IN)
                         net (fo=0)                   0.000     0.000    MB_i/clk_wiz/inst/clk_in1
    W5                   IBUF (Prop_ibuf_I_O)         0.414     0.414 r  MB_i/clk_wiz/inst/clkin1_ibufg/O
                         net (fo=1, routed)           0.480     0.894    MB_i/clk_wiz/inst/clk_in1_MB_clk_wiz_1
    MMCME2_ADV_X1Y0      MMCME2_ADV (Prop_mmcme2_adv_CLKIN1_CLKOUT0)
                                                     -3.142    -2.248 r  MB_i/clk_wiz/inst/mmcm_adv_inst/CLKOUT0
                         net (fo=1, routed)           0.530    -1.718    MB_i/clk_wiz/inst/clk_out1_MB_clk_wiz_1
    BUFGCTRL_X0Y0        BUFG (Prop_bufg_I_O)         0.029    -1.689 r  MB_i/clk_wiz/inst/clkout1_buf/O
                         net (fo=2868, routed)        0.909    -0.780    MB_i/sha256_0/inst/clk
    SLICE_X11Y121        FDPE                                         r  MB_i/sha256_0/inst/e_reg[6]/C
                         clock pessimism              0.248    -0.532    
    SLICE_X11Y121        FDPE (Hold_fdpe_C_D)         0.092    -0.440    MB_i/sha256_0/inst/e_reg[6]
  -------------------------------------------------------------------
                         required time                          0.440    
                         arrival time                          -0.275    
  -------------------------------------------------------------------
                         slack                                  0.165    

Slack (MET) :             0.168ns  (arrival time - required time)
  Source:                 MB_i/sha256_0/inst/f_reg[30]/C
                            (rising edge-triggered cell FDCE clocked by clk_out1_MB_clk_wiz_1  {rise@0.000ns fall@10.000ns period=20.000ns})
  Destination:            MB_i/sha256_0/inst/g_reg[30]/D
                            (rising edge-triggered cell FDCE clocked by clk_out1_MB_clk_wiz_1  {rise@0.000ns fall@10.000ns period=20.000ns})
  Path Group:             clk_out1_MB_clk_wiz_1
  Path Type:              Hold (Min at Fast Process Corner)
  Requirement:            0.000ns  (clk_out1_MB_clk_wiz_1 rise@0.000ns - clk_out1_MB_clk_wiz_1 rise@0.000ns)
  Data Path Delay:        0.273ns  (logic 0.209ns (76.490%)  route 0.064ns (23.510%))
  Logic Levels:           1  (LUT4=1)
  Clock Path Skew:        0.013ns (DCD - SCD - CPR)
    Destination Clock Delay (DCD):    -0.776ns
    Source Clock Delay      (SCD):    -0.540ns
    Clock Pessimism Removal (CPR):    -0.249ns

    Location             Delay type                Incr(ns)  Path(ns)    Netlist Resource(s)
  -------------------------------------------------------------------    -------------------
                         (clock clk_out1_MB_clk_wiz_1 rise edge)
                                                      0.000     0.000 r  
    W5                                                0.000     0.000 r  sys_clock (IN)
                         net (fo=0)                   0.000     0.000    MB_i/clk_wiz/inst/clk_in1
    W5                   IBUF (Prop_ibuf_I_O)         0.226     0.226 r  MB_i/clk_wiz/inst/clkin1_ibufg/O
                         net (fo=1, routed)           0.440     0.667    MB_i/clk_wiz/inst/clk_in1_MB_clk_wiz_1
    MMCME2_ADV_X1Y0      MMCME2_ADV (Prop_mmcme2_adv_CLKIN1_CLKOUT0)
                                                     -2.360    -1.693 r  MB_i/clk_wiz/inst/mmcm_adv_inst/CLKOUT0
                         net (fo=1, routed)           0.486    -1.207    MB_i/clk_wiz/inst/clk_out1_MB_clk_wiz_1
    BUFGCTRL_X0Y0        BUFG (Prop_bufg_I_O)         0.026    -1.181 r  MB_i/clk_wiz/inst/clkout1_buf/O
                         net (fo=2868, routed)        0.641    -0.540    MB_i/sha256_0/inst/clk
    SLICE_X12Y133        FDCE                                         r  MB_i/sha256_0/inst/f_reg[30]/C
  -------------------------------------------------------------------    -------------------
    SLICE_X12Y133        FDCE (Prop_fdce_C_Q)         0.164    -0.376 r  MB_i/sha256_0/inst/f_reg[30]/Q
                         net (fo=4, routed)           0.064    -0.312    MB_i/sha256_0/inst/f_reg_n_0_[30]
    SLICE_X13Y133        LUT4 (Prop_lut4_I2_O)        0.045    -0.267 r  MB_i/sha256_0/inst/g[30]_i_1/O
                         net (fo=1, routed)           0.000    -0.267    MB_i/sha256_0/inst/g[30]_i_1_n_0
    SLICE_X13Y133        FDCE                                         r  MB_i/sha256_0/inst/g_reg[30]/D
  -------------------------------------------------------------------    -------------------

                         (clock clk_out1_MB_clk_wiz_1 rise edge)
                                                      0.000     0.000 r  
    W5                                                0.000     0.000 r  sys_clock (IN)
                         net (fo=0)                   0.000     0.000    MB_i/clk_wiz/inst/clk_in1
    W5                   IBUF (Prop_ibuf_I_O)         0.414     0.414 r  MB_i/clk_wiz/inst/clkin1_ibufg/O
                         net (fo=1, routed)           0.480     0.894    MB_i/clk_wiz/inst/clk_in1_MB_clk_wiz_1
    MMCME2_ADV_X1Y0      MMCME2_ADV (Prop_mmcme2_adv_CLKIN1_CLKOUT0)
                                                     -3.142    -2.248 r  MB_i/clk_wiz/inst/mmcm_adv_inst/CLKOUT0
                         net (fo=1, routed)           0.530    -1.718    MB_i/clk_wiz/inst/clk_out1_MB_clk_wiz_1
    BUFGCTRL_X0Y0        BUFG (Prop_bufg_I_O)         0.029    -1.689 r  MB_i/clk_wiz/inst/clkout1_buf/O
                         net (fo=2868, routed)        0.913    -0.776    MB_i/sha256_0/inst/clk
    SLICE_X13Y133        FDCE                                         r  MB_i/sha256_0/inst/g_reg[30]/C
                         clock pessimism              0.249    -0.527    
    SLICE_X13Y133        FDCE (Hold_fdce_C_D)         0.092    -0.435    MB_i/sha256_0/inst/g_reg[30]
  -------------------------------------------------------------------
                         required time                          0.435    
                         arrival time                          -0.267    
  -------------------------------------------------------------------
                         slack                                  0.168    

Slack (MET) :             0.172ns  (arrival time - required time)
  Source:                 MB_i/sha256_0/inst/c_reg[30]/C
                            (rising edge-triggered cell FDCE clocked by clk_out1_MB_clk_wiz_1  {rise@0.000ns fall@10.000ns period=20.000ns})
  Destination:            MB_i/sha256_0/inst/d_reg[30]/D
                            (rising edge-triggered cell FDCE clocked by clk_out1_MB_clk_wiz_1  {rise@0.000ns fall@10.000ns period=20.000ns})
  Path Group:             clk_out1_MB_clk_wiz_1
  Path Type:              Hold (Min at Fast Process Corner)
  Requirement:            0.000ns  (clk_out1_MB_clk_wiz_1 rise@0.000ns - clk_out1_MB_clk_wiz_1 rise@0.000ns)
  Data Path Delay:        0.306ns  (logic 0.186ns (60.847%)  route 0.120ns (39.153%))
  Logic Levels:           1  (LUT4=1)
  Clock Path Skew:        0.013ns (DCD - SCD - CPR)
    Destination Clock Delay (DCD):    -0.749ns
    Source Clock Delay      (SCD):    -0.513ns
    Clock Pessimism Removal (CPR):    -0.249ns

    Location             Delay type                Incr(ns)  Path(ns)    Netlist Resource(s)
  -------------------------------------------------------------------    -------------------
                         (clock clk_out1_MB_clk_wiz_1 rise edge)
                                                      0.000     0.000 r  
    W5                                                0.000     0.000 r  sys_clock (IN)
                         net (fo=0)                   0.000     0.000    MB_i/clk_wiz/inst/clk_in1
    W5                   IBUF (Prop_ibuf_I_O)         0.226     0.226 r  MB_i/clk_wiz/inst/clkin1_ibufg/O
                         net (fo=1, routed)           0.440     0.667    MB_i/clk_wiz/inst/clk_in1_MB_clk_wiz_1
    MMCME2_ADV_X1Y0      MMCME2_ADV (Prop_mmcme2_adv_CLKIN1_CLKOUT0)
                                                     -2.360    -1.693 r  MB_i/clk_wiz/inst/mmcm_adv_inst/CLKOUT0
                         net (fo=1, routed)           0.486    -1.207    MB_i/clk_wiz/inst/clk_out1_MB_clk_wiz_1
    BUFGCTRL_X0Y0        BUFG (Prop_bufg_I_O)         0.026    -1.181 r  MB_i/clk_wiz/inst/clkout1_buf/O
                         net (fo=2868, routed)        0.668    -0.513    MB_i/sha256_0/inst/clk
    SLICE_X1Y131         FDCE                                         r  MB_i/sha256_0/inst/c_reg[30]/C
  -------------------------------------------------------------------    -------------------
    SLICE_X1Y131         FDCE (Prop_fdce_C_Q)         0.141    -0.372 r  MB_i/sha256_0/inst/c_reg[30]/Q
                         net (fo=3, routed)           0.120    -0.252    MB_i/sha256_0/inst/c_reg_n_0_[30]
    SLICE_X2Y130         LUT4 (Prop_lut4_I2_O)        0.045    -0.207 r  MB_i/sha256_0/inst/d[30]_i_1/O
                         net (fo=1, routed)           0.000    -0.207    MB_i/sha256_0/inst/d[30]_i_1_n_0
    SLICE_X2Y130         FDCE                                         r  MB_i/sha256_0/inst/d_reg[30]/D
  -------------------------------------------------------------------    -------------------

                         (clock clk_out1_MB_clk_wiz_1 rise edge)
                                                      0.000     0.000 r  
    W5                                                0.000     0.000 r  sys_clock (IN)
                         net (fo=0)                   0.000     0.000    MB_i/clk_wiz/inst/clk_in1
    W5                   IBUF (Prop_ibuf_I_O)         0.414     0.414 r  MB_i/clk_wiz/inst/clkin1_ibufg/O
                         net (fo=1, routed)           0.480     0.894    MB_i/clk_wiz/inst/clk_in1_MB_clk_wiz_1
    MMCME2_ADV_X1Y0      MMCME2_ADV (Prop_mmcme2_adv_CLKIN1_CLKOUT0)
                                                     -3.142    -2.248 r  MB_i/clk_wiz/inst/mmcm_adv_inst/CLKOUT0
                         net (fo=1, routed)           0.530    -1.718    MB_i/clk_wiz/inst/clk_out1_MB_clk_wiz_1
    BUFGCTRL_X0Y0        BUFG (Prop_bufg_I_O)         0.029    -1.689 r  MB_i/clk_wiz/inst/clkout1_buf/O
                         net (fo=2868, routed)        0.940    -0.749    MB_i/sha256_0/inst/clk
    SLICE_X2Y130         FDCE                                         r  MB_i/sha256_0/inst/d_reg[30]/C
                         clock pessimism              0.249    -0.500    
    SLICE_X2Y130         FDCE (Hold_fdce_C_D)         0.121    -0.379    MB_i/sha256_0/inst/d_reg[30]
  -------------------------------------------------------------------
                         required time                          0.379    
                         arrival time                          -0.207    
  -------------------------------------------------------------------
                         slack                                  0.172    

Slack (MET) :             0.180ns  (arrival time - required time)
  Source:                 MB_i/sha256_0/inst/H2_reg[30]/C
                            (rising edge-triggered cell FDCE clocked by clk_out1_MB_clk_wiz_1  {rise@0.000ns fall@10.000ns period=20.000ns})
  Destination:            MB_i/sha256_0/inst/c_reg[30]/D
                            (rising edge-triggered cell FDCE clocked by clk_out1_MB_clk_wiz_1  {rise@0.000ns fall@10.000ns period=20.000ns})
  Path Group:             clk_out1_MB_clk_wiz_1
  Path Type:              Hold (Min at Fast Process Corner)
  Requirement:            0.000ns  (clk_out1_MB_clk_wiz_1 rise@0.000ns - clk_out1_MB_clk_wiz_1 rise@0.000ns)
  Data Path Delay:        0.285ns  (logic 0.186ns (65.306%)  route 0.099ns (34.694%))
  Logic Levels:           1  (LUT4=1)
  Clock Path Skew:        0.013ns (DCD - SCD - CPR)
    Destination Clock Delay (DCD):    -0.748ns
    Source Clock Delay      (SCD):    -0.513ns
    Clock Pessimism Removal (CPR):    -0.248ns

    Location             Delay type                Incr(ns)  Path(ns)    Netlist Resource(s)
  -------------------------------------------------------------------    -------------------
                         (clock clk_out1_MB_clk_wiz_1 rise edge)
                                                      0.000     0.000 r  
    W5                                                0.000     0.000 r  sys_clock (IN)
                         net (fo=0)                   0.000     0.000    MB_i/clk_wiz/inst/clk_in1
    W5                   IBUF (Prop_ibuf_I_O)         0.226     0.226 r  MB_i/clk_wiz/inst/clkin1_ibufg/O
                         net (fo=1, routed)           0.440     0.667    MB_i/clk_wiz/inst/clk_in1_MB_clk_wiz_1
    MMCME2_ADV_X1Y0      MMCME2_ADV (Prop_mmcme2_adv_CLKIN1_CLKOUT0)
                                                     -2.360    -1.693 r  MB_i/clk_wiz/inst/mmcm_adv_inst/CLKOUT0
                         net (fo=1, routed)           0.486    -1.207    MB_i/clk_wiz/inst/clk_out1_MB_clk_wiz_1
    BUFGCTRL_X0Y0        BUFG (Prop_bufg_I_O)         0.026    -1.181 r  MB_i/clk_wiz/inst/clkout1_buf/O
                         net (fo=2868, routed)        0.668    -0.513    MB_i/sha256_0/inst/clk
    SLICE_X0Y131         FDCE                                         r  MB_i/sha256_0/inst/H2_reg[30]/C
  -------------------------------------------------------------------    -------------------
    SLICE_X0Y131         FDCE (Prop_fdce_C_Q)         0.141    -0.372 r  MB_i/sha256_0/inst/H2_reg[30]/Q
                         net (fo=3, routed)           0.099    -0.273    MB_i/sha256_0/inst/H2[30]
    SLICE_X1Y131         LUT4 (Prop_lut4_I0_O)        0.045    -0.228 r  MB_i/sha256_0/inst/c[30]_i_1/O
                         net (fo=1, routed)           0.000    -0.228    MB_i/sha256_0/inst/c[30]_i_1_n_0
    SLICE_X1Y131         FDCE                                         r  MB_i/sha256_0/inst/c_reg[30]/D
  -------------------------------------------------------------------    -------------------

                         (clock clk_out1_MB_clk_wiz_1 rise edge)
                                                      0.000     0.000 r  
    W5                                                0.000     0.000 r  sys_clock (IN)
                         net (fo=0)                   0.000     0.000    MB_i/clk_wiz/inst/clk_in1
    W5                   IBUF (Prop_ibuf_I_O)         0.414     0.414 r  MB_i/clk_wiz/inst/clkin1_ibufg/O
                         net (fo=1, routed)           0.480     0.894    MB_i/clk_wiz/inst/clk_in1_MB_clk_wiz_1
    MMCME2_ADV_X1Y0      MMCME2_ADV (Prop_mmcme2_adv_CLKIN1_CLKOUT0)
                                                     -3.142    -2.248 r  MB_i/clk_wiz/inst/mmcm_adv_inst/CLKOUT0
                         net (fo=1, routed)           0.530    -1.718    MB_i/clk_wiz/inst/clk_out1_MB_clk_wiz_1
    BUFGCTRL_X0Y0        BUFG (Prop_bufg_I_O)         0.029    -1.689 r  MB_i/clk_wiz/inst/clkout1_buf/O
                         net (fo=2868, routed)        0.941    -0.748    MB_i/sha256_0/inst/clk
    SLICE_X1Y131         FDCE                                         r  MB_i/sha256_0/inst/c_reg[30]/C
                         clock pessimism              0.248    -0.500    
    SLICE_X1Y131         FDCE (Hold_fdce_C_D)         0.092    -0.408    MB_i/sha256_0/inst/c_reg[30]
  -------------------------------------------------------------------
                         required time                          0.408    
                         arrival time                          -0.228    
  -------------------------------------------------------------------
                         slack                                  0.180    





Pulse Width Checks
--------------------------------------------------------------------------------------
Clock Name:         clk_out1_MB_clk_wiz_1
Waveform(ns):       { 0.000 10.000 }
Period(ns):         20.000
Sources:            { MB_i/clk_wiz/inst/mmcm_adv_inst/CLKOUT0 }

Check Type        Corner  Lib Pin             Reference Pin  Required(ns)  Actual(ns)  Slack(ns)  Location         Pin
Min Period        n/a     BUFG/I              n/a            2.155         20.000      17.845     BUFGCTRL_X0Y0    MB_i/clk_wiz/inst/clkout1_buf/I
Min Period        n/a     MMCME2_ADV/CLKOUT0  n/a            1.249         20.000      18.751     MMCME2_ADV_X1Y0  MB_i/clk_wiz/inst/mmcm_adv_inst/CLKOUT0
Min Period        n/a     FDPE/C              n/a            1.000         20.000      19.000     SLICE_X6Y116     MB_i/sha256_0/inst/FSM_onehot_state_reg[0]/C
Min Period        n/a     FDPE/C              n/a            1.000         20.000      19.000     SLICE_X7Y116     MB_i/sha256_0/inst/FSM_onehot_state_reg[0]_rep/C
Min Period        n/a     FDPE/C              n/a            1.000         20.000      19.000     SLICE_X6Y116     MB_i/sha256_0/inst/FSM_onehot_state_reg[0]_rep__0/C
Min Period        n/a     FDCE/C              n/a            1.000         20.000      19.000     SLICE_X6Y116     MB_i/sha256_0/inst/FSM_onehot_state_reg[1]/C
Min Period        n/a     FDCE/C              n/a            1.000         20.000      19.000     SLICE_X6Y116     MB_i/sha256_0/inst/FSM_onehot_state_reg[2]/C
Min Period        n/a     FDCE/C              n/a            1.000         20.000      19.000     SLICE_X7Y116     MB_i/sha256_0/inst/FSM_onehot_state_reg[2]_rep/C
Min Period        n/a     FDPE/C              n/a            1.000         20.000      19.000     SLICE_X7Y120     MB_i/sha256_0/inst/H0_reg[0]/C
Min Period        n/a     FDPE/C              n/a            1.000         20.000      19.000     SLICE_X6Y122     MB_i/sha256_0/inst/H0_reg[10]/C
Max Period        n/a     MMCME2_ADV/CLKOUT0  n/a            213.360       20.000      193.360    MMCME2_ADV_X1Y0  MB_i/clk_wiz/inst/mmcm_adv_inst/CLKOUT0
Low Pulse Width   Slow    FDPE/C              n/a            0.500         10.000      9.500      SLICE_X6Y116     MB_i/sha256_0/inst/FSM_onehot_state_reg[0]/C
Low Pulse Width   Fast    FDPE/C              n/a            0.500         10.000      9.500      SLICE_X6Y116     MB_i/sha256_0/inst/FSM_onehot_state_reg[0]/C
Low Pulse Width   Slow    FDPE/C              n/a            0.500         10.000      9.500      SLICE_X7Y116     MB_i/sha256_0/inst/FSM_onehot_state_reg[0]_rep/C
Low Pulse Width   Fast    FDPE/C              n/a            0.500         10.000      9.500      SLICE_X7Y116     MB_i/sha256_0/inst/FSM_onehot_state_reg[0]_rep/C
Low Pulse Width   Slow    FDPE/C              n/a            0.500         10.000      9.500      SLICE_X6Y116     MB_i/sha256_0/inst/FSM_onehot_state_reg[0]_rep__0/C
Low Pulse Width   Fast    FDPE/C              n/a            0.500         10.000      9.500      SLICE_X6Y116     MB_i/sha256_0/inst/FSM_onehot_state_reg[0]_rep__0/C
Low Pulse Width   Slow    FDCE/C              n/a            0.500         10.000      9.500      SLICE_X6Y116     MB_i/sha256_0/inst/FSM_onehot_state_reg[1]/C
Low Pulse Width   Fast    FDCE/C              n/a            0.500         10.000      9.500      SLICE_X6Y116     MB_i/sha256_0/inst/FSM_onehot_state_reg[1]/C
Low Pulse Width   Slow    FDCE/C              n/a            0.500         10.000      9.500      SLICE_X6Y116     MB_i/sha256_0/inst/FSM_onehot_state_reg[2]/C
Low Pulse Width   Fast    FDCE/C              n/a            0.500         10.000      9.500      SLICE_X6Y116     MB_i/sha256_0/inst/FSM_onehot_state_reg[2]/C
High Pulse Width  Slow    FDPE/C              n/a            0.500         10.000      9.500      SLICE_X6Y116     MB_i/sha256_0/inst/FSM_onehot_state_reg[0]/C
High Pulse Width  Fast    FDPE/C              n/a            0.500         10.000      9.500      SLICE_X6Y116     MB_i/sha256_0/inst/FSM_onehot_state_reg[0]/C
High Pulse Width  Slow    FDPE/C              n/a            0.500         10.000      9.500      SLICE_X7Y116     MB_i/sha256_0/inst/FSM_onehot_state_reg[0]_rep/C
High Pulse Width  Fast    FDPE/C              n/a            0.500         10.000      9.500      SLICE_X7Y116     MB_i/sha256_0/inst/FSM_onehot_state_reg[0]_rep/C
High Pulse Width  Slow    FDPE/C              n/a            0.500         10.000      9.500      SLICE_X6Y116     MB_i/sha256_0/inst/FSM_onehot_state_reg[0]_rep__0/C
High Pulse Width  Fast    FDPE/C              n/a            0.500         10.000      9.500      SLICE_X6Y116     MB_i/sha256_0/inst/FSM_onehot_state_reg[0]_rep__0/C
High Pulse Width  Slow    FDCE/C              n/a            0.500         10.000      9.500      SLICE_X6Y116     MB_i/sha256_0/inst/FSM_onehot_state_reg[1]/C
High Pulse Width  Fast    FDCE/C              n/a            0.500         10.000      9.500      SLICE_X6Y116     MB_i/sha256_0/inst/FSM_onehot_state_reg[1]/C
High Pulse Width  Slow    FDCE/C              n/a            0.500         10.000      9.500      SLICE_X6Y116     MB_i/sha256_0/inst/FSM_onehot_state_reg[2]/C
High Pulse Width  Fast    FDCE/C              n/a            0.500         10.000      9.500      SLICE_X6Y116     MB_i/sha256_0/inst/FSM_onehot_state_reg[2]/C



---------------------------------------------------------------------------------------------------
From Clock:  clk_out2_MB_clk_wiz_1
  To Clock:  clk_out2_MB_clk_wiz_1

Setup :            0  Failing Endpoints,  Worst Slack        1.664ns,  Total Violation        0.000ns
Hold  :            0  Failing Endpoints,  Worst Slack        0.206ns,  Total Violation        0.000ns
PW    :            0  Failing Endpoints,  Worst Slack        4.500ns,  Total Violation        0.000ns
---------------------------------------------------------------------------------------------------


Max Delay Paths
--------------------------------------------------------------------------------------
Slack (MET) :             1.664ns  (required time - arrival time)
  Source:                 MB_i/uart_0/inst/clk_count_reg[1]/C
                            (rising edge-triggered cell FDCE clocked by clk_out2_MB_clk_wiz_1  {rise@0.000ns fall@5.000ns period=10.000ns})
  Destination:            MB_i/uart_0/inst/message_block_reg[497]/CE
                            (rising edge-triggered cell FDCE clocked by clk_out2_MB_clk_wiz_1  {rise@0.000ns fall@5.000ns period=10.000ns})
  Path Group:             clk_out2_MB_clk_wiz_1
  Path Type:              Setup (Max at Slow Process Corner)
  Requirement:            10.000ns  (clk_out2_MB_clk_wiz_1 rise@10.000ns - clk_out2_MB_clk_wiz_1 rise@0.000ns)
  Data Path Delay:        7.808ns  (logic 1.049ns (13.436%)  route 6.759ns (86.564%))
  Logic Levels:           3  (LUT4=1 LUT5=1 LUT6=1)
  Clock Path Skew:        -0.041ns (DCD - SCD + CPR)
    Destination Clock Delay (DCD):    -1.385ns = ( 8.615 - 10.000 ) 
    Source Clock Delay      (SCD):    -0.774ns
    Clock Pessimism Removal (CPR):    0.571ns
  Clock Uncertainty:      0.074ns  ((TSJ^2 + DJ^2)^1/2) / 2 + PE
    Total System Jitter     (TSJ):    0.071ns
    Discrete Jitter          (DJ):    0.131ns
    Phase Error              (PE):    0.000ns

    Location             Delay type                Incr(ns)  Path(ns)    Netlist Resource(s)
  -------------------------------------------------------------------    -------------------
                         (clock clk_out2_MB_clk_wiz_1 rise edge)
                                                      0.000     0.000 r  
    W5                                                0.000     0.000 r  sys_clock (IN)
                         net (fo=0)                   0.000     0.000    MB_i/clk_wiz/inst/clk_in1
    W5                   IBUF (Prop_ibuf_I_O)         1.458     1.458 r  MB_i/clk_wiz/inst/clkin1_ibufg/O
                         net (fo=1, routed)           1.233     2.691    MB_i/clk_wiz/inst/clk_in1_MB_clk_wiz_1
    MMCME2_ADV_X1Y0      MMCME2_ADV (Prop_mmcme2_adv_CLKIN1_CLKOUT1)
                                                     -6.961    -4.269 r  MB_i/clk_wiz/inst/mmcm_adv_inst/CLKOUT1
                         net (fo=1, routed)           1.661    -2.608    MB_i/clk_wiz/inst/clk_out2_MB_clk_wiz_1
    BUFGCTRL_X0Y1        BUFG (Prop_bufg_I_O)         0.096    -2.512 r  MB_i/clk_wiz/inst/clkout2_buf/O
                         net (fo=596, routed)         1.738    -0.774    MB_i/uart_0/inst/clk
    SLICE_X10Y111        FDCE                                         r  MB_i/uart_0/inst/clk_count_reg[1]/C
  -------------------------------------------------------------------    -------------------
    SLICE_X10Y111        FDCE (Prop_fdce_C_Q)         0.478    -0.296 f  MB_i/uart_0/inst/clk_count_reg[1]/Q
                         net (fo=3, routed)           1.012     0.716    MB_i/uart_0/inst/clk_count[1]
    SLICE_X10Y111        LUT4 (Prop_lut4_I0_O)        0.295     1.011 r  MB_i/uart_0/inst/message_block[511]_i_6/O
                         net (fo=5, routed)           1.149     2.160    MB_i/uart_0/inst/message_block[511]_i_6_n_0
    SLICE_X10Y113        LUT6 (Prop_lut6_I2_O)        0.124     2.284 r  MB_i/uart_0/inst/message_block[511]_i_3/O
                         net (fo=68, routed)          3.175     5.459    MB_i/uart_0/inst/message_block[511]_i_3_n_0
    SLICE_X48Y141        LUT5 (Prop_lut5_I2_O)        0.152     5.611 r  MB_i/uart_0/inst/message_block[503]_i_1/O
                         net (fo=8, routed)           1.423     7.034    MB_i/uart_0/inst/message_block[503]_i_1_n_0
    SLICE_X25Y140        FDCE                                         r  MB_i/uart_0/inst/message_block_reg[497]/CE
  -------------------------------------------------------------------    -------------------

                         (clock clk_out2_MB_clk_wiz_1 rise edge)
                                                     10.000    10.000 r  
    W5                                                0.000    10.000 r  sys_clock (IN)
                         net (fo=0)                   0.000    10.000    MB_i/clk_wiz/inst/clk_in1
    W5                   IBUF (Prop_ibuf_I_O)         1.388    11.388 r  MB_i/clk_wiz/inst/clkin1_ibufg/O
                         net (fo=1, routed)           1.162    12.550    MB_i/clk_wiz/inst/clk_in1_MB_clk_wiz_1
    MMCME2_ADV_X1Y0      MMCME2_ADV (Prop_mmcme2_adv_CLKIN1_CLKOUT1)
                                                     -7.217     5.332 r  MB_i/clk_wiz/inst/mmcm_adv_inst/CLKOUT1
                         net (fo=1, routed)           1.581     6.914    MB_i/clk_wiz/inst/clk_out2_MB_clk_wiz_1
    BUFGCTRL_X0Y1        BUFG (Prop_bufg_I_O)         0.091     7.005 r  MB_i/clk_wiz/inst/clkout2_buf/O
                         net (fo=596, routed)         1.610     8.615    MB_i/uart_0/inst/clk
    SLICE_X25Y140        FDCE                                         r  MB_i/uart_0/inst/message_block_reg[497]/C
                         clock pessimism              0.571     9.185    
                         clock uncertainty           -0.074     9.111    
    SLICE_X25Y140        FDCE (Setup_fdce_C_CE)      -0.413     8.698    MB_i/uart_0/inst/message_block_reg[497]
  -------------------------------------------------------------------
                         required time                          8.698    
                         arrival time                          -7.034    
  -------------------------------------------------------------------
                         slack                                  1.664    

Slack (MET) :             1.664ns  (required time - arrival time)
  Source:                 MB_i/uart_0/inst/clk_count_reg[1]/C
                            (rising edge-triggered cell FDCE clocked by clk_out2_MB_clk_wiz_1  {rise@0.000ns fall@5.000ns period=10.000ns})
  Destination:            MB_i/uart_0/inst/message_block_reg[499]/CE
                            (rising edge-triggered cell FDCE clocked by clk_out2_MB_clk_wiz_1  {rise@0.000ns fall@5.000ns period=10.000ns})
  Path Group:             clk_out2_MB_clk_wiz_1
  Path Type:              Setup (Max at Slow Process Corner)
  Requirement:            10.000ns  (clk_out2_MB_clk_wiz_1 rise@10.000ns - clk_out2_MB_clk_wiz_1 rise@0.000ns)
  Data Path Delay:        7.808ns  (logic 1.049ns (13.436%)  route 6.759ns (86.564%))
  Logic Levels:           3  (LUT4=1 LUT5=1 LUT6=1)
  Clock Path Skew:        -0.041ns (DCD - SCD + CPR)
    Destination Clock Delay (DCD):    -1.385ns = ( 8.615 - 10.000 ) 
    Source Clock Delay      (SCD):    -0.774ns
    Clock Pessimism Removal (CPR):    0.571ns
  Clock Uncertainty:      0.074ns  ((TSJ^2 + DJ^2)^1/2) / 2 + PE
    Total System Jitter     (TSJ):    0.071ns
    Discrete Jitter          (DJ):    0.131ns
    Phase Error              (PE):    0.000ns

    Location             Delay type                Incr(ns)  Path(ns)    Netlist Resource(s)
  -------------------------------------------------------------------    -------------------
                         (clock clk_out2_MB_clk_wiz_1 rise edge)
                                                      0.000     0.000 r  
    W5                                                0.000     0.000 r  sys_clock (IN)
                         net (fo=0)                   0.000     0.000    MB_i/clk_wiz/inst/clk_in1
    W5                   IBUF (Prop_ibuf_I_O)         1.458     1.458 r  MB_i/clk_wiz/inst/clkin1_ibufg/O
                         net (fo=1, routed)           1.233     2.691    MB_i/clk_wiz/inst/clk_in1_MB_clk_wiz_1
    MMCME2_ADV_X1Y0      MMCME2_ADV (Prop_mmcme2_adv_CLKIN1_CLKOUT1)
                                                     -6.961    -4.269 r  MB_i/clk_wiz/inst/mmcm_adv_inst/CLKOUT1
                         net (fo=1, routed)           1.661    -2.608    MB_i/clk_wiz/inst/clk_out2_MB_clk_wiz_1
    BUFGCTRL_X0Y1        BUFG (Prop_bufg_I_O)         0.096    -2.512 r  MB_i/clk_wiz/inst/clkout2_buf/O
                         net (fo=596, routed)         1.738    -0.774    MB_i/uart_0/inst/clk
    SLICE_X10Y111        FDCE                                         r  MB_i/uart_0/inst/clk_count_reg[1]/C
  -------------------------------------------------------------------    -------------------
    SLICE_X10Y111        FDCE (Prop_fdce_C_Q)         0.478    -0.296 f  MB_i/uart_0/inst/clk_count_reg[1]/Q
                         net (fo=3, routed)           1.012     0.716    MB_i/uart_0/inst/clk_count[1]
    SLICE_X10Y111        LUT4 (Prop_lut4_I0_O)        0.295     1.011 r  MB_i/uart_0/inst/message_block[511]_i_6/O
                         net (fo=5, routed)           1.149     2.160    MB_i/uart_0/inst/message_block[511]_i_6_n_0
    SLICE_X10Y113        LUT6 (Prop_lut6_I2_O)        0.124     2.284 r  MB_i/uart_0/inst/message_block[511]_i_3/O
                         net (fo=68, routed)          3.175     5.459    MB_i/uart_0/inst/message_block[511]_i_3_n_0
    SLICE_X48Y141        LUT5 (Prop_lut5_I2_O)        0.152     5.611 r  MB_i/uart_0/inst/message_block[503]_i_1/O
                         net (fo=8, routed)           1.423     7.034    MB_i/uart_0/inst/message_block[503]_i_1_n_0
    SLICE_X25Y140        FDCE                                         r  MB_i/uart_0/inst/message_block_reg[499]/CE
  -------------------------------------------------------------------    -------------------

                         (clock clk_out2_MB_clk_wiz_1 rise edge)
                                                     10.000    10.000 r  
    W5                                                0.000    10.000 r  sys_clock (IN)
                         net (fo=0)                   0.000    10.000    MB_i/clk_wiz/inst/clk_in1
    W5                   IBUF (Prop_ibuf_I_O)         1.388    11.388 r  MB_i/clk_wiz/inst/clkin1_ibufg/O
                         net (fo=1, routed)           1.162    12.550    MB_i/clk_wiz/inst/clk_in1_MB_clk_wiz_1
    MMCME2_ADV_X1Y0      MMCME2_ADV (Prop_mmcme2_adv_CLKIN1_CLKOUT1)
                                                     -7.217     5.332 r  MB_i/clk_wiz/inst/mmcm_adv_inst/CLKOUT1
                         net (fo=1, routed)           1.581     6.914    MB_i/clk_wiz/inst/clk_out2_MB_clk_wiz_1
    BUFGCTRL_X0Y1        BUFG (Prop_bufg_I_O)         0.091     7.005 r  MB_i/clk_wiz/inst/clkout2_buf/O
                         net (fo=596, routed)         1.610     8.615    MB_i/uart_0/inst/clk
    SLICE_X25Y140        FDCE                                         r  MB_i/uart_0/inst/message_block_reg[499]/C
                         clock pessimism              0.571     9.185    
                         clock uncertainty           -0.074     9.111    
    SLICE_X25Y140        FDCE (Setup_fdce_C_CE)      -0.413     8.698    MB_i/uart_0/inst/message_block_reg[499]
  -------------------------------------------------------------------
                         required time                          8.698    
                         arrival time                          -7.034    
  -------------------------------------------------------------------
                         slack                                  1.664    

Slack (MET) :             1.664ns  (required time - arrival time)
  Source:                 MB_i/uart_0/inst/clk_count_reg[1]/C
                            (rising edge-triggered cell FDCE clocked by clk_out2_MB_clk_wiz_1  {rise@0.000ns fall@5.000ns period=10.000ns})
  Destination:            MB_i/uart_0/inst/message_block_reg[500]/CE
                            (rising edge-triggered cell FDCE clocked by clk_out2_MB_clk_wiz_1  {rise@0.000ns fall@5.000ns period=10.000ns})
  Path Group:             clk_out2_MB_clk_wiz_1
  Path Type:              Setup (Max at Slow Process Corner)
  Requirement:            10.000ns  (clk_out2_MB_clk_wiz_1 rise@10.000ns - clk_out2_MB_clk_wiz_1 rise@0.000ns)
  Data Path Delay:        7.808ns  (logic 1.049ns (13.436%)  route 6.759ns (86.564%))
  Logic Levels:           3  (LUT4=1 LUT5=1 LUT6=1)
  Clock Path Skew:        -0.041ns (DCD - SCD + CPR)
    Destination Clock Delay (DCD):    -1.385ns = ( 8.615 - 10.000 ) 
    Source Clock Delay      (SCD):    -0.774ns
    Clock Pessimism Removal (CPR):    0.571ns
  Clock Uncertainty:      0.074ns  ((TSJ^2 + DJ^2)^1/2) / 2 + PE
    Total System Jitter     (TSJ):    0.071ns
    Discrete Jitter          (DJ):    0.131ns
    Phase Error              (PE):    0.000ns

    Location             Delay type                Incr(ns)  Path(ns)    Netlist Resource(s)
  -------------------------------------------------------------------    -------------------
                         (clock clk_out2_MB_clk_wiz_1 rise edge)
                                                      0.000     0.000 r  
    W5                                                0.000     0.000 r  sys_clock (IN)
                         net (fo=0)                   0.000     0.000    MB_i/clk_wiz/inst/clk_in1
    W5                   IBUF (Prop_ibuf_I_O)         1.458     1.458 r  MB_i/clk_wiz/inst/clkin1_ibufg/O
                         net (fo=1, routed)           1.233     2.691    MB_i/clk_wiz/inst/clk_in1_MB_clk_wiz_1
    MMCME2_ADV_X1Y0      MMCME2_ADV (Prop_mmcme2_adv_CLKIN1_CLKOUT1)
                                                     -6.961    -4.269 r  MB_i/clk_wiz/inst/mmcm_adv_inst/CLKOUT1
                         net (fo=1, routed)           1.661    -2.608    MB_i/clk_wiz/inst/clk_out2_MB_clk_wiz_1
    BUFGCTRL_X0Y1        BUFG (Prop_bufg_I_O)         0.096    -2.512 r  MB_i/clk_wiz/inst/clkout2_buf/O
                         net (fo=596, routed)         1.738    -0.774    MB_i/uart_0/inst/clk
    SLICE_X10Y111        FDCE                                         r  MB_i/uart_0/inst/clk_count_reg[1]/C
  -------------------------------------------------------------------    -------------------
    SLICE_X10Y111        FDCE (Prop_fdce_C_Q)         0.478    -0.296 f  MB_i/uart_0/inst/clk_count_reg[1]/Q
                         net (fo=3, routed)           1.012     0.716    MB_i/uart_0/inst/clk_count[1]
    SLICE_X10Y111        LUT4 (Prop_lut4_I0_O)        0.295     1.011 r  MB_i/uart_0/inst/message_block[511]_i_6/O
                         net (fo=5, routed)           1.149     2.160    MB_i/uart_0/inst/message_block[511]_i_6_n_0
    SLICE_X10Y113        LUT6 (Prop_lut6_I2_O)        0.124     2.284 r  MB_i/uart_0/inst/message_block[511]_i_3/O
                         net (fo=68, routed)          3.175     5.459    MB_i/uart_0/inst/message_block[511]_i_3_n_0
    SLICE_X48Y141        LUT5 (Prop_lut5_I2_O)        0.152     5.611 r  MB_i/uart_0/inst/message_block[503]_i_1/O
                         net (fo=8, routed)           1.423     7.034    MB_i/uart_0/inst/message_block[503]_i_1_n_0
    SLICE_X25Y140        FDCE                                         r  MB_i/uart_0/inst/message_block_reg[500]/CE
  -------------------------------------------------------------------    -------------------

                         (clock clk_out2_MB_clk_wiz_1 rise edge)
                                                     10.000    10.000 r  
    W5                                                0.000    10.000 r  sys_clock (IN)
                         net (fo=0)                   0.000    10.000    MB_i/clk_wiz/inst/clk_in1
    W5                   IBUF (Prop_ibuf_I_O)         1.388    11.388 r  MB_i/clk_wiz/inst/clkin1_ibufg/O
                         net (fo=1, routed)           1.162    12.550    MB_i/clk_wiz/inst/clk_in1_MB_clk_wiz_1
    MMCME2_ADV_X1Y0      MMCME2_ADV (Prop_mmcme2_adv_CLKIN1_CLKOUT1)
                                                     -7.217     5.332 r  MB_i/clk_wiz/inst/mmcm_adv_inst/CLKOUT1
                         net (fo=1, routed)           1.581     6.914    MB_i/clk_wiz/inst/clk_out2_MB_clk_wiz_1
    BUFGCTRL_X0Y1        BUFG (Prop_bufg_I_O)         0.091     7.005 r  MB_i/clk_wiz/inst/clkout2_buf/O
                         net (fo=596, routed)         1.610     8.615    MB_i/uart_0/inst/clk
    SLICE_X25Y140        FDCE                                         r  MB_i/uart_0/inst/message_block_reg[500]/C
                         clock pessimism              0.571     9.185    
                         clock uncertainty           -0.074     9.111    
    SLICE_X25Y140        FDCE (Setup_fdce_C_CE)      -0.413     8.698    MB_i/uart_0/inst/message_block_reg[500]
  -------------------------------------------------------------------
                         required time                          8.698    
                         arrival time                          -7.034    
  -------------------------------------------------------------------
                         slack                                  1.664    

Slack (MET) :             1.664ns  (required time - arrival time)
  Source:                 MB_i/uart_0/inst/clk_count_reg[1]/C
                            (rising edge-triggered cell FDCE clocked by clk_out2_MB_clk_wiz_1  {rise@0.000ns fall@5.000ns period=10.000ns})
  Destination:            MB_i/uart_0/inst/message_block_reg[501]/CE
                            (rising edge-triggered cell FDCE clocked by clk_out2_MB_clk_wiz_1  {rise@0.000ns fall@5.000ns period=10.000ns})
  Path Group:             clk_out2_MB_clk_wiz_1
  Path Type:              Setup (Max at Slow Process Corner)
  Requirement:            10.000ns  (clk_out2_MB_clk_wiz_1 rise@10.000ns - clk_out2_MB_clk_wiz_1 rise@0.000ns)
  Data Path Delay:        7.808ns  (logic 1.049ns (13.436%)  route 6.759ns (86.564%))
  Logic Levels:           3  (LUT4=1 LUT5=1 LUT6=1)
  Clock Path Skew:        -0.041ns (DCD - SCD + CPR)
    Destination Clock Delay (DCD):    -1.385ns = ( 8.615 - 10.000 ) 
    Source Clock Delay      (SCD):    -0.774ns
    Clock Pessimism Removal (CPR):    0.571ns
  Clock Uncertainty:      0.074ns  ((TSJ^2 + DJ^2)^1/2) / 2 + PE
    Total System Jitter     (TSJ):    0.071ns
    Discrete Jitter          (DJ):    0.131ns
    Phase Error              (PE):    0.000ns

    Location             Delay type                Incr(ns)  Path(ns)    Netlist Resource(s)
  -------------------------------------------------------------------    -------------------
                         (clock clk_out2_MB_clk_wiz_1 rise edge)
                                                      0.000     0.000 r  
    W5                                                0.000     0.000 r  sys_clock (IN)
                         net (fo=0)                   0.000     0.000    MB_i/clk_wiz/inst/clk_in1
    W5                   IBUF (Prop_ibuf_I_O)         1.458     1.458 r  MB_i/clk_wiz/inst/clkin1_ibufg/O
                         net (fo=1, routed)           1.233     2.691    MB_i/clk_wiz/inst/clk_in1_MB_clk_wiz_1
    MMCME2_ADV_X1Y0      MMCME2_ADV (Prop_mmcme2_adv_CLKIN1_CLKOUT1)
                                                     -6.961    -4.269 r  MB_i/clk_wiz/inst/mmcm_adv_inst/CLKOUT1
                         net (fo=1, routed)           1.661    -2.608    MB_i/clk_wiz/inst/clk_out2_MB_clk_wiz_1
    BUFGCTRL_X0Y1        BUFG (Prop_bufg_I_O)         0.096    -2.512 r  MB_i/clk_wiz/inst/clkout2_buf/O
                         net (fo=596, routed)         1.738    -0.774    MB_i/uart_0/inst/clk
    SLICE_X10Y111        FDCE                                         r  MB_i/uart_0/inst/clk_count_reg[1]/C
  -------------------------------------------------------------------    -------------------
    SLICE_X10Y111        FDCE (Prop_fdce_C_Q)         0.478    -0.296 f  MB_i/uart_0/inst/clk_count_reg[1]/Q
                         net (fo=3, routed)           1.012     0.716    MB_i/uart_0/inst/clk_count[1]
    SLICE_X10Y111        LUT4 (Prop_lut4_I0_O)        0.295     1.011 r  MB_i/uart_0/inst/message_block[511]_i_6/O
                         net (fo=5, routed)           1.149     2.160    MB_i/uart_0/inst/message_block[511]_i_6_n_0
    SLICE_X10Y113        LUT6 (Prop_lut6_I2_O)        0.124     2.284 r  MB_i/uart_0/inst/message_block[511]_i_3/O
                         net (fo=68, routed)          3.175     5.459    MB_i/uart_0/inst/message_block[511]_i_3_n_0
    SLICE_X48Y141        LUT5 (Prop_lut5_I2_O)        0.152     5.611 r  MB_i/uart_0/inst/message_block[503]_i_1/O
                         net (fo=8, routed)           1.423     7.034    MB_i/uart_0/inst/message_block[503]_i_1_n_0
    SLICE_X25Y140        FDCE                                         r  MB_i/uart_0/inst/message_block_reg[501]/CE
  -------------------------------------------------------------------    -------------------

                         (clock clk_out2_MB_clk_wiz_1 rise edge)
                                                     10.000    10.000 r  
    W5                                                0.000    10.000 r  sys_clock (IN)
                         net (fo=0)                   0.000    10.000    MB_i/clk_wiz/inst/clk_in1
    W5                   IBUF (Prop_ibuf_I_O)         1.388    11.388 r  MB_i/clk_wiz/inst/clkin1_ibufg/O
                         net (fo=1, routed)           1.162    12.550    MB_i/clk_wiz/inst/clk_in1_MB_clk_wiz_1
    MMCME2_ADV_X1Y0      MMCME2_ADV (Prop_mmcme2_adv_CLKIN1_CLKOUT1)
                                                     -7.217     5.332 r  MB_i/clk_wiz/inst/mmcm_adv_inst/CLKOUT1
                         net (fo=1, routed)           1.581     6.914    MB_i/clk_wiz/inst/clk_out2_MB_clk_wiz_1
    BUFGCTRL_X0Y1        BUFG (Prop_bufg_I_O)         0.091     7.005 r  MB_i/clk_wiz/inst/clkout2_buf/O
                         net (fo=596, routed)         1.610     8.615    MB_i/uart_0/inst/clk
    SLICE_X25Y140        FDCE                                         r  MB_i/uart_0/inst/message_block_reg[501]/C
                         clock pessimism              0.571     9.185    
                         clock uncertainty           -0.074     9.111    
    SLICE_X25Y140        FDCE (Setup_fdce_C_CE)      -0.413     8.698    MB_i/uart_0/inst/message_block_reg[501]
  -------------------------------------------------------------------
                         required time                          8.698    
                         arrival time                          -7.034    
  -------------------------------------------------------------------
                         slack                                  1.664    

Slack (MET) :             1.934ns  (required time - arrival time)
  Source:                 MB_i/uart_0/inst/clk_count_reg[1]/C
                            (rising edge-triggered cell FDCE clocked by clk_out2_MB_clk_wiz_1  {rise@0.000ns fall@5.000ns period=10.000ns})
  Destination:            MB_i/uart_0/inst/message_block_reg[241]/CE
                            (rising edge-triggered cell FDCE clocked by clk_out2_MB_clk_wiz_1  {rise@0.000ns fall@5.000ns period=10.000ns})
  Path Group:             clk_out2_MB_clk_wiz_1
  Path Type:              Setup (Max at Slow Process Corner)
  Requirement:            10.000ns  (clk_out2_MB_clk_wiz_1 rise@10.000ns - clk_out2_MB_clk_wiz_1 rise@0.000ns)
  Data Path Delay:        7.746ns  (logic 1.021ns (13.181%)  route 6.725ns (86.819%))
  Logic Levels:           3  (LUT4=1 LUT5=1 LUT6=1)
  Clock Path Skew:        -0.040ns (DCD - SCD + CPR)
    Destination Clock Delay (DCD):    -1.384ns = ( 8.616 - 10.000 ) 
    Source Clock Delay      (SCD):    -0.774ns
    Clock Pessimism Removal (CPR):    0.571ns
  Clock Uncertainty:      0.074ns  ((TSJ^2 + DJ^2)^1/2) / 2 + PE
    Total System Jitter     (TSJ):    0.071ns
    Discrete Jitter          (DJ):    0.131ns
    Phase Error              (PE):    0.000ns

    Location             Delay type                Incr(ns)  Path(ns)    Netlist Resource(s)
  -------------------------------------------------------------------    -------------------
                         (clock clk_out2_MB_clk_wiz_1 rise edge)
                                                      0.000     0.000 r  
    W5                                                0.000     0.000 r  sys_clock (IN)
                         net (fo=0)                   0.000     0.000    MB_i/clk_wiz/inst/clk_in1
    W5                   IBUF (Prop_ibuf_I_O)         1.458     1.458 r  MB_i/clk_wiz/inst/clkin1_ibufg/O
                         net (fo=1, routed)           1.233     2.691    MB_i/clk_wiz/inst/clk_in1_MB_clk_wiz_1
    MMCME2_ADV_X1Y0      MMCME2_ADV (Prop_mmcme2_adv_CLKIN1_CLKOUT1)
                                                     -6.961    -4.269 r  MB_i/clk_wiz/inst/mmcm_adv_inst/CLKOUT1
                         net (fo=1, routed)           1.661    -2.608    MB_i/clk_wiz/inst/clk_out2_MB_clk_wiz_1
    BUFGCTRL_X0Y1        BUFG (Prop_bufg_I_O)         0.096    -2.512 r  MB_i/clk_wiz/inst/clkout2_buf/O
                         net (fo=596, routed)         1.738    -0.774    MB_i/uart_0/inst/clk
    SLICE_X10Y111        FDCE                                         r  MB_i/uart_0/inst/clk_count_reg[1]/C
  -------------------------------------------------------------------    -------------------
    SLICE_X10Y111        FDCE (Prop_fdce_C_Q)         0.478    -0.296 f  MB_i/uart_0/inst/clk_count_reg[1]/Q
                         net (fo=3, routed)           1.012     0.716    MB_i/uart_0/inst/clk_count[1]
    SLICE_X10Y111        LUT4 (Prop_lut4_I0_O)        0.295     1.011 r  MB_i/uart_0/inst/message_block[511]_i_6/O
                         net (fo=5, routed)           1.149     2.160    MB_i/uart_0/inst/message_block[511]_i_6_n_0
    SLICE_X10Y113        LUT6 (Prop_lut6_I2_O)        0.124     2.284 r  MB_i/uart_0/inst/message_block[511]_i_3/O
                         net (fo=68, routed)          3.175     5.459    MB_i/uart_0/inst/message_block[511]_i_3_n_0
    SLICE_X48Y141        LUT5 (Prop_lut5_I2_O)        0.124     5.583 r  MB_i/uart_0/inst/message_block[247]_i_1/O
                         net (fo=8, routed)           1.390     6.973    MB_i/uart_0/inst/message_block[247]_i_1_n_0
    SLICE_X25Y141        FDCE                                         r  MB_i/uart_0/inst/message_block_reg[241]/CE
  -------------------------------------------------------------------    -------------------

                         (clock clk_out2_MB_clk_wiz_1 rise edge)
                                                     10.000    10.000 r  
    W5                                                0.000    10.000 r  sys_clock (IN)
                         net (fo=0)                   0.000    10.000    MB_i/clk_wiz/inst/clk_in1
    W5                   IBUF (Prop_ibuf_I_O)         1.388    11.388 r  MB_i/clk_wiz/inst/clkin1_ibufg/O
                         net (fo=1, routed)           1.162    12.550    MB_i/clk_wiz/inst/clk_in1_MB_clk_wiz_1
    MMCME2_ADV_X1Y0      MMCME2_ADV (Prop_mmcme2_adv_CLKIN1_CLKOUT1)
                                                     -7.217     5.332 r  MB_i/clk_wiz/inst/mmcm_adv_inst/CLKOUT1
                         net (fo=1, routed)           1.581     6.914    MB_i/clk_wiz/inst/clk_out2_MB_clk_wiz_1
    BUFGCTRL_X0Y1        BUFG (Prop_bufg_I_O)         0.091     7.005 r  MB_i/clk_wiz/inst/clkout2_buf/O
                         net (fo=596, routed)         1.611     8.616    MB_i/uart_0/inst/clk
    SLICE_X25Y141        FDCE                                         r  MB_i/uart_0/inst/message_block_reg[241]/C
                         clock pessimism              0.571     9.186    
                         clock uncertainty           -0.074     9.112    
    SLICE_X25Y141        FDCE (Setup_fdce_C_CE)      -0.205     8.907    MB_i/uart_0/inst/message_block_reg[241]
  -------------------------------------------------------------------
                         required time                          8.907    
                         arrival time                          -6.973    
  -------------------------------------------------------------------
                         slack                                  1.934    

Slack (MET) :             1.934ns  (required time - arrival time)
  Source:                 MB_i/uart_0/inst/clk_count_reg[1]/C
                            (rising edge-triggered cell FDCE clocked by clk_out2_MB_clk_wiz_1  {rise@0.000ns fall@5.000ns period=10.000ns})
  Destination:            MB_i/uart_0/inst/message_block_reg[243]/CE
                            (rising edge-triggered cell FDCE clocked by clk_out2_MB_clk_wiz_1  {rise@0.000ns fall@5.000ns period=10.000ns})
  Path Group:             clk_out2_MB_clk_wiz_1
  Path Type:              Setup (Max at Slow Process Corner)
  Requirement:            10.000ns  (clk_out2_MB_clk_wiz_1 rise@10.000ns - clk_out2_MB_clk_wiz_1 rise@0.000ns)
  Data Path Delay:        7.746ns  (logic 1.021ns (13.181%)  route 6.725ns (86.819%))
  Logic Levels:           3  (LUT4=1 LUT5=1 LUT6=1)
  Clock Path Skew:        -0.040ns (DCD - SCD + CPR)
    Destination Clock Delay (DCD):    -1.384ns = ( 8.616 - 10.000 ) 
    Source Clock Delay      (SCD):    -0.774ns
    Clock Pessimism Removal (CPR):    0.571ns
  Clock Uncertainty:      0.074ns  ((TSJ^2 + DJ^2)^1/2) / 2 + PE
    Total System Jitter     (TSJ):    0.071ns
    Discrete Jitter          (DJ):    0.131ns
    Phase Error              (PE):    0.000ns

    Location             Delay type                Incr(ns)  Path(ns)    Netlist Resource(s)
  -------------------------------------------------------------------    -------------------
                         (clock clk_out2_MB_clk_wiz_1 rise edge)
                                                      0.000     0.000 r  
    W5                                                0.000     0.000 r  sys_clock (IN)
                         net (fo=0)                   0.000     0.000    MB_i/clk_wiz/inst/clk_in1
    W5                   IBUF (Prop_ibuf_I_O)         1.458     1.458 r  MB_i/clk_wiz/inst/clkin1_ibufg/O
                         net (fo=1, routed)           1.233     2.691    MB_i/clk_wiz/inst/clk_in1_MB_clk_wiz_1
    MMCME2_ADV_X1Y0      MMCME2_ADV (Prop_mmcme2_adv_CLKIN1_CLKOUT1)
                                                     -6.961    -4.269 r  MB_i/clk_wiz/inst/mmcm_adv_inst/CLKOUT1
                         net (fo=1, routed)           1.661    -2.608    MB_i/clk_wiz/inst/clk_out2_MB_clk_wiz_1
    BUFGCTRL_X0Y1        BUFG (Prop_bufg_I_O)         0.096    -2.512 r  MB_i/clk_wiz/inst/clkout2_buf/O
                         net (fo=596, routed)         1.738    -0.774    MB_i/uart_0/inst/clk
    SLICE_X10Y111        FDCE                                         r  MB_i/uart_0/inst/clk_count_reg[1]/C
  -------------------------------------------------------------------    -------------------
    SLICE_X10Y111        FDCE (Prop_fdce_C_Q)         0.478    -0.296 f  MB_i/uart_0/inst/clk_count_reg[1]/Q
                         net (fo=3, routed)           1.012     0.716    MB_i/uart_0/inst/clk_count[1]
    SLICE_X10Y111        LUT4 (Prop_lut4_I0_O)        0.295     1.011 r  MB_i/uart_0/inst/message_block[511]_i_6/O
                         net (fo=5, routed)           1.149     2.160    MB_i/uart_0/inst/message_block[511]_i_6_n_0
    SLICE_X10Y113        LUT6 (Prop_lut6_I2_O)        0.124     2.284 r  MB_i/uart_0/inst/message_block[511]_i_3/O
                         net (fo=68, routed)          3.175     5.459    MB_i/uart_0/inst/message_block[511]_i_3_n_0
    SLICE_X48Y141        LUT5 (Prop_lut5_I2_O)        0.124     5.583 r  MB_i/uart_0/inst/message_block[247]_i_1/O
                         net (fo=8, routed)           1.390     6.973    MB_i/uart_0/inst/message_block[247]_i_1_n_0
    SLICE_X25Y141        FDCE                                         r  MB_i/uart_0/inst/message_block_reg[243]/CE
  -------------------------------------------------------------------    -------------------

                         (clock clk_out2_MB_clk_wiz_1 rise edge)
                                                     10.000    10.000 r  
    W5                                                0.000    10.000 r  sys_clock (IN)
                         net (fo=0)                   0.000    10.000    MB_i/clk_wiz/inst/clk_in1
    W5                   IBUF (Prop_ibuf_I_O)         1.388    11.388 r  MB_i/clk_wiz/inst/clkin1_ibufg/O
                         net (fo=1, routed)           1.162    12.550    MB_i/clk_wiz/inst/clk_in1_MB_clk_wiz_1
    MMCME2_ADV_X1Y0      MMCME2_ADV (Prop_mmcme2_adv_CLKIN1_CLKOUT1)
                                                     -7.217     5.332 r  MB_i/clk_wiz/inst/mmcm_adv_inst/CLKOUT1
                         net (fo=1, routed)           1.581     6.914    MB_i/clk_wiz/inst/clk_out2_MB_clk_wiz_1
    BUFGCTRL_X0Y1        BUFG (Prop_bufg_I_O)         0.091     7.005 r  MB_i/clk_wiz/inst/clkout2_buf/O
                         net (fo=596, routed)         1.611     8.616    MB_i/uart_0/inst/clk
    SLICE_X25Y141        FDCE                                         r  MB_i/uart_0/inst/message_block_reg[243]/C
                         clock pessimism              0.571     9.186    
                         clock uncertainty           -0.074     9.112    
    SLICE_X25Y141        FDCE (Setup_fdce_C_CE)      -0.205     8.907    MB_i/uart_0/inst/message_block_reg[243]
  -------------------------------------------------------------------
                         required time                          8.907    
                         arrival time                          -6.973    
  -------------------------------------------------------------------
                         slack                                  1.934    

Slack (MET) :             1.934ns  (required time - arrival time)
  Source:                 MB_i/uart_0/inst/clk_count_reg[1]/C
                            (rising edge-triggered cell FDCE clocked by clk_out2_MB_clk_wiz_1  {rise@0.000ns fall@5.000ns period=10.000ns})
  Destination:            MB_i/uart_0/inst/message_block_reg[244]/CE
                            (rising edge-triggered cell FDCE clocked by clk_out2_MB_clk_wiz_1  {rise@0.000ns fall@5.000ns period=10.000ns})
  Path Group:             clk_out2_MB_clk_wiz_1
  Path Type:              Setup (Max at Slow Process Corner)
  Requirement:            10.000ns  (clk_out2_MB_clk_wiz_1 rise@10.000ns - clk_out2_MB_clk_wiz_1 rise@0.000ns)
  Data Path Delay:        7.746ns  (logic 1.021ns (13.181%)  route 6.725ns (86.819%))
  Logic Levels:           3  (LUT4=1 LUT5=1 LUT6=1)
  Clock Path Skew:        -0.040ns (DCD - SCD + CPR)
    Destination Clock Delay (DCD):    -1.384ns = ( 8.616 - 10.000 ) 
    Source Clock Delay      (SCD):    -0.774ns
    Clock Pessimism Removal (CPR):    0.571ns
  Clock Uncertainty:      0.074ns  ((TSJ^2 + DJ^2)^1/2) / 2 + PE
    Total System Jitter     (TSJ):    0.071ns
    Discrete Jitter          (DJ):    0.131ns
    Phase Error              (PE):    0.000ns

    Location             Delay type                Incr(ns)  Path(ns)    Netlist Resource(s)
  -------------------------------------------------------------------    -------------------
                         (clock clk_out2_MB_clk_wiz_1 rise edge)
                                                      0.000     0.000 r  
    W5                                                0.000     0.000 r  sys_clock (IN)
                         net (fo=0)                   0.000     0.000    MB_i/clk_wiz/inst/clk_in1
    W5                   IBUF (Prop_ibuf_I_O)         1.458     1.458 r  MB_i/clk_wiz/inst/clkin1_ibufg/O
                         net (fo=1, routed)           1.233     2.691    MB_i/clk_wiz/inst/clk_in1_MB_clk_wiz_1
    MMCME2_ADV_X1Y0      MMCME2_ADV (Prop_mmcme2_adv_CLKIN1_CLKOUT1)
                                                     -6.961    -4.269 r  MB_i/clk_wiz/inst/mmcm_adv_inst/CLKOUT1
                         net (fo=1, routed)           1.661    -2.608    MB_i/clk_wiz/inst/clk_out2_MB_clk_wiz_1
    BUFGCTRL_X0Y1        BUFG (Prop_bufg_I_O)         0.096    -2.512 r  MB_i/clk_wiz/inst/clkout2_buf/O
                         net (fo=596, routed)         1.738    -0.774    MB_i/uart_0/inst/clk
    SLICE_X10Y111        FDCE                                         r  MB_i/uart_0/inst/clk_count_reg[1]/C
  -------------------------------------------------------------------    -------------------
    SLICE_X10Y111        FDCE (Prop_fdce_C_Q)         0.478    -0.296 f  MB_i/uart_0/inst/clk_count_reg[1]/Q
                         net (fo=3, routed)           1.012     0.716    MB_i/uart_0/inst/clk_count[1]
    SLICE_X10Y111        LUT4 (Prop_lut4_I0_O)        0.295     1.011 r  MB_i/uart_0/inst/message_block[511]_i_6/O
                         net (fo=5, routed)           1.149     2.160    MB_i/uart_0/inst/message_block[511]_i_6_n_0
    SLICE_X10Y113        LUT6 (Prop_lut6_I2_O)        0.124     2.284 r  MB_i/uart_0/inst/message_block[511]_i_3/O
                         net (fo=68, routed)          3.175     5.459    MB_i/uart_0/inst/message_block[511]_i_3_n_0
    SLICE_X48Y141        LUT5 (Prop_lut5_I2_O)        0.124     5.583 r  MB_i/uart_0/inst/message_block[247]_i_1/O
                         net (fo=8, routed)           1.390     6.973    MB_i/uart_0/inst/message_block[247]_i_1_n_0
    SLICE_X25Y141        FDCE                                         r  MB_i/uart_0/inst/message_block_reg[244]/CE
  -------------------------------------------------------------------    -------------------

                         (clock clk_out2_MB_clk_wiz_1 rise edge)
                                                     10.000    10.000 r  
    W5                                                0.000    10.000 r  sys_clock (IN)
                         net (fo=0)                   0.000    10.000    MB_i/clk_wiz/inst/clk_in1
    W5                   IBUF (Prop_ibuf_I_O)         1.388    11.388 r  MB_i/clk_wiz/inst/clkin1_ibufg/O
                         net (fo=1, routed)           1.162    12.550    MB_i/clk_wiz/inst/clk_in1_MB_clk_wiz_1
    MMCME2_ADV_X1Y0      MMCME2_ADV (Prop_mmcme2_adv_CLKIN1_CLKOUT1)
                                                     -7.217     5.332 r  MB_i/clk_wiz/inst/mmcm_adv_inst/CLKOUT1
                         net (fo=1, routed)           1.581     6.914    MB_i/clk_wiz/inst/clk_out2_MB_clk_wiz_1
    BUFGCTRL_X0Y1        BUFG (Prop_bufg_I_O)         0.091     7.005 r  MB_i/clk_wiz/inst/clkout2_buf/O
                         net (fo=596, routed)         1.611     8.616    MB_i/uart_0/inst/clk
    SLICE_X25Y141        FDCE                                         r  MB_i/uart_0/inst/message_block_reg[244]/C
                         clock pessimism              0.571     9.186    
                         clock uncertainty           -0.074     9.112    
    SLICE_X25Y141        FDCE (Setup_fdce_C_CE)      -0.205     8.907    MB_i/uart_0/inst/message_block_reg[244]
  -------------------------------------------------------------------
                         required time                          8.907    
                         arrival time                          -6.973    
  -------------------------------------------------------------------
                         slack                                  1.934    

Slack (MET) :             1.934ns  (required time - arrival time)
  Source:                 MB_i/uart_0/inst/clk_count_reg[1]/C
                            (rising edge-triggered cell FDCE clocked by clk_out2_MB_clk_wiz_1  {rise@0.000ns fall@5.000ns period=10.000ns})
  Destination:            MB_i/uart_0/inst/message_block_reg[245]/CE
                            (rising edge-triggered cell FDCE clocked by clk_out2_MB_clk_wiz_1  {rise@0.000ns fall@5.000ns period=10.000ns})
  Path Group:             clk_out2_MB_clk_wiz_1
  Path Type:              Setup (Max at Slow Process Corner)
  Requirement:            10.000ns  (clk_out2_MB_clk_wiz_1 rise@10.000ns - clk_out2_MB_clk_wiz_1 rise@0.000ns)
  Data Path Delay:        7.746ns  (logic 1.021ns (13.181%)  route 6.725ns (86.819%))
  Logic Levels:           3  (LUT4=1 LUT5=1 LUT6=1)
  Clock Path Skew:        -0.040ns (DCD - SCD + CPR)
    Destination Clock Delay (DCD):    -1.384ns = ( 8.616 - 10.000 ) 
    Source Clock Delay      (SCD):    -0.774ns
    Clock Pessimism Removal (CPR):    0.571ns
  Clock Uncertainty:      0.074ns  ((TSJ^2 + DJ^2)^1/2) / 2 + PE
    Total System Jitter     (TSJ):    0.071ns
    Discrete Jitter          (DJ):    0.131ns
    Phase Error              (PE):    0.000ns

    Location             Delay type                Incr(ns)  Path(ns)    Netlist Resource(s)
  -------------------------------------------------------------------    -------------------
                         (clock clk_out2_MB_clk_wiz_1 rise edge)
                                                      0.000     0.000 r  
    W5                                                0.000     0.000 r  sys_clock (IN)
                         net (fo=0)                   0.000     0.000    MB_i/clk_wiz/inst/clk_in1
    W5                   IBUF (Prop_ibuf_I_O)         1.458     1.458 r  MB_i/clk_wiz/inst/clkin1_ibufg/O
                         net (fo=1, routed)           1.233     2.691    MB_i/clk_wiz/inst/clk_in1_MB_clk_wiz_1
    MMCME2_ADV_X1Y0      MMCME2_ADV (Prop_mmcme2_adv_CLKIN1_CLKOUT1)
                                                     -6.961    -4.269 r  MB_i/clk_wiz/inst/mmcm_adv_inst/CLKOUT1
                         net (fo=1, routed)           1.661    -2.608    MB_i/clk_wiz/inst/clk_out2_MB_clk_wiz_1
    BUFGCTRL_X0Y1        BUFG (Prop_bufg_I_O)         0.096    -2.512 r  MB_i/clk_wiz/inst/clkout2_buf/O
                         net (fo=596, routed)         1.738    -0.774    MB_i/uart_0/inst/clk
    SLICE_X10Y111        FDCE                                         r  MB_i/uart_0/inst/clk_count_reg[1]/C
  -------------------------------------------------------------------    -------------------
    SLICE_X10Y111        FDCE (Prop_fdce_C_Q)         0.478    -0.296 f  MB_i/uart_0/inst/clk_count_reg[1]/Q
                         net (fo=3, routed)           1.012     0.716    MB_i/uart_0/inst/clk_count[1]
    SLICE_X10Y111        LUT4 (Prop_lut4_I0_O)        0.295     1.011 r  MB_i/uart_0/inst/message_block[511]_i_6/O
                         net (fo=5, routed)           1.149     2.160    MB_i/uart_0/inst/message_block[511]_i_6_n_0
    SLICE_X10Y113        LUT6 (Prop_lut6_I2_O)        0.124     2.284 r  MB_i/uart_0/inst/message_block[511]_i_3/O
                         net (fo=68, routed)          3.175     5.459    MB_i/uart_0/inst/message_block[511]_i_3_n_0
    SLICE_X48Y141        LUT5 (Prop_lut5_I2_O)        0.124     5.583 r  MB_i/uart_0/inst/message_block[247]_i_1/O
                         net (fo=8, routed)           1.390     6.973    MB_i/uart_0/inst/message_block[247]_i_1_n_0
    SLICE_X25Y141        FDCE                                         r  MB_i/uart_0/inst/message_block_reg[245]/CE
  -------------------------------------------------------------------    -------------------

                         (clock clk_out2_MB_clk_wiz_1 rise edge)
                                                     10.000    10.000 r  
    W5                                                0.000    10.000 r  sys_clock (IN)
                         net (fo=0)                   0.000    10.000    MB_i/clk_wiz/inst/clk_in1
    W5                   IBUF (Prop_ibuf_I_O)         1.388    11.388 r  MB_i/clk_wiz/inst/clkin1_ibufg/O
                         net (fo=1, routed)           1.162    12.550    MB_i/clk_wiz/inst/clk_in1_MB_clk_wiz_1
    MMCME2_ADV_X1Y0      MMCME2_ADV (Prop_mmcme2_adv_CLKIN1_CLKOUT1)
                                                     -7.217     5.332 r  MB_i/clk_wiz/inst/mmcm_adv_inst/CLKOUT1
                         net (fo=1, routed)           1.581     6.914    MB_i/clk_wiz/inst/clk_out2_MB_clk_wiz_1
    BUFGCTRL_X0Y1        BUFG (Prop_bufg_I_O)         0.091     7.005 r  MB_i/clk_wiz/inst/clkout2_buf/O
                         net (fo=596, routed)         1.611     8.616    MB_i/uart_0/inst/clk
    SLICE_X25Y141        FDCE                                         r  MB_i/uart_0/inst/message_block_reg[245]/C
                         clock pessimism              0.571     9.186    
                         clock uncertainty           -0.074     9.112    
    SLICE_X25Y141        FDCE (Setup_fdce_C_CE)      -0.205     8.907    MB_i/uart_0/inst/message_block_reg[245]
  -------------------------------------------------------------------
                         required time                          8.907    
                         arrival time                          -6.973    
  -------------------------------------------------------------------
                         slack                                  1.934    

Slack (MET) :             2.026ns  (required time - arrival time)
  Source:                 MB_i/uart_0/inst/clk_count_reg[1]/C
                            (rising edge-triggered cell FDCE clocked by clk_out2_MB_clk_wiz_1  {rise@0.000ns fall@5.000ns period=10.000ns})
  Destination:            MB_i/uart_0/inst/message_block_reg[369]/CE
                            (rising edge-triggered cell FDCE clocked by clk_out2_MB_clk_wiz_1  {rise@0.000ns fall@5.000ns period=10.000ns})
  Path Group:             clk_out2_MB_clk_wiz_1
  Path Type:              Setup (Max at Slow Process Corner)
  Requirement:            10.000ns  (clk_out2_MB_clk_wiz_1 rise@10.000ns - clk_out2_MB_clk_wiz_1 rise@0.000ns)
  Data Path Delay:        7.451ns  (logic 1.047ns (14.051%)  route 6.404ns (85.949%))
  Logic Levels:           3  (LUT4=1 LUT5=1 LUT6=1)
  Clock Path Skew:        -0.041ns (DCD - SCD + CPR)
    Destination Clock Delay (DCD):    -1.385ns = ( 8.615 - 10.000 ) 
    Source Clock Delay      (SCD):    -0.774ns
    Clock Pessimism Removal (CPR):    0.571ns
  Clock Uncertainty:      0.074ns  ((TSJ^2 + DJ^2)^1/2) / 2 + PE
    Total System Jitter     (TSJ):    0.071ns
    Discrete Jitter          (DJ):    0.131ns
    Phase Error              (PE):    0.000ns

    Location             Delay type                Incr(ns)  Path(ns)    Netlist Resource(s)
  -------------------------------------------------------------------    -------------------
                         (clock clk_out2_MB_clk_wiz_1 rise edge)
                                                      0.000     0.000 r  
    W5                                                0.000     0.000 r  sys_clock (IN)
                         net (fo=0)                   0.000     0.000    MB_i/clk_wiz/inst/clk_in1
    W5                   IBUF (Prop_ibuf_I_O)         1.458     1.458 r  MB_i/clk_wiz/inst/clkin1_ibufg/O
                         net (fo=1, routed)           1.233     2.691    MB_i/clk_wiz/inst/clk_in1_MB_clk_wiz_1
    MMCME2_ADV_X1Y0      MMCME2_ADV (Prop_mmcme2_adv_CLKIN1_CLKOUT1)
                                                     -6.961    -4.269 r  MB_i/clk_wiz/inst/mmcm_adv_inst/CLKOUT1
                         net (fo=1, routed)           1.661    -2.608    MB_i/clk_wiz/inst/clk_out2_MB_clk_wiz_1
    BUFGCTRL_X0Y1        BUFG (Prop_bufg_I_O)         0.096    -2.512 r  MB_i/clk_wiz/inst/clkout2_buf/O
                         net (fo=596, routed)         1.738    -0.774    MB_i/uart_0/inst/clk
    SLICE_X10Y111        FDCE                                         r  MB_i/uart_0/inst/clk_count_reg[1]/C
  -------------------------------------------------------------------    -------------------
    SLICE_X10Y111        FDCE (Prop_fdce_C_Q)         0.478    -0.296 f  MB_i/uart_0/inst/clk_count_reg[1]/Q
                         net (fo=3, routed)           1.012     0.716    MB_i/uart_0/inst/clk_count[1]
    SLICE_X10Y111        LUT4 (Prop_lut4_I0_O)        0.295     1.011 r  MB_i/uart_0/inst/message_block[511]_i_6/O
                         net (fo=5, routed)           1.149     2.160    MB_i/uart_0/inst/message_block[511]_i_6_n_0
    SLICE_X10Y113        LUT6 (Prop_lut6_I2_O)        0.124     2.284 r  MB_i/uart_0/inst/message_block[511]_i_3/O
                         net (fo=68, routed)          2.960     5.244    MB_i/uart_0/inst/message_block[511]_i_3_n_0
    SLICE_X48Y141        LUT5 (Prop_lut5_I2_O)        0.150     5.394 r  MB_i/uart_0/inst/message_block[375]_i_1/O
                         net (fo=8, routed)           1.283     6.678    MB_i/uart_0/inst/message_block[375]_i_1_n_0
    SLICE_X29Y142        FDCE                                         r  MB_i/uart_0/inst/message_block_reg[369]/CE
  -------------------------------------------------------------------    -------------------

                         (clock clk_out2_MB_clk_wiz_1 rise edge)
                                                     10.000    10.000 r  
    W5                                                0.000    10.000 r  sys_clock (IN)
                         net (fo=0)                   0.000    10.000    MB_i/clk_wiz/inst/clk_in1
    W5                   IBUF (Prop_ibuf_I_O)         1.388    11.388 r  MB_i/clk_wiz/inst/clkin1_ibufg/O
                         net (fo=1, routed)           1.162    12.550    MB_i/clk_wiz/inst/clk_in1_MB_clk_wiz_1
    MMCME2_ADV_X1Y0      MMCME2_ADV (Prop_mmcme2_adv_CLKIN1_CLKOUT1)
                                                     -7.217     5.332 r  MB_i/clk_wiz/inst/mmcm_adv_inst/CLKOUT1
                         net (fo=1, routed)           1.581     6.914    MB_i/clk_wiz/inst/clk_out2_MB_clk_wiz_1
    BUFGCTRL_X0Y1        BUFG (Prop_bufg_I_O)         0.091     7.005 r  MB_i/clk_wiz/inst/clkout2_buf/O
                         net (fo=596, routed)         1.610     8.615    MB_i/uart_0/inst/clk
    SLICE_X29Y142        FDCE                                         r  MB_i/uart_0/inst/message_block_reg[369]/C
                         clock pessimism              0.571     9.185    
                         clock uncertainty           -0.074     9.111    
    SLICE_X29Y142        FDCE (Setup_fdce_C_CE)      -0.407     8.704    MB_i/uart_0/inst/message_block_reg[369]
  -------------------------------------------------------------------
                         required time                          8.704    
                         arrival time                          -6.678    
  -------------------------------------------------------------------
                         slack                                  2.026    

Slack (MET) :             2.026ns  (required time - arrival time)
  Source:                 MB_i/uart_0/inst/clk_count_reg[1]/C
                            (rising edge-triggered cell FDCE clocked by clk_out2_MB_clk_wiz_1  {rise@0.000ns fall@5.000ns period=10.000ns})
  Destination:            MB_i/uart_0/inst/message_block_reg[371]/CE
                            (rising edge-triggered cell FDCE clocked by clk_out2_MB_clk_wiz_1  {rise@0.000ns fall@5.000ns period=10.000ns})
  Path Group:             clk_out2_MB_clk_wiz_1
  Path Type:              Setup (Max at Slow Process Corner)
  Requirement:            10.000ns  (clk_out2_MB_clk_wiz_1 rise@10.000ns - clk_out2_MB_clk_wiz_1 rise@0.000ns)
  Data Path Delay:        7.451ns  (logic 1.047ns (14.051%)  route 6.404ns (85.949%))
  Logic Levels:           3  (LUT4=1 LUT5=1 LUT6=1)
  Clock Path Skew:        -0.041ns (DCD - SCD + CPR)
    Destination Clock Delay (DCD):    -1.385ns = ( 8.615 - 10.000 ) 
    Source Clock Delay      (SCD):    -0.774ns
    Clock Pessimism Removal (CPR):    0.571ns
  Clock Uncertainty:      0.074ns  ((TSJ^2 + DJ^2)^1/2) / 2 + PE
    Total System Jitter     (TSJ):    0.071ns
    Discrete Jitter          (DJ):    0.131ns
    Phase Error              (PE):    0.000ns

    Location             Delay type                Incr(ns)  Path(ns)    Netlist Resource(s)
  -------------------------------------------------------------------    -------------------
                         (clock clk_out2_MB_clk_wiz_1 rise edge)
                                                      0.000     0.000 r  
    W5                                                0.000     0.000 r  sys_clock (IN)
                         net (fo=0)                   0.000     0.000    MB_i/clk_wiz/inst/clk_in1
    W5                   IBUF (Prop_ibuf_I_O)         1.458     1.458 r  MB_i/clk_wiz/inst/clkin1_ibufg/O
                         net (fo=1, routed)           1.233     2.691    MB_i/clk_wiz/inst/clk_in1_MB_clk_wiz_1
    MMCME2_ADV_X1Y0      MMCME2_ADV (Prop_mmcme2_adv_CLKIN1_CLKOUT1)
                                                     -6.961    -4.269 r  MB_i/clk_wiz/inst/mmcm_adv_inst/CLKOUT1
                         net (fo=1, routed)           1.661    -2.608    MB_i/clk_wiz/inst/clk_out2_MB_clk_wiz_1
    BUFGCTRL_X0Y1        BUFG (Prop_bufg_I_O)         0.096    -2.512 r  MB_i/clk_wiz/inst/clkout2_buf/O
                         net (fo=596, routed)         1.738    -0.774    MB_i/uart_0/inst/clk
    SLICE_X10Y111        FDCE                                         r  MB_i/uart_0/inst/clk_count_reg[1]/C
  -------------------------------------------------------------------    -------------------
    SLICE_X10Y111        FDCE (Prop_fdce_C_Q)         0.478    -0.296 f  MB_i/uart_0/inst/clk_count_reg[1]/Q
                         net (fo=3, routed)           1.012     0.716    MB_i/uart_0/inst/clk_count[1]
    SLICE_X10Y111        LUT4 (Prop_lut4_I0_O)        0.295     1.011 r  MB_i/uart_0/inst/message_block[511]_i_6/O
                         net (fo=5, routed)           1.149     2.160    MB_i/uart_0/inst/message_block[511]_i_6_n_0
    SLICE_X10Y113        LUT6 (Prop_lut6_I2_O)        0.124     2.284 r  MB_i/uart_0/inst/message_block[511]_i_3/O
                         net (fo=68, routed)          2.960     5.244    MB_i/uart_0/inst/message_block[511]_i_3_n_0
    SLICE_X48Y141        LUT5 (Prop_lut5_I2_O)        0.150     5.394 r  MB_i/uart_0/inst/message_block[375]_i_1/O
                         net (fo=8, routed)           1.283     6.678    MB_i/uart_0/inst/message_block[375]_i_1_n_0
    SLICE_X29Y142        FDCE                                         r  MB_i/uart_0/inst/message_block_reg[371]/CE
  -------------------------------------------------------------------    -------------------

                         (clock clk_out2_MB_clk_wiz_1 rise edge)
                                                     10.000    10.000 r  
    W5                                                0.000    10.000 r  sys_clock (IN)
                         net (fo=0)                   0.000    10.000    MB_i/clk_wiz/inst/clk_in1
    W5                   IBUF (Prop_ibuf_I_O)         1.388    11.388 r  MB_i/clk_wiz/inst/clkin1_ibufg/O
                         net (fo=1, routed)           1.162    12.550    MB_i/clk_wiz/inst/clk_in1_MB_clk_wiz_1
    MMCME2_ADV_X1Y0      MMCME2_ADV (Prop_mmcme2_adv_CLKIN1_CLKOUT1)
                                                     -7.217     5.332 r  MB_i/clk_wiz/inst/mmcm_adv_inst/CLKOUT1
                         net (fo=1, routed)           1.581     6.914    MB_i/clk_wiz/inst/clk_out2_MB_clk_wiz_1
    BUFGCTRL_X0Y1        BUFG (Prop_bufg_I_O)         0.091     7.005 r  MB_i/clk_wiz/inst/clkout2_buf/O
                         net (fo=596, routed)         1.610     8.615    MB_i/uart_0/inst/clk
    SLICE_X29Y142        FDCE                                         r  MB_i/uart_0/inst/message_block_reg[371]/C
                         clock pessimism              0.571     9.185    
                         clock uncertainty           -0.074     9.111    
    SLICE_X29Y142        FDCE (Setup_fdce_C_CE)      -0.407     8.704    MB_i/uart_0/inst/message_block_reg[371]
  -------------------------------------------------------------------
                         required time                          8.704    
                         arrival time                          -6.678    
  -------------------------------------------------------------------
                         slack                                  2.026    





Min Delay Paths
--------------------------------------------------------------------------------------
Slack (MET) :             0.206ns  (arrival time - required time)
  Source:                 MB_i/uart_0/inst/tx_byte_count_reg[1]/C
                            (rising edge-triggered cell FDCE clocked by clk_out2_MB_clk_wiz_1  {rise@0.000ns fall@5.000ns period=10.000ns})
  Destination:            MB_i/uart_0/inst/tx_byte_count_reg[4]/D
                            (rising edge-triggered cell FDCE clocked by clk_out2_MB_clk_wiz_1  {rise@0.000ns fall@5.000ns period=10.000ns})
  Path Group:             clk_out2_MB_clk_wiz_1
  Path Type:              Hold (Min at Fast Process Corner)
  Requirement:            0.000ns  (clk_out2_MB_clk_wiz_1 rise@0.000ns - clk_out2_MB_clk_wiz_1 rise@0.000ns)
  Data Path Delay:        0.341ns  (logic 0.186ns (54.574%)  route 0.155ns (45.426%))
  Logic Levels:           1  (LUT6=1)
  Clock Path Skew:        0.014ns (DCD - SCD - CPR)
    Destination Clock Delay (DCD):    -0.747ns
    Source Clock Delay      (SCD):    -0.511ns
    Clock Pessimism Removal (CPR):    -0.250ns

    Location             Delay type                Incr(ns)  Path(ns)    Netlist Resource(s)
  -------------------------------------------------------------------    -------------------
                         (clock clk_out2_MB_clk_wiz_1 rise edge)
                                                      0.000     0.000 r  
    W5                                                0.000     0.000 r  sys_clock (IN)
                         net (fo=0)                   0.000     0.000    MB_i/clk_wiz/inst/clk_in1
    W5                   IBUF (Prop_ibuf_I_O)         0.226     0.226 r  MB_i/clk_wiz/inst/clkin1_ibufg/O
                         net (fo=1, routed)           0.440     0.667    MB_i/clk_wiz/inst/clk_in1_MB_clk_wiz_1
    MMCME2_ADV_X1Y0      MMCME2_ADV (Prop_mmcme2_adv_CLKIN1_CLKOUT1)
                                                     -2.360    -1.693 r  MB_i/clk_wiz/inst/mmcm_adv_inst/CLKOUT1
                         net (fo=1, routed)           0.486    -1.207    MB_i/clk_wiz/inst/clk_out2_MB_clk_wiz_1
    BUFGCTRL_X0Y1        BUFG (Prop_bufg_I_O)         0.026    -1.181 r  MB_i/clk_wiz/inst/clkout2_buf/O
                         net (fo=596, routed)         0.670    -0.511    MB_i/uart_0/inst/clk
    SLICE_X5Y115         FDCE                                         r  MB_i/uart_0/inst/tx_byte_count_reg[1]/C
  -------------------------------------------------------------------    -------------------
    SLICE_X5Y115         FDCE (Prop_fdce_C_Q)         0.141    -0.370 r  MB_i/uart_0/inst/tx_byte_count_reg[1]/Q
                         net (fo=72, routed)          0.155    -0.215    MB_i/uart_0/inst/tx_byte_count_reg_n_0_[1]
    SLICE_X6Y115         LUT6 (Prop_lut6_I1_O)        0.045    -0.170 r  MB_i/uart_0/inst/tx_byte_count[4]_i_1/O
                         net (fo=1, routed)           0.000    -0.170    MB_i/uart_0/inst/tx_byte_count[4]_i_1_n_0
    SLICE_X6Y115         FDCE                                         r  MB_i/uart_0/inst/tx_byte_count_reg[4]/D
  -------------------------------------------------------------------    -------------------

                         (clock clk_out2_MB_clk_wiz_1 rise edge)
                                                      0.000     0.000 r  
    W5                                                0.000     0.000 r  sys_clock (IN)
                         net (fo=0)                   0.000     0.000    MB_i/clk_wiz/inst/clk_in1
    W5                   IBUF (Prop_ibuf_I_O)         0.414     0.414 r  MB_i/clk_wiz/inst/clkin1_ibufg/O
                         net (fo=1, routed)           0.480     0.894    MB_i/clk_wiz/inst/clk_in1_MB_clk_wiz_1
    MMCME2_ADV_X1Y0      MMCME2_ADV (Prop_mmcme2_adv_CLKIN1_CLKOUT1)
                                                     -3.142    -2.248 r  MB_i/clk_wiz/inst/mmcm_adv_inst/CLKOUT1
                         net (fo=1, routed)           0.530    -1.718    MB_i/clk_wiz/inst/clk_out2_MB_clk_wiz_1
    BUFGCTRL_X0Y1        BUFG (Prop_bufg_I_O)         0.029    -1.689 r  MB_i/clk_wiz/inst/clkout2_buf/O
                         net (fo=596, routed)         0.942    -0.747    MB_i/uart_0/inst/clk
    SLICE_X6Y115         FDCE                                         r  MB_i/uart_0/inst/tx_byte_count_reg[4]/C
                         clock pessimism              0.250    -0.497    
    SLICE_X6Y115         FDCE (Hold_fdce_C_D)         0.121    -0.376    MB_i/uart_0/inst/tx_byte_count_reg[4]
  -------------------------------------------------------------------
                         required time                          0.376    
                         arrival time                          -0.170    
  -------------------------------------------------------------------
                         slack                                  0.206    

Slack (MET) :             0.206ns  (arrival time - required time)
  Source:                 MB_i/uart_0/inst/state_reg[0]/C
                            (rising edge-triggered cell FDCE clocked by clk_out2_MB_clk_wiz_1  {rise@0.000ns fall@5.000ns period=10.000ns})
  Destination:            MB_i/uart_0/inst/clk_count_reg[1]/D
                            (rising edge-triggered cell FDCE clocked by clk_out2_MB_clk_wiz_1  {rise@0.000ns fall@5.000ns period=10.000ns})
  Path Group:             clk_out2_MB_clk_wiz_1
  Path Type:              Hold (Min at Fast Process Corner)
  Requirement:            0.000ns  (clk_out2_MB_clk_wiz_1 rise@0.000ns - clk_out2_MB_clk_wiz_1 rise@0.000ns)
  Data Path Delay:        0.354ns  (logic 0.189ns (53.323%)  route 0.165ns (46.677%))
  Logic Levels:           1  (LUT4=1)
  Clock Path Skew:        0.017ns (DCD - SCD - CPR)
    Destination Clock Delay (DCD):    -0.770ns
    Source Clock Delay      (SCD):    -0.538ns
    Clock Pessimism Removal (CPR):    -0.249ns

    Location             Delay type                Incr(ns)  Path(ns)    Netlist Resource(s)
  -------------------------------------------------------------------    -------------------
                         (clock clk_out2_MB_clk_wiz_1 rise edge)
                                                      0.000     0.000 r  
    W5                                                0.000     0.000 r  sys_clock (IN)
                         net (fo=0)                   0.000     0.000    MB_i/clk_wiz/inst/clk_in1
    W5                   IBUF (Prop_ibuf_I_O)         0.226     0.226 r  MB_i/clk_wiz/inst/clkin1_ibufg/O
                         net (fo=1, routed)           0.440     0.667    MB_i/clk_wiz/inst/clk_in1_MB_clk_wiz_1
    MMCME2_ADV_X1Y0      MMCME2_ADV (Prop_mmcme2_adv_CLKIN1_CLKOUT1)
                                                     -2.360    -1.693 r  MB_i/clk_wiz/inst/mmcm_adv_inst/CLKOUT1
                         net (fo=1, routed)           0.486    -1.207    MB_i/clk_wiz/inst/clk_out2_MB_clk_wiz_1
    BUFGCTRL_X0Y1        BUFG (Prop_bufg_I_O)         0.026    -1.181 r  MB_i/clk_wiz/inst/clkout2_buf/O
                         net (fo=596, routed)         0.643    -0.538    MB_i/uart_0/inst/clk
    SLICE_X11Y112        FDCE                                         r  MB_i/uart_0/inst/state_reg[0]/C
  -------------------------------------------------------------------    -------------------
    SLICE_X11Y112        FDCE (Prop_fdce_C_Q)         0.141    -0.397 r  MB_i/uart_0/inst/state_reg[0]/Q
                         net (fo=13, routed)          0.165    -0.231    MB_i/uart_0/inst/state_reg_n_0_[0]
    SLICE_X10Y111        LUT4 (Prop_lut4_I2_O)        0.048    -0.183 r  MB_i/uart_0/inst/clk_count[1]_i_1/O
                         net (fo=1, routed)           0.000    -0.183    MB_i/uart_0/inst/p_1_in[1]
    SLICE_X10Y111        FDCE                                         r  MB_i/uart_0/inst/clk_count_reg[1]/D
  -------------------------------------------------------------------    -------------------

                         (clock clk_out2_MB_clk_wiz_1 rise edge)
                                                      0.000     0.000 r  
    W5                                                0.000     0.000 r  sys_clock (IN)
                         net (fo=0)                   0.000     0.000    MB_i/clk_wiz/inst/clk_in1
    W5                   IBUF (Prop_ibuf_I_O)         0.414     0.414 r  MB_i/clk_wiz/inst/clkin1_ibufg/O
                         net (fo=1, routed)           0.480     0.894    MB_i/clk_wiz/inst/clk_in1_MB_clk_wiz_1
    MMCME2_ADV_X1Y0      MMCME2_ADV (Prop_mmcme2_adv_CLKIN1_CLKOUT1)
                                                     -3.142    -2.248 r  MB_i/clk_wiz/inst/mmcm_adv_inst/CLKOUT1
                         net (fo=1, routed)           0.530    -1.718    MB_i/clk_wiz/inst/clk_out2_MB_clk_wiz_1
    BUFGCTRL_X0Y1        BUFG (Prop_bufg_I_O)         0.029    -1.689 r  MB_i/clk_wiz/inst/clkout2_buf/O
                         net (fo=596, routed)         0.919    -0.770    MB_i/uart_0/inst/clk
    SLICE_X10Y111        FDCE                                         r  MB_i/uart_0/inst/clk_count_reg[1]/C
                         clock pessimism              0.249    -0.521    
    SLICE_X10Y111        FDCE (Hold_fdce_C_D)         0.131    -0.390    MB_i/uart_0/inst/clk_count_reg[1]
  -------------------------------------------------------------------
                         required time                          0.390    
                         arrival time                          -0.183    
  -------------------------------------------------------------------
                         slack                                  0.206    

Slack (MET) :             0.214ns  (arrival time - required time)
  Source:                 MB_i/uart_0/inst/byte_count_reg[1]_rep/C
                            (rising edge-triggered cell FDCE clocked by clk_out2_MB_clk_wiz_1  {rise@0.000ns fall@5.000ns period=10.000ns})
  Destination:            MB_i/uart_0/inst/message_block_reg[434]/D
                            (rising edge-triggered cell FDCE clocked by clk_out2_MB_clk_wiz_1  {rise@0.000ns fall@5.000ns period=10.000ns})
  Path Group:             clk_out2_MB_clk_wiz_1
  Path Type:              Hold (Min at Fast Process Corner)
  Requirement:            0.000ns  (clk_out2_MB_clk_wiz_1 rise@0.000ns - clk_out2_MB_clk_wiz_1 rise@0.000ns)
  Data Path Delay:        0.318ns  (logic 0.209ns (65.805%)  route 0.109ns (34.195%))
  Logic Levels:           1  (LUT6=1)
  Clock Path Skew:        0.013ns (DCD - SCD - CPR)
    Destination Clock Delay (DCD):    -0.775ns
    Source Clock Delay      (SCD):    -0.541ns
    Clock Pessimism Removal (CPR):    -0.247ns

    Location             Delay type                Incr(ns)  Path(ns)    Netlist Resource(s)
  -------------------------------------------------------------------    -------------------
                         (clock clk_out2_MB_clk_wiz_1 rise edge)
                                                      0.000     0.000 r  
    W5                                                0.000     0.000 r  sys_clock (IN)
                         net (fo=0)                   0.000     0.000    MB_i/clk_wiz/inst/clk_in1
    W5                   IBUF (Prop_ibuf_I_O)         0.226     0.226 r  MB_i/clk_wiz/inst/clkin1_ibufg/O
                         net (fo=1, routed)           0.440     0.667    MB_i/clk_wiz/inst/clk_in1_MB_clk_wiz_1
    MMCME2_ADV_X1Y0      MMCME2_ADV (Prop_mmcme2_adv_CLKIN1_CLKOUT1)
                                                     -2.360    -1.693 r  MB_i/clk_wiz/inst/mmcm_adv_inst/CLKOUT1
                         net (fo=1, routed)           0.486    -1.207    MB_i/clk_wiz/inst/clk_out2_MB_clk_wiz_1
    BUFGCTRL_X0Y1        BUFG (Prop_bufg_I_O)         0.026    -1.181 r  MB_i/clk_wiz/inst/clkout2_buf/O
                         net (fo=596, routed)         0.640    -0.541    MB_i/uart_0/inst/clk
    SLICE_X34Y139        FDCE                                         r  MB_i/uart_0/inst/byte_count_reg[1]_rep/C
  -------------------------------------------------------------------    -------------------
    SLICE_X34Y139        FDCE (Prop_fdce_C_Q)         0.164    -0.377 r  MB_i/uart_0/inst/byte_count_reg[1]_rep/Q
                         net (fo=98, routed)          0.109    -0.268    MB_i/uart_0/inst/byte_count_reg[1]_rep_n_0
    SLICE_X35Y139        LUT6 (Prop_lut6_I3_O)        0.045    -0.223 r  MB_i/uart_0/inst/message_block[434]_i_1/O
                         net (fo=2, routed)           0.000    -0.223    MB_i/uart_0/inst/message_block0[434]
    SLICE_X35Y139        FDCE                                         r  MB_i/uart_0/inst/message_block_reg[434]/D
  -------------------------------------------------------------------    -------------------

                         (clock clk_out2_MB_clk_wiz_1 rise edge)
                                                      0.000     0.000 r  
    W5                                                0.000     0.000 r  sys_clock (IN)
                         net (fo=0)                   0.000     0.000    MB_i/clk_wiz/inst/clk_in1
    W5                   IBUF (Prop_ibuf_I_O)         0.414     0.414 r  MB_i/clk_wiz/inst/clkin1_ibufg/O
                         net (fo=1, routed)           0.480     0.894    MB_i/clk_wiz/inst/clk_in1_MB_clk_wiz_1
    MMCME2_ADV_X1Y0      MMCME2_ADV (Prop_mmcme2_adv_CLKIN1_CLKOUT1)
                                                     -3.142    -2.248 r  MB_i/clk_wiz/inst/mmcm_adv_inst/CLKOUT1
                         net (fo=1, routed)           0.530    -1.718    MB_i/clk_wiz/inst/clk_out2_MB_clk_wiz_1
    BUFGCTRL_X0Y1        BUFG (Prop_bufg_I_O)         0.029    -1.689 r  MB_i/clk_wiz/inst/clkout2_buf/O
                         net (fo=596, routed)         0.914    -0.775    MB_i/uart_0/inst/clk
    SLICE_X35Y139        FDCE                                         r  MB_i/uart_0/inst/message_block_reg[434]/C
                         clock pessimism              0.247    -0.528    
    SLICE_X35Y139        FDCE (Hold_fdce_C_D)         0.091    -0.437    MB_i/uart_0/inst/message_block_reg[434]
  -------------------------------------------------------------------
                         required time                          0.437    
                         arrival time                          -0.223    
  -------------------------------------------------------------------
                         slack                                  0.214    

Slack (MET) :             0.214ns  (arrival time - required time)
  Source:                 MB_i/uart_0/inst/state_reg[0]/C
                            (rising edge-triggered cell FDCE clocked by clk_out2_MB_clk_wiz_1  {rise@0.000ns fall@5.000ns period=10.000ns})
  Destination:            MB_i/uart_0/inst/clk_count_reg[0]/D
                            (rising edge-triggered cell FDCE clocked by clk_out2_MB_clk_wiz_1  {rise@0.000ns fall@5.000ns period=10.000ns})
  Path Group:             clk_out2_MB_clk_wiz_1
  Path Type:              Hold (Min at Fast Process Corner)
  Requirement:            0.000ns  (clk_out2_MB_clk_wiz_1 rise@0.000ns - clk_out2_MB_clk_wiz_1 rise@0.000ns)
  Data Path Delay:        0.351ns  (logic 0.186ns (52.925%)  route 0.165ns (47.075%))
  Logic Levels:           1  (LUT4=1)
  Clock Path Skew:        0.017ns (DCD - SCD - CPR)
    Destination Clock Delay (DCD):    -0.770ns
    Source Clock Delay      (SCD):    -0.538ns
    Clock Pessimism Removal (CPR):    -0.249ns

    Location             Delay type                Incr(ns)  Path(ns)    Netlist Resource(s)
  -------------------------------------------------------------------    -------------------
                         (clock clk_out2_MB_clk_wiz_1 rise edge)
                                                      0.000     0.000 r  
    W5                                                0.000     0.000 r  sys_clock (IN)
                         net (fo=0)                   0.000     0.000    MB_i/clk_wiz/inst/clk_in1
    W5                   IBUF (Prop_ibuf_I_O)         0.226     0.226 r  MB_i/clk_wiz/inst/clkin1_ibufg/O
                         net (fo=1, routed)           0.440     0.667    MB_i/clk_wiz/inst/clk_in1_MB_clk_wiz_1
    MMCME2_ADV_X1Y0      MMCME2_ADV (Prop_mmcme2_adv_CLKIN1_CLKOUT1)
                                                     -2.360    -1.693 r  MB_i/clk_wiz/inst/mmcm_adv_inst/CLKOUT1
                         net (fo=1, routed)           0.486    -1.207    MB_i/clk_wiz/inst/clk_out2_MB_clk_wiz_1
    BUFGCTRL_X0Y1        BUFG (Prop_bufg_I_O)         0.026    -1.181 r  MB_i/clk_wiz/inst/clkout2_buf/O
                         net (fo=596, routed)         0.643    -0.538    MB_i/uart_0/inst/clk
    SLICE_X11Y112        FDCE                                         r  MB_i/uart_0/inst/state_reg[0]/C
  -------------------------------------------------------------------    -------------------
    SLICE_X11Y112        FDCE (Prop_fdce_C_Q)         0.141    -0.397 f  MB_i/uart_0/inst/state_reg[0]/Q
                         net (fo=13, routed)          0.165    -0.231    MB_i/uart_0/inst/state_reg_n_0_[0]
    SLICE_X10Y111        LUT4 (Prop_lut4_I2_O)        0.045    -0.186 r  MB_i/uart_0/inst/clk_count[0]_i_1/O
                         net (fo=1, routed)           0.000    -0.186    MB_i/uart_0/inst/p_1_in[0]
    SLICE_X10Y111        FDCE                                         r  MB_i/uart_0/inst/clk_count_reg[0]/D
  -------------------------------------------------------------------    -------------------

                         (clock clk_out2_MB_clk_wiz_1 rise edge)
                                                      0.000     0.000 r  
    W5                                                0.000     0.000 r  sys_clock (IN)
                         net (fo=0)                   0.000     0.000    MB_i/clk_wiz/inst/clk_in1
    W5                   IBUF (Prop_ibuf_I_O)         0.414     0.414 r  MB_i/clk_wiz/inst/clkin1_ibufg/O
                         net (fo=1, routed)           0.480     0.894    MB_i/clk_wiz/inst/clk_in1_MB_clk_wiz_1
    MMCME2_ADV_X1Y0      MMCME2_ADV (Prop_mmcme2_adv_CLKIN1_CLKOUT1)
                                                     -3.142    -2.248 r  MB_i/clk_wiz/inst/mmcm_adv_inst/CLKOUT1
                         net (fo=1, routed)           0.530    -1.718    MB_i/clk_wiz/inst/clk_out2_MB_clk_wiz_1
    BUFGCTRL_X0Y1        BUFG (Prop_bufg_I_O)         0.029    -1.689 r  MB_i/clk_wiz/inst/clkout2_buf/O
                         net (fo=596, routed)         0.919    -0.770    MB_i/uart_0/inst/clk
    SLICE_X10Y111        FDCE                                         r  MB_i/uart_0/inst/clk_count_reg[0]/C
                         clock pessimism              0.249    -0.521    
    SLICE_X10Y111        FDCE (Hold_fdce_C_D)         0.120    -0.401    MB_i/uart_0/inst/clk_count_reg[0]
  -------------------------------------------------------------------
                         required time                          0.401    
                         arrival time                          -0.186    
  -------------------------------------------------------------------
                         slack                                  0.214    

Slack (MET) :             0.226ns  (arrival time - required time)
  Source:                 MB_i/uart_0/inst/bit_count_reg[2]/C
                            (rising edge-triggered cell FDCE clocked by clk_out2_MB_clk_wiz_1  {rise@0.000ns fall@5.000ns period=10.000ns})
  Destination:            MB_i/uart_0/inst/bit_count_reg[3]/D
                            (rising edge-triggered cell FDCE clocked by clk_out2_MB_clk_wiz_1  {rise@0.000ns fall@5.000ns period=10.000ns})
  Path Group:             clk_out2_MB_clk_wiz_1
  Path Type:              Hold (Min at Fast Process Corner)
  Requirement:            0.000ns  (clk_out2_MB_clk_wiz_1 rise@0.000ns - clk_out2_MB_clk_wiz_1 rise@0.000ns)
  Data Path Delay:        0.347ns  (logic 0.246ns (70.822%)  route 0.101ns (29.178%))
  Logic Levels:           1  (LUT6=1)
  Clock Path Skew:        0.000ns (DCD - SCD - CPR)
    Destination Clock Delay (DCD):    -0.773ns
    Source Clock Delay      (SCD):    -0.538ns
    Clock Pessimism Removal (CPR):    -0.235ns

    Location             Delay type                Incr(ns)  Path(ns)    Netlist Resource(s)
  -------------------------------------------------------------------    -------------------
                         (clock clk_out2_MB_clk_wiz_1 rise edge)
                                                      0.000     0.000 r  
    W5                                                0.000     0.000 r  sys_clock (IN)
                         net (fo=0)                   0.000     0.000    MB_i/clk_wiz/inst/clk_in1
    W5                   IBUF (Prop_ibuf_I_O)         0.226     0.226 r  MB_i/clk_wiz/inst/clkin1_ibufg/O
                         net (fo=1, routed)           0.440     0.667    MB_i/clk_wiz/inst/clk_in1_MB_clk_wiz_1
    MMCME2_ADV_X1Y0      MMCME2_ADV (Prop_mmcme2_adv_CLKIN1_CLKOUT1)
                                                     -2.360    -1.693 r  MB_i/clk_wiz/inst/mmcm_adv_inst/CLKOUT1
                         net (fo=1, routed)           0.486    -1.207    MB_i/clk_wiz/inst/clk_out2_MB_clk_wiz_1
    BUFGCTRL_X0Y1        BUFG (Prop_bufg_I_O)         0.026    -1.181 r  MB_i/clk_wiz/inst/clkout2_buf/O
                         net (fo=596, routed)         0.643    -0.538    MB_i/uart_0/inst/clk
    SLICE_X12Y112        FDCE                                         r  MB_i/uart_0/inst/bit_count_reg[2]/C
  -------------------------------------------------------------------    -------------------
    SLICE_X12Y112        FDCE (Prop_fdce_C_Q)         0.148    -0.390 r  MB_i/uart_0/inst/bit_count_reg[2]/Q
                         net (fo=5, routed)           0.101    -0.289    MB_i/uart_0/inst/bit_count[2]
    SLICE_X12Y112        LUT6 (Prop_lut6_I1_O)        0.098    -0.191 r  MB_i/uart_0/inst/bit_count[3]_i_2/O
                         net (fo=1, routed)           0.000    -0.191    MB_i/uart_0/inst/bit_count[3]_i_2_n_0
    SLICE_X12Y112        FDCE                                         r  MB_i/uart_0/inst/bit_count_reg[3]/D
  -------------------------------------------------------------------    -------------------

                         (clock clk_out2_MB_clk_wiz_1 rise edge)
                                                      0.000     0.000 r  
    W5                                                0.000     0.000 r  sys_clock (IN)
                         net (fo=0)                   0.000     0.000    MB_i/clk_wiz/inst/clk_in1
    W5                   IBUF (Prop_ibuf_I_O)         0.414     0.414 r  MB_i/clk_wiz/inst/clkin1_ibufg/O
                         net (fo=1, routed)           0.480     0.894    MB_i/clk_wiz/inst/clk_in1_MB_clk_wiz_1
    MMCME2_ADV_X1Y0      MMCME2_ADV (Prop_mmcme2_adv_CLKIN1_CLKOUT1)
                                                     -3.142    -2.248 r  MB_i/clk_wiz/inst/mmcm_adv_inst/CLKOUT1
                         net (fo=1, routed)           0.530    -1.718    MB_i/clk_wiz/inst/clk_out2_MB_clk_wiz_1
    BUFGCTRL_X0Y1        BUFG (Prop_bufg_I_O)         0.029    -1.689 r  MB_i/clk_wiz/inst/clkout2_buf/O
                         net (fo=596, routed)         0.916    -0.773    MB_i/uart_0/inst/clk
    SLICE_X12Y112        FDCE                                         r  MB_i/uart_0/inst/bit_count_reg[3]/C
                         clock pessimism              0.235    -0.538    
    SLICE_X12Y112        FDCE (Hold_fdce_C_D)         0.121    -0.417    MB_i/uart_0/inst/bit_count_reg[3]
  -------------------------------------------------------------------
                         required time                          0.417    
                         arrival time                          -0.191    
  -------------------------------------------------------------------
                         slack                                  0.226    

Slack (MET) :             0.263ns  (arrival time - required time)
  Source:                 MB_i/uart_0/inst/data_byte_reg[1]/C
                            (rising edge-triggered cell FDCE clocked by clk_out2_MB_clk_wiz_1  {rise@0.000ns fall@5.000ns period=10.000ns})
  Destination:            MB_i/uart_0/inst/data_byte_reg[1]/D
                            (rising edge-triggered cell FDCE clocked by clk_out2_MB_clk_wiz_1  {rise@0.000ns fall@5.000ns period=10.000ns})
  Path Group:             clk_out2_MB_clk_wiz_1
  Path Type:              Hold (Min at Fast Process Corner)
  Requirement:            0.000ns  (clk_out2_MB_clk_wiz_1 rise@0.000ns - clk_out2_MB_clk_wiz_1 rise@0.000ns)
  Data Path Delay:        0.354ns  (logic 0.186ns (52.498%)  route 0.168ns (47.502%))
  Logic Levels:           1  (LUT5=1)
  Clock Path Skew:        0.000ns (DCD - SCD - CPR)
    Destination Clock Delay (DCD):    -0.774ns
    Source Clock Delay      (SCD):    -0.539ns
    Clock Pessimism Removal (CPR):    -0.235ns

    Location             Delay type                Incr(ns)  Path(ns)    Netlist Resource(s)
  -------------------------------------------------------------------    -------------------
                         (clock clk_out2_MB_clk_wiz_1 rise edge)
                                                      0.000     0.000 r  
    W5                                                0.000     0.000 r  sys_clock (IN)
                         net (fo=0)                   0.000     0.000    MB_i/clk_wiz/inst/clk_in1
    W5                   IBUF (Prop_ibuf_I_O)         0.226     0.226 r  MB_i/clk_wiz/inst/clkin1_ibufg/O
                         net (fo=1, routed)           0.440     0.667    MB_i/clk_wiz/inst/clk_in1_MB_clk_wiz_1
    MMCME2_ADV_X1Y0      MMCME2_ADV (Prop_mmcme2_adv_CLKIN1_CLKOUT1)
                                                     -2.360    -1.693 r  MB_i/clk_wiz/inst/mmcm_adv_inst/CLKOUT1
                         net (fo=1, routed)           0.486    -1.207    MB_i/clk_wiz/inst/clk_out2_MB_clk_wiz_1
    BUFGCTRL_X0Y1        BUFG (Prop_bufg_I_O)         0.026    -1.181 r  MB_i/clk_wiz/inst/clkout2_buf/O
                         net (fo=596, routed)         0.642    -0.539    MB_i/uart_0/inst/clk
    SLICE_X13Y114        FDCE                                         r  MB_i/uart_0/inst/data_byte_reg[1]/C
  -------------------------------------------------------------------    -------------------
    SLICE_X13Y114        FDCE (Prop_fdce_C_Q)         0.141    -0.398 r  MB_i/uart_0/inst/data_byte_reg[1]/Q
                         net (fo=35, routed)          0.168    -0.230    MB_i/uart_0/inst/data_byte[1]
    SLICE_X13Y114        LUT5 (Prop_lut5_I4_O)        0.045    -0.185 r  MB_i/uart_0/inst/data_byte[1]_i_1/O
                         net (fo=1, routed)           0.000    -0.185    MB_i/uart_0/inst/data_byte[1]_i_1_n_0
    SLICE_X13Y114        FDCE                                         r  MB_i/uart_0/inst/data_byte_reg[1]/D
  -------------------------------------------------------------------    -------------------

                         (clock clk_out2_MB_clk_wiz_1 rise edge)
                                                      0.000     0.000 r  
    W5                                                0.000     0.000 r  sys_clock (IN)
                         net (fo=0)                   0.000     0.000    MB_i/clk_wiz/inst/clk_in1
    W5                   IBUF (Prop_ibuf_I_O)         0.414     0.414 r  MB_i/clk_wiz/inst/clkin1_ibufg/O
                         net (fo=1, routed)           0.480     0.894    MB_i/clk_wiz/inst/clk_in1_MB_clk_wiz_1
    MMCME2_ADV_X1Y0      MMCME2_ADV (Prop_mmcme2_adv_CLKIN1_CLKOUT1)
                                                     -3.142    -2.248 r  MB_i/clk_wiz/inst/mmcm_adv_inst/CLKOUT1
                         net (fo=1, routed)           0.530    -1.718    MB_i/clk_wiz/inst/clk_out2_MB_clk_wiz_1
    BUFGCTRL_X0Y1        BUFG (Prop_bufg_I_O)         0.029    -1.689 r  MB_i/clk_wiz/inst/clkout2_buf/O
                         net (fo=596, routed)         0.915    -0.774    MB_i/uart_0/inst/clk
    SLICE_X13Y114        FDCE                                         r  MB_i/uart_0/inst/data_byte_reg[1]/C
                         clock pessimism              0.235    -0.539    
    SLICE_X13Y114        FDCE (Hold_fdce_C_D)         0.091    -0.448    MB_i/uart_0/inst/data_byte_reg[1]
  -------------------------------------------------------------------
                         required time                          0.448    
                         arrival time                          -0.185    
  -------------------------------------------------------------------
                         slack                                  0.263    

Slack (MET) :             0.264ns  (arrival time - required time)
  Source:                 MB_i/uart_0/inst/data_byte_reg[0]/C
                            (rising edge-triggered cell FDCE clocked by clk_out2_MB_clk_wiz_1  {rise@0.000ns fall@5.000ns period=10.000ns})
  Destination:            MB_i/uart_0/inst/data_byte_reg[0]/D
                            (rising edge-triggered cell FDCE clocked by clk_out2_MB_clk_wiz_1  {rise@0.000ns fall@5.000ns period=10.000ns})
  Path Group:             clk_out2_MB_clk_wiz_1
  Path Type:              Hold (Min at Fast Process Corner)
  Requirement:            0.000ns  (clk_out2_MB_clk_wiz_1 rise@0.000ns - clk_out2_MB_clk_wiz_1 rise@0.000ns)
  Data Path Delay:        0.356ns  (logic 0.186ns (52.203%)  route 0.170ns (47.797%))
  Logic Levels:           1  (LUT5=1)
  Clock Path Skew:        0.000ns (DCD - SCD - CPR)
    Destination Clock Delay (DCD):    -0.774ns
    Source Clock Delay      (SCD):    -0.539ns
    Clock Pessimism Removal (CPR):    -0.235ns

    Location             Delay type                Incr(ns)  Path(ns)    Netlist Resource(s)
  -------------------------------------------------------------------    -------------------
                         (clock clk_out2_MB_clk_wiz_1 rise edge)
                                                      0.000     0.000 r  
    W5                                                0.000     0.000 r  sys_clock (IN)
                         net (fo=0)                   0.000     0.000    MB_i/clk_wiz/inst/clk_in1
    W5                   IBUF (Prop_ibuf_I_O)         0.226     0.226 r  MB_i/clk_wiz/inst/clkin1_ibufg/O
                         net (fo=1, routed)           0.440     0.667    MB_i/clk_wiz/inst/clk_in1_MB_clk_wiz_1
    MMCME2_ADV_X1Y0      MMCME2_ADV (Prop_mmcme2_adv_CLKIN1_CLKOUT1)
                                                     -2.360    -1.693 r  MB_i/clk_wiz/inst/mmcm_adv_inst/CLKOUT1
                         net (fo=1, routed)           0.486    -1.207    MB_i/clk_wiz/inst/clk_out2_MB_clk_wiz_1
    BUFGCTRL_X0Y1        BUFG (Prop_bufg_I_O)         0.026    -1.181 r  MB_i/clk_wiz/inst/clkout2_buf/O
                         net (fo=596, routed)         0.642    -0.539    MB_i/uart_0/inst/clk
    SLICE_X13Y114        FDCE                                         r  MB_i/uart_0/inst/data_byte_reg[0]/C
  -------------------------------------------------------------------    -------------------
    SLICE_X13Y114        FDCE (Prop_fdce_C_Q)         0.141    -0.398 r  MB_i/uart_0/inst/data_byte_reg[0]/Q
                         net (fo=35, routed)          0.170    -0.228    MB_i/uart_0/inst/data_byte[0]
    SLICE_X13Y114        LUT5 (Prop_lut5_I4_O)        0.045    -0.183 r  MB_i/uart_0/inst/data_byte[0]_i_1/O
                         net (fo=1, routed)           0.000    -0.183    MB_i/uart_0/inst/data_byte[0]_i_1_n_0
    SLICE_X13Y114        FDCE                                         r  MB_i/uart_0/inst/data_byte_reg[0]/D
  -------------------------------------------------------------------    -------------------

                         (clock clk_out2_MB_clk_wiz_1 rise edge)
                                                      0.000     0.000 r  
    W5                                                0.000     0.000 r  sys_clock (IN)
                         net (fo=0)                   0.000     0.000    MB_i/clk_wiz/inst/clk_in1
    W5                   IBUF (Prop_ibuf_I_O)         0.414     0.414 r  MB_i/clk_wiz/inst/clkin1_ibufg/O
                         net (fo=1, routed)           0.480     0.894    MB_i/clk_wiz/inst/clk_in1_MB_clk_wiz_1
    MMCME2_ADV_X1Y0      MMCME2_ADV (Prop_mmcme2_adv_CLKIN1_CLKOUT1)
                                                     -3.142    -2.248 r  MB_i/clk_wiz/inst/mmcm_adv_inst/CLKOUT1
                         net (fo=1, routed)           0.530    -1.718    MB_i/clk_wiz/inst/clk_out2_MB_clk_wiz_1
    BUFGCTRL_X0Y1        BUFG (Prop_bufg_I_O)         0.029    -1.689 r  MB_i/clk_wiz/inst/clkout2_buf/O
                         net (fo=596, routed)         0.915    -0.774    MB_i/uart_0/inst/clk
    SLICE_X13Y114        FDCE                                         r  MB_i/uart_0/inst/data_byte_reg[0]/C
                         clock pessimism              0.235    -0.539    
    SLICE_X13Y114        FDCE (Hold_fdce_C_D)         0.092    -0.447    MB_i/uart_0/inst/data_byte_reg[0]
  -------------------------------------------------------------------
                         required time                          0.447    
                         arrival time                          -0.183    
  -------------------------------------------------------------------
                         slack                                  0.264    

Slack (MET) :             0.264ns  (arrival time - required time)
  Source:                 MB_i/uart_0/inst/hash_state_reg[0]/C
                            (rising edge-triggered cell FDCE clocked by clk_out2_MB_clk_wiz_1  {rise@0.000ns fall@5.000ns period=10.000ns})
  Destination:            MB_i/uart_0/inst/hash_state_reg[0]/D
                            (rising edge-triggered cell FDCE clocked by clk_out2_MB_clk_wiz_1  {rise@0.000ns fall@5.000ns period=10.000ns})
  Path Group:             clk_out2_MB_clk_wiz_1
  Path Type:              Hold (Min at Fast Process Corner)
  Requirement:            0.000ns  (clk_out2_MB_clk_wiz_1 rise@0.000ns - clk_out2_MB_clk_wiz_1 rise@0.000ns)
  Data Path Delay:        0.384ns  (logic 0.209ns (54.384%)  route 0.175ns (45.616%))
  Logic Levels:           1  (LUT6=1)
  Clock Path Skew:        0.000ns (DCD - SCD - CPR)
    Destination Clock Delay (DCD):    -0.774ns
    Source Clock Delay      (SCD):    -0.539ns
    Clock Pessimism Removal (CPR):    -0.235ns

    Location             Delay type                Incr(ns)  Path(ns)    Netlist Resource(s)
  -------------------------------------------------------------------    -------------------
                         (clock clk_out2_MB_clk_wiz_1 rise edge)
                                                      0.000     0.000 r  
    W5                                                0.000     0.000 r  sys_clock (IN)
                         net (fo=0)                   0.000     0.000    MB_i/clk_wiz/inst/clk_in1
    W5                   IBUF (Prop_ibuf_I_O)         0.226     0.226 r  MB_i/clk_wiz/inst/clkin1_ibufg/O
                         net (fo=1, routed)           0.440     0.667    MB_i/clk_wiz/inst/clk_in1_MB_clk_wiz_1
    MMCME2_ADV_X1Y0      MMCME2_ADV (Prop_mmcme2_adv_CLKIN1_CLKOUT1)
                                                     -2.360    -1.693 r  MB_i/clk_wiz/inst/mmcm_adv_inst/CLKOUT1
                         net (fo=1, routed)           0.486    -1.207    MB_i/clk_wiz/inst/clk_out2_MB_clk_wiz_1
    BUFGCTRL_X0Y1        BUFG (Prop_bufg_I_O)         0.026    -1.181 r  MB_i/clk_wiz/inst/clkout2_buf/O
                         net (fo=596, routed)         0.642    -0.539    MB_i/uart_0/inst/clk
    SLICE_X10Y115        FDCE                                         r  MB_i/uart_0/inst/hash_state_reg[0]/C
  -------------------------------------------------------------------    -------------------
    SLICE_X10Y115        FDCE (Prop_fdce_C_Q)         0.164    -0.375 r  MB_i/uart_0/inst/hash_state_reg[0]/Q
                         net (fo=8, routed)           0.175    -0.200    MB_i/uart_0/inst/hash_state[0]
    SLICE_X10Y115        LUT6 (Prop_lut6_I5_O)        0.045    -0.155 r  MB_i/uart_0/inst/hash_state[0]_i_1/O
                         net (fo=1, routed)           0.000    -0.155    MB_i/uart_0/inst/hash_state[0]_i_1_n_0
    SLICE_X10Y115        FDCE                                         r  MB_i/uart_0/inst/hash_state_reg[0]/D
  -------------------------------------------------------------------    -------------------

                         (clock clk_out2_MB_clk_wiz_1 rise edge)
                                                      0.000     0.000 r  
    W5                                                0.000     0.000 r  sys_clock (IN)
                         net (fo=0)                   0.000     0.000    MB_i/clk_wiz/inst/clk_in1
    W5                   IBUF (Prop_ibuf_I_O)         0.414     0.414 r  MB_i/clk_wiz/inst/clkin1_ibufg/O
                         net (fo=1, routed)           0.480     0.894    MB_i/clk_wiz/inst/clk_in1_MB_clk_wiz_1
    MMCME2_ADV_X1Y0      MMCME2_ADV (Prop_mmcme2_adv_CLKIN1_CLKOUT1)
                                                     -3.142    -2.248 r  MB_i/clk_wiz/inst/mmcm_adv_inst/CLKOUT1
                         net (fo=1, routed)           0.530    -1.718    MB_i/clk_wiz/inst/clk_out2_MB_clk_wiz_1
    BUFGCTRL_X0Y1        BUFG (Prop_bufg_I_O)         0.029    -1.689 r  MB_i/clk_wiz/inst/clkout2_buf/O
                         net (fo=596, routed)         0.915    -0.774    MB_i/uart_0/inst/clk
    SLICE_X10Y115        FDCE                                         r  MB_i/uart_0/inst/hash_state_reg[0]/C
                         clock pessimism              0.235    -0.539    
    SLICE_X10Y115        FDCE (Hold_fdce_C_D)         0.120    -0.419    MB_i/uart_0/inst/hash_state_reg[0]
  -------------------------------------------------------------------
                         required time                          0.419    
                         arrival time                          -0.155    
  -------------------------------------------------------------------
                         slack                                  0.264    

Slack (MET) :             0.269ns  (arrival time - required time)
  Source:                 MB_i/uart_0/inst/tx_bit_count_reg[0]/C
                            (rising edge-triggered cell FDCE clocked by clk_out2_MB_clk_wiz_1  {rise@0.000ns fall@5.000ns period=10.000ns})
  Destination:            MB_i/uart_0/inst/tx_bit_count_reg[2]/D
                            (rising edge-triggered cell FDCE clocked by clk_out2_MB_clk_wiz_1  {rise@0.000ns fall@5.000ns period=10.000ns})
  Path Group:             clk_out2_MB_clk_wiz_1
  Path Type:              Hold (Min at Fast Process Corner)
  Requirement:            0.000ns  (clk_out2_MB_clk_wiz_1 rise@0.000ns - clk_out2_MB_clk_wiz_1 rise@0.000ns)
  Data Path Delay:        0.376ns  (logic 0.183ns (48.712%)  route 0.193ns (51.288%))
  Logic Levels:           1  (LUT5=1)
  Clock Path Skew:        0.000ns (DCD - SCD - CPR)
    Destination Clock Delay (DCD):    -0.746ns
    Source Clock Delay      (SCD):    -0.511ns
    Clock Pessimism Removal (CPR):    -0.235ns

    Location             Delay type                Incr(ns)  Path(ns)    Netlist Resource(s)
  -------------------------------------------------------------------    -------------------
                         (clock clk_out2_MB_clk_wiz_1 rise edge)
                                                      0.000     0.000 r  
    W5                                                0.000     0.000 r  sys_clock (IN)
                         net (fo=0)                   0.000     0.000    MB_i/clk_wiz/inst/clk_in1
    W5                   IBUF (Prop_ibuf_I_O)         0.226     0.226 r  MB_i/clk_wiz/inst/clkin1_ibufg/O
                         net (fo=1, routed)           0.440     0.667    MB_i/clk_wiz/inst/clk_in1_MB_clk_wiz_1
    MMCME2_ADV_X1Y0      MMCME2_ADV (Prop_mmcme2_adv_CLKIN1_CLKOUT1)
                                                     -2.360    -1.693 r  MB_i/clk_wiz/inst/mmcm_adv_inst/CLKOUT1
                         net (fo=1, routed)           0.486    -1.207    MB_i/clk_wiz/inst/clk_out2_MB_clk_wiz_1
    BUFGCTRL_X0Y1        BUFG (Prop_bufg_I_O)         0.026    -1.181 r  MB_i/clk_wiz/inst/clkout2_buf/O
                         net (fo=596, routed)         0.670    -0.511    MB_i/uart_0/inst/clk
    SLICE_X5Y114         FDCE                                         r  MB_i/uart_0/inst/tx_bit_count_reg[0]/C
  -------------------------------------------------------------------    -------------------
    SLICE_X5Y114         FDCE (Prop_fdce_C_Q)         0.141    -0.370 r  MB_i/uart_0/inst/tx_bit_count_reg[0]/Q
                         net (fo=8, routed)           0.193    -0.177    MB_i/uart_0/inst/tx_bit_count_reg_n_0_[0]
    SLICE_X5Y114         LUT5 (Prop_lut5_I3_O)        0.042    -0.135 r  MB_i/uart_0/inst/tx_bit_count[2]_i_1/O
                         net (fo=1, routed)           0.000    -0.135    MB_i/uart_0/inst/tx_bit_count[2]_i_1_n_0
    SLICE_X5Y114         FDCE                                         r  MB_i/uart_0/inst/tx_bit_count_reg[2]/D
  -------------------------------------------------------------------    -------------------

                         (clock clk_out2_MB_clk_wiz_1 rise edge)
                                                      0.000     0.000 r  
    W5                                                0.000     0.000 r  sys_clock (IN)
                         net (fo=0)                   0.000     0.000    MB_i/clk_wiz/inst/clk_in1
    W5                   IBUF (Prop_ibuf_I_O)         0.414     0.414 r  MB_i/clk_wiz/inst/clkin1_ibufg/O
                         net (fo=1, routed)           0.480     0.894    MB_i/clk_wiz/inst/clk_in1_MB_clk_wiz_1
    MMCME2_ADV_X1Y0      MMCME2_ADV (Prop_mmcme2_adv_CLKIN1_CLKOUT1)
                                                     -3.142    -2.248 r  MB_i/clk_wiz/inst/mmcm_adv_inst/CLKOUT1
                         net (fo=1, routed)           0.530    -1.718    MB_i/clk_wiz/inst/clk_out2_MB_clk_wiz_1
    BUFGCTRL_X0Y1        BUFG (Prop_bufg_I_O)         0.029    -1.689 r  MB_i/clk_wiz/inst/clkout2_buf/O
                         net (fo=596, routed)         0.943    -0.746    MB_i/uart_0/inst/clk
    SLICE_X5Y114         FDCE                                         r  MB_i/uart_0/inst/tx_bit_count_reg[2]/C
                         clock pessimism              0.235    -0.511    
    SLICE_X5Y114         FDCE (Hold_fdce_C_D)         0.107    -0.404    MB_i/uart_0/inst/tx_bit_count_reg[2]
  -------------------------------------------------------------------
                         required time                          0.404    
                         arrival time                          -0.135    
  -------------------------------------------------------------------
                         slack                                  0.269    

Slack (MET) :             0.272ns  (arrival time - required time)
  Source:                 MB_i/uart_0/inst/tx_bit_count_reg[0]/C
                            (rising edge-triggered cell FDCE clocked by clk_out2_MB_clk_wiz_1  {rise@0.000ns fall@5.000ns period=10.000ns})
  Destination:            MB_i/uart_0/inst/tx_bit_count_reg[3]/D
                            (rising edge-triggered cell FDCE clocked by clk_out2_MB_clk_wiz_1  {rise@0.000ns fall@5.000ns period=10.000ns})
  Path Group:             clk_out2_MB_clk_wiz_1
  Path Type:              Hold (Min at Fast Process Corner)
  Requirement:            0.000ns  (clk_out2_MB_clk_wiz_1 rise@0.000ns - clk_out2_MB_clk_wiz_1 rise@0.000ns)
  Data Path Delay:        0.379ns  (logic 0.184ns (48.590%)  route 0.195ns (51.410%))
  Logic Levels:           1  (LUT5=1)
  Clock Path Skew:        0.000ns (DCD - SCD - CPR)
    Destination Clock Delay (DCD):    -0.746ns
    Source Clock Delay      (SCD):    -0.511ns
    Clock Pessimism Removal (CPR):    -0.235ns

    Location             Delay type                Incr(ns)  Path(ns)    Netlist Resource(s)
  -------------------------------------------------------------------    -------------------
                         (clock clk_out2_MB_clk_wiz_1 rise edge)
                                                      0.000     0.000 r  
    W5                                                0.000     0.000 r  sys_clock (IN)
                         net (fo=0)                   0.000     0.000    MB_i/clk_wiz/inst/clk_in1
    W5                   IBUF (Prop_ibuf_I_O)         0.226     0.226 r  MB_i/clk_wiz/inst/clkin1_ibufg/O
                         net (fo=1, routed)           0.440     0.667    MB_i/clk_wiz/inst/clk_in1_MB_clk_wiz_1
    MMCME2_ADV_X1Y0      MMCME2_ADV (Prop_mmcme2_adv_CLKIN1_CLKOUT1)
                                                     -2.360    -1.693 r  MB_i/clk_wiz/inst/mmcm_adv_inst/CLKOUT1
                         net (fo=1, routed)           0.486    -1.207    MB_i/clk_wiz/inst/clk_out2_MB_clk_wiz_1
    BUFGCTRL_X0Y1        BUFG (Prop_bufg_I_O)         0.026    -1.181 r  MB_i/clk_wiz/inst/clkout2_buf/O
                         net (fo=596, routed)         0.670    -0.511    MB_i/uart_0/inst/clk
    SLICE_X5Y114         FDCE                                         r  MB_i/uart_0/inst/tx_bit_count_reg[0]/C
  -------------------------------------------------------------------    -------------------
    SLICE_X5Y114         FDCE (Prop_fdce_C_Q)         0.141    -0.370 r  MB_i/uart_0/inst/tx_bit_count_reg[0]/Q
                         net (fo=8, routed)           0.195    -0.175    MB_i/uart_0/inst/tx_bit_count_reg_n_0_[0]
    SLICE_X5Y114         LUT5 (Prop_lut5_I3_O)        0.043    -0.132 r  MB_i/uart_0/inst/tx_bit_count[3]_i_2/O
                         net (fo=1, routed)           0.000    -0.132    MB_i/uart_0/inst/tx_bit_count[3]_i_2_n_0
    SLICE_X5Y114         FDCE                                         r  MB_i/uart_0/inst/tx_bit_count_reg[3]/D
  -------------------------------------------------------------------    -------------------

                         (clock clk_out2_MB_clk_wiz_1 rise edge)
                                                      0.000     0.000 r  
    W5                                                0.000     0.000 r  sys_clock (IN)
                         net (fo=0)                   0.000     0.000    MB_i/clk_wiz/inst/clk_in1
    W5                   IBUF (Prop_ibuf_I_O)         0.414     0.414 r  MB_i/clk_wiz/inst/clkin1_ibufg/O
                         net (fo=1, routed)           0.480     0.894    MB_i/clk_wiz/inst/clk_in1_MB_clk_wiz_1
    MMCME2_ADV_X1Y0      MMCME2_ADV (Prop_mmcme2_adv_CLKIN1_CLKOUT1)
                                                     -3.142    -2.248 r  MB_i/clk_wiz/inst/mmcm_adv_inst/CLKOUT1
                         net (fo=1, routed)           0.530    -1.718    MB_i/clk_wiz/inst/clk_out2_MB_clk_wiz_1
    BUFGCTRL_X0Y1        BUFG (Prop_bufg_I_O)         0.029    -1.689 r  MB_i/clk_wiz/inst/clkout2_buf/O
                         net (fo=596, routed)         0.943    -0.746    MB_i/uart_0/inst/clk
    SLICE_X5Y114         FDCE                                         r  MB_i/uart_0/inst/tx_bit_count_reg[3]/C
                         clock pessimism              0.235    -0.511    
    SLICE_X5Y114         FDCE (Hold_fdce_C_D)         0.107    -0.404    MB_i/uart_0/inst/tx_bit_count_reg[3]
  -------------------------------------------------------------------
                         required time                          0.404    
                         arrival time                          -0.132    
  -------------------------------------------------------------------
                         slack                                  0.272    





Pulse Width Checks
--------------------------------------------------------------------------------------
Clock Name:         clk_out2_MB_clk_wiz_1
Waveform(ns):       { 0.000 5.000 }
Period(ns):         10.000
Sources:            { MB_i/clk_wiz/inst/mmcm_adv_inst/CLKOUT1 }

Check Type        Corner  Lib Pin             Reference Pin  Required(ns)  Actual(ns)  Slack(ns)  Location         Pin
Min Period        n/a     BUFG/I              n/a            2.155         10.000      7.845      BUFGCTRL_X0Y1    MB_i/clk_wiz/inst/clkout2_buf/I
Min Period        n/a     MMCME2_ADV/CLKOUT1  n/a            1.249         10.000      8.751      MMCME2_ADV_X1Y0  MB_i/clk_wiz/inst/mmcm_adv_inst/CLKOUT1
Min Period        n/a     FDCE/C              n/a            1.000         10.000      9.000      SLICE_X4Y113     MB_i/uart_0/inst/FSM_sequential_tx_state_reg[0]/C
Min Period        n/a     FDCE/C              n/a            1.000         10.000      9.000      SLICE_X1Y111     MB_i/uart_0/inst/FSM_sequential_tx_state_reg[1]/C
Min Period        n/a     FDCE/C              n/a            1.000         10.000      9.000      SLICE_X12Y112    MB_i/uart_0/inst/bit_count_reg[0]/C
Min Period        n/a     FDCE/C              n/a            1.000         10.000      9.000      SLICE_X12Y112    MB_i/uart_0/inst/bit_count_reg[1]/C
Min Period        n/a     FDCE/C              n/a            1.000         10.000      9.000      SLICE_X12Y112    MB_i/uart_0/inst/bit_count_reg[2]/C
Min Period        n/a     FDCE/C              n/a            1.000         10.000      9.000      SLICE_X12Y112    MB_i/uart_0/inst/bit_count_reg[3]/C
Min Period        n/a     FDCE/C              n/a            1.000         10.000      9.000      SLICE_X22Y148    MB_i/uart_0/inst/byte_count_reg[0]/C
Min Period        n/a     FDCE/C              n/a            1.000         10.000      9.000      SLICE_X22Y148    MB_i/uart_0/inst/byte_count_reg[1]/C
Max Period        n/a     MMCME2_ADV/CLKOUT1  n/a            213.360       10.000      203.360    MMCME2_ADV_X1Y0  MB_i/clk_wiz/inst/mmcm_adv_inst/CLKOUT1
Low Pulse Width   Slow    FDCE/C              n/a            0.500         5.000       4.500      SLICE_X4Y113     MB_i/uart_0/inst/FSM_sequential_tx_state_reg[0]/C
Low Pulse Width   Fast    FDCE/C              n/a            0.500         5.000       4.500      SLICE_X4Y113     MB_i/uart_0/inst/FSM_sequential_tx_state_reg[0]/C
Low Pulse Width   Slow    FDCE/C              n/a            0.500         5.000       4.500      SLICE_X1Y111     MB_i/uart_0/inst/FSM_sequential_tx_state_reg[1]/C
Low Pulse Width   Fast    FDCE/C              n/a            0.500         5.000       4.500      SLICE_X1Y111     MB_i/uart_0/inst/FSM_sequential_tx_state_reg[1]/C
Low Pulse Width   Slow    FDCE/C              n/a            0.500         5.000       4.500      SLICE_X12Y112    MB_i/uart_0/inst/bit_count_reg[0]/C
Low Pulse Width   Fast    FDCE/C              n/a            0.500         5.000       4.500      SLICE_X12Y112    MB_i/uart_0/inst/bit_count_reg[0]/C
Low Pulse Width   Slow    FDCE/C              n/a            0.500         5.000       4.500      SLICE_X12Y112    MB_i/uart_0/inst/bit_count_reg[1]/C
Low Pulse Width   Fast    FDCE/C              n/a            0.500         5.000       4.500      SLICE_X12Y112    MB_i/uart_0/inst/bit_count_reg[1]/C
Low Pulse Width   Slow    FDCE/C              n/a            0.500         5.000       4.500      SLICE_X12Y112    MB_i/uart_0/inst/bit_count_reg[2]/C
Low Pulse Width   Fast    FDCE/C              n/a            0.500         5.000       4.500      SLICE_X12Y112    MB_i/uart_0/inst/bit_count_reg[2]/C
High Pulse Width  Slow    FDCE/C              n/a            0.500         5.000       4.500      SLICE_X4Y113     MB_i/uart_0/inst/FSM_sequential_tx_state_reg[0]/C
High Pulse Width  Fast    FDCE/C              n/a            0.500         5.000       4.500      SLICE_X4Y113     MB_i/uart_0/inst/FSM_sequential_tx_state_reg[0]/C
High Pulse Width  Slow    FDCE/C              n/a            0.500         5.000       4.500      SLICE_X1Y111     MB_i/uart_0/inst/FSM_sequential_tx_state_reg[1]/C
High Pulse Width  Fast    FDCE/C              n/a            0.500         5.000       4.500      SLICE_X1Y111     MB_i/uart_0/inst/FSM_sequential_tx_state_reg[1]/C
High Pulse Width  Slow    FDCE/C              n/a            0.500         5.000       4.500      SLICE_X12Y112    MB_i/uart_0/inst/bit_count_reg[0]/C
High Pulse Width  Fast    FDCE/C              n/a            0.500         5.000       4.500      SLICE_X12Y112    MB_i/uart_0/inst/bit_count_reg[0]/C
High Pulse Width  Slow    FDCE/C              n/a            0.500         5.000       4.500      SLICE_X12Y112    MB_i/uart_0/inst/bit_count_reg[1]/C
High Pulse Width  Fast    FDCE/C              n/a            0.500         5.000       4.500      SLICE_X12Y112    MB_i/uart_0/inst/bit_count_reg[1]/C
High Pulse Width  Slow    FDCE/C              n/a            0.500         5.000       4.500      SLICE_X12Y112    MB_i/uart_0/inst/bit_count_reg[2]/C
High Pulse Width  Fast    FDCE/C              n/a            0.500         5.000       4.500      SLICE_X12Y112    MB_i/uart_0/inst/bit_count_reg[2]/C



---------------------------------------------------------------------------------------------------
From Clock:  clkfbout_MB_clk_wiz_1
  To Clock:  clkfbout_MB_clk_wiz_1

Setup :           NA  Failing Endpoints,  Worst Slack           NA  ,  Total Violation           NA
Hold  :           NA  Failing Endpoints,  Worst Slack           NA  ,  Total Violation           NA
PW    :            0  Failing Endpoints,  Worst Slack        7.845ns,  Total Violation        0.000ns
---------------------------------------------------------------------------------------------------


Pulse Width Checks
--------------------------------------------------------------------------------------
Clock Name:         clkfbout_MB_clk_wiz_1
Waveform(ns):       { 0.000 5.000 }
Period(ns):         10.000
Sources:            { MB_i/clk_wiz/inst/mmcm_adv_inst/CLKFBOUT }

Check Type  Corner  Lib Pin              Reference Pin  Required(ns)  Actual(ns)  Slack(ns)  Location         Pin
Min Period  n/a     BUFG/I               n/a            2.155         10.000      7.845      BUFGCTRL_X0Y2    MB_i/clk_wiz/inst/clkf_buf/I
Min Period  n/a     MMCME2_ADV/CLKFBOUT  n/a            1.249         10.000      8.751      MMCME2_ADV_X1Y0  MB_i/clk_wiz/inst/mmcm_adv_inst/CLKFBOUT
Min Period  n/a     MMCME2_ADV/CLKFBIN   n/a            1.249         10.000      8.751      MMCME2_ADV_X1Y0  MB_i/clk_wiz/inst/mmcm_adv_inst/CLKFBIN
Max Period  n/a     MMCME2_ADV/CLKFBIN   n/a            100.000       10.000      90.000     MMCME2_ADV_X1Y0  MB_i/clk_wiz/inst/mmcm_adv_inst/CLKFBIN
Max Period  n/a     MMCME2_ADV/CLKFBOUT  n/a            213.360       10.000      203.360    MMCME2_ADV_X1Y0  MB_i/clk_wiz/inst/mmcm_adv_inst/CLKFBOUT



---------------------------------------------------------------------------------------------------
From Clock:  clk_out2_MB_clk_wiz_1
  To Clock:  clk_out1_MB_clk_wiz_1

Setup :            0  Failing Endpoints,  Worst Slack        2.146ns,  Total Violation        0.000ns
Hold  :            0  Failing Endpoints,  Worst Slack        0.100ns,  Total Violation        0.000ns
---------------------------------------------------------------------------------------------------


Max Delay Paths
--------------------------------------------------------------------------------------
Slack (MET) :             2.146ns  (required time - arrival time)
  Source:                 MB_i/uart_0/inst/hash_state_reg[1]/C
                            (rising edge-triggered cell FDCE clocked by clk_out2_MB_clk_wiz_1  {rise@0.000ns fall@5.000ns period=10.000ns})
  Destination:            MB_i/sha256_0/inst/W_reg[13][23]/S
                            (rising edge-triggered cell FDSE clocked by clk_out1_MB_clk_wiz_1  {rise@0.000ns fall@10.000ns period=20.000ns})
  Path Group:             clk_out1_MB_clk_wiz_1
  Path Type:              Setup (Max at Slow Process Corner)
  Requirement:            10.000ns  (clk_out1_MB_clk_wiz_1 rise@20.000ns - clk_out2_MB_clk_wiz_1 rise@10.000ns)
  Data Path Delay:        6.811ns  (logic 0.795ns (11.672%)  route 6.016ns (88.328%))
  Logic Levels:           2  (LUT3=1 LUT5=1)
  Clock Path Skew:        -0.208ns (DCD - SCD + CPR)
    Destination Clock Delay (DCD):    -1.383ns = ( 18.617 - 20.000 ) 
    Source Clock Delay      (SCD):    -0.778ns = ( 9.222 - 10.000 ) 
    Clock Pessimism Removal (CPR):    0.398ns
  Clock Uncertainty:      0.204ns  ((TSJ^2 + DJ^2)^1/2) / 2 + PE
    Total System Jitter     (TSJ):    0.071ns
    Discrete Jitter          (DJ):    0.152ns
    Phase Error              (PE):    0.120ns

    Location             Delay type                Incr(ns)  Path(ns)    Netlist Resource(s)
  -------------------------------------------------------------------    -------------------
                         (clock clk_out2_MB_clk_wiz_1 rise edge)
                                                     10.000    10.000 r  
    W5                                                0.000    10.000 r  sys_clock (IN)
                         net (fo=0)                   0.000    10.000    MB_i/clk_wiz/inst/clk_in1
    W5                   IBUF (Prop_ibuf_I_O)         1.458    11.458 r  MB_i/clk_wiz/inst/clkin1_ibufg/O
                         net (fo=1, routed)           1.233    12.691    MB_i/clk_wiz/inst/clk_in1_MB_clk_wiz_1
    MMCME2_ADV_X1Y0      MMCME2_ADV (Prop_mmcme2_adv_CLKIN1_CLKOUT1)
                                                     -6.961     5.731 r  MB_i/clk_wiz/inst/mmcm_adv_inst/CLKOUT1
                         net (fo=1, routed)           1.661     7.392    MB_i/clk_wiz/inst/clk_out2_MB_clk_wiz_1
    BUFGCTRL_X0Y1        BUFG (Prop_bufg_I_O)         0.096     7.488 r  MB_i/clk_wiz/inst/clkout2_buf/O
                         net (fo=596, routed)         1.734     9.222    MB_i/uart_0/inst/clk
    SLICE_X10Y115        FDCE                                         r  MB_i/uart_0/inst/hash_state_reg[1]/C
  -------------------------------------------------------------------    -------------------
    SLICE_X10Y115        FDCE (Prop_fdce_C_Q)         0.518     9.740 f  MB_i/uart_0/inst/hash_state_reg[1]/Q
                         net (fo=8, routed)           1.094    10.834    MB_i/sha256_0/inst/hash_size[1]
    SLICE_X7Y116         LUT5 (Prop_lut5_I1_O)        0.124    10.958 r  MB_i/sha256_0/inst/W[1][31]_i_2/O
                         net (fo=544, routed)         4.014    14.972    MB_i/sha256_0/inst/W[1][31]_i_2_n_0
    SLICE_X45Y143        LUT3 (Prop_lut3_I2_O)        0.153    15.125 r  MB_i/sha256_0/inst/W[1][23]_i_1/O
                         net (fo=16, routed)          0.908    16.034    MB_i/sha256_0/inst/W[1][23]_i_1_n_0
    SLICE_X48Y144        FDSE                                         r  MB_i/sha256_0/inst/W_reg[13][23]/S
  -------------------------------------------------------------------    -------------------

                         (clock clk_out1_MB_clk_wiz_1 rise edge)
                                                     20.000    20.000 r  
    W5                                                0.000    20.000 r  sys_clock (IN)
                         net (fo=0)                   0.000    20.000    MB_i/clk_wiz/inst/clk_in1
    W5                   IBUF (Prop_ibuf_I_O)         1.388    21.388 r  MB_i/clk_wiz/inst/clkin1_ibufg/O
                         net (fo=1, routed)           1.162    22.550    MB_i/clk_wiz/inst/clk_in1_MB_clk_wiz_1
    MMCME2_ADV_X1Y0      MMCME2_ADV (Prop_mmcme2_adv_CLKIN1_CLKOUT0)
                                                     -7.217    15.332 r  MB_i/clk_wiz/inst/mmcm_adv_inst/CLKOUT0
                         net (fo=1, routed)           1.581    16.914    MB_i/clk_wiz/inst/clk_out1_MB_clk_wiz_1
    BUFGCTRL_X0Y0        BUFG (Prop_bufg_I_O)         0.091    17.005 r  MB_i/clk_wiz/inst/clkout1_buf/O
                         net (fo=2868, routed)        1.612    18.617    MB_i/sha256_0/inst/clk
    SLICE_X48Y144        FDSE                                         r  MB_i/sha256_0/inst/W_reg[13][23]/C
                         clock pessimism              0.398    19.015    
                         clock uncertainty           -0.204    18.811    
    SLICE_X48Y144        FDSE (Setup_fdse_C_S)       -0.632    18.179    MB_i/sha256_0/inst/W_reg[13][23]
  -------------------------------------------------------------------
                         required time                         18.179    
                         arrival time                         -16.034    
  -------------------------------------------------------------------
                         slack                                  2.146    

Slack (MET) :             2.146ns  (required time - arrival time)
  Source:                 MB_i/uart_0/inst/hash_state_reg[1]/C
                            (rising edge-triggered cell FDCE clocked by clk_out2_MB_clk_wiz_1  {rise@0.000ns fall@5.000ns period=10.000ns})
  Destination:            MB_i/sha256_0/inst/W_reg[15][23]/S
                            (rising edge-triggered cell FDSE clocked by clk_out1_MB_clk_wiz_1  {rise@0.000ns fall@10.000ns period=20.000ns})
  Path Group:             clk_out1_MB_clk_wiz_1
  Path Type:              Setup (Max at Slow Process Corner)
  Requirement:            10.000ns  (clk_out1_MB_clk_wiz_1 rise@20.000ns - clk_out2_MB_clk_wiz_1 rise@10.000ns)
  Data Path Delay:        6.811ns  (logic 0.795ns (11.672%)  route 6.016ns (88.328%))
  Logic Levels:           2  (LUT3=1 LUT5=1)
  Clock Path Skew:        -0.208ns (DCD - SCD + CPR)
    Destination Clock Delay (DCD):    -1.383ns = ( 18.617 - 20.000 ) 
    Source Clock Delay      (SCD):    -0.778ns = ( 9.222 - 10.000 ) 
    Clock Pessimism Removal (CPR):    0.398ns
  Clock Uncertainty:      0.204ns  ((TSJ^2 + DJ^2)^1/2) / 2 + PE
    Total System Jitter     (TSJ):    0.071ns
    Discrete Jitter          (DJ):    0.152ns
    Phase Error              (PE):    0.120ns

    Location             Delay type                Incr(ns)  Path(ns)    Netlist Resource(s)
  -------------------------------------------------------------------    -------------------
                         (clock clk_out2_MB_clk_wiz_1 rise edge)
                                                     10.000    10.000 r  
    W5                                                0.000    10.000 r  sys_clock (IN)
                         net (fo=0)                   0.000    10.000    MB_i/clk_wiz/inst/clk_in1
    W5                   IBUF (Prop_ibuf_I_O)         1.458    11.458 r  MB_i/clk_wiz/inst/clkin1_ibufg/O
                         net (fo=1, routed)           1.233    12.691    MB_i/clk_wiz/inst/clk_in1_MB_clk_wiz_1
    MMCME2_ADV_X1Y0      MMCME2_ADV (Prop_mmcme2_adv_CLKIN1_CLKOUT1)
                                                     -6.961     5.731 r  MB_i/clk_wiz/inst/mmcm_adv_inst/CLKOUT1
                         net (fo=1, routed)           1.661     7.392    MB_i/clk_wiz/inst/clk_out2_MB_clk_wiz_1
    BUFGCTRL_X0Y1        BUFG (Prop_bufg_I_O)         0.096     7.488 r  MB_i/clk_wiz/inst/clkout2_buf/O
                         net (fo=596, routed)         1.734     9.222    MB_i/uart_0/inst/clk
    SLICE_X10Y115        FDCE                                         r  MB_i/uart_0/inst/hash_state_reg[1]/C
  -------------------------------------------------------------------    -------------------
    SLICE_X10Y115        FDCE (Prop_fdce_C_Q)         0.518     9.740 f  MB_i/uart_0/inst/hash_state_reg[1]/Q
                         net (fo=8, routed)           1.094    10.834    MB_i/sha256_0/inst/hash_size[1]
    SLICE_X7Y116         LUT5 (Prop_lut5_I1_O)        0.124    10.958 r  MB_i/sha256_0/inst/W[1][31]_i_2/O
                         net (fo=544, routed)         4.014    14.972    MB_i/sha256_0/inst/W[1][31]_i_2_n_0
    SLICE_X45Y143        LUT3 (Prop_lut3_I2_O)        0.153    15.125 r  MB_i/sha256_0/inst/W[1][23]_i_1/O
                         net (fo=16, routed)          0.908    16.034    MB_i/sha256_0/inst/W[1][23]_i_1_n_0
    SLICE_X48Y144        FDSE                                         r  MB_i/sha256_0/inst/W_reg[15][23]/S
  -------------------------------------------------------------------    -------------------

                         (clock clk_out1_MB_clk_wiz_1 rise edge)
                                                     20.000    20.000 r  
    W5                                                0.000    20.000 r  sys_clock (IN)
                         net (fo=0)                   0.000    20.000    MB_i/clk_wiz/inst/clk_in1
    W5                   IBUF (Prop_ibuf_I_O)         1.388    21.388 r  MB_i/clk_wiz/inst/clkin1_ibufg/O
                         net (fo=1, routed)           1.162    22.550    MB_i/clk_wiz/inst/clk_in1_MB_clk_wiz_1
    MMCME2_ADV_X1Y0      MMCME2_ADV (Prop_mmcme2_adv_CLKIN1_CLKOUT0)
                                                     -7.217    15.332 r  MB_i/clk_wiz/inst/mmcm_adv_inst/CLKOUT0
                         net (fo=1, routed)           1.581    16.914    MB_i/clk_wiz/inst/clk_out1_MB_clk_wiz_1
    BUFGCTRL_X0Y0        BUFG (Prop_bufg_I_O)         0.091    17.005 r  MB_i/clk_wiz/inst/clkout1_buf/O
                         net (fo=2868, routed)        1.612    18.617    MB_i/sha256_0/inst/clk
    SLICE_X48Y144        FDSE                                         r  MB_i/sha256_0/inst/W_reg[15][23]/C
                         clock pessimism              0.398    19.015    
                         clock uncertainty           -0.204    18.811    
    SLICE_X48Y144        FDSE (Setup_fdse_C_S)       -0.632    18.179    MB_i/sha256_0/inst/W_reg[15][23]
  -------------------------------------------------------------------
                         required time                         18.179    
                         arrival time                         -16.034    
  -------------------------------------------------------------------
                         slack                                  2.146    

Slack (MET) :             2.146ns  (required time - arrival time)
  Source:                 MB_i/uart_0/inst/hash_state_reg[1]/C
                            (rising edge-triggered cell FDCE clocked by clk_out2_MB_clk_wiz_1  {rise@0.000ns fall@5.000ns period=10.000ns})
  Destination:            MB_i/sha256_0/inst/W_reg[1][23]/S
                            (rising edge-triggered cell FDSE clocked by clk_out1_MB_clk_wiz_1  {rise@0.000ns fall@10.000ns period=20.000ns})
  Path Group:             clk_out1_MB_clk_wiz_1
  Path Type:              Setup (Max at Slow Process Corner)
  Requirement:            10.000ns  (clk_out1_MB_clk_wiz_1 rise@20.000ns - clk_out2_MB_clk_wiz_1 rise@10.000ns)
  Data Path Delay:        6.811ns  (logic 0.795ns (11.672%)  route 6.016ns (88.328%))
  Logic Levels:           2  (LUT3=1 LUT5=1)
  Clock Path Skew:        -0.208ns (DCD - SCD + CPR)
    Destination Clock Delay (DCD):    -1.383ns = ( 18.617 - 20.000 ) 
    Source Clock Delay      (SCD):    -0.778ns = ( 9.222 - 10.000 ) 
    Clock Pessimism Removal (CPR):    0.398ns
  Clock Uncertainty:      0.204ns  ((TSJ^2 + DJ^2)^1/2) / 2 + PE
    Total System Jitter     (TSJ):    0.071ns
    Discrete Jitter          (DJ):    0.152ns
    Phase Error              (PE):    0.120ns

    Location             Delay type                Incr(ns)  Path(ns)    Netlist Resource(s)
  -------------------------------------------------------------------    -------------------
                         (clock clk_out2_MB_clk_wiz_1 rise edge)
                                                     10.000    10.000 r  
    W5                                                0.000    10.000 r  sys_clock (IN)
                         net (fo=0)                   0.000    10.000    MB_i/clk_wiz/inst/clk_in1
    W5                   IBUF (Prop_ibuf_I_O)         1.458    11.458 r  MB_i/clk_wiz/inst/clkin1_ibufg/O
                         net (fo=1, routed)           1.233    12.691    MB_i/clk_wiz/inst/clk_in1_MB_clk_wiz_1
    MMCME2_ADV_X1Y0      MMCME2_ADV (Prop_mmcme2_adv_CLKIN1_CLKOUT1)
                                                     -6.961     5.731 r  MB_i/clk_wiz/inst/mmcm_adv_inst/CLKOUT1
                         net (fo=1, routed)           1.661     7.392    MB_i/clk_wiz/inst/clk_out2_MB_clk_wiz_1
    BUFGCTRL_X0Y1        BUFG (Prop_bufg_I_O)         0.096     7.488 r  MB_i/clk_wiz/inst/clkout2_buf/O
                         net (fo=596, routed)         1.734     9.222    MB_i/uart_0/inst/clk
    SLICE_X10Y115        FDCE                                         r  MB_i/uart_0/inst/hash_state_reg[1]/C
  -------------------------------------------------------------------    -------------------
    SLICE_X10Y115        FDCE (Prop_fdce_C_Q)         0.518     9.740 f  MB_i/uart_0/inst/hash_state_reg[1]/Q
                         net (fo=8, routed)           1.094    10.834    MB_i/sha256_0/inst/hash_size[1]
    SLICE_X7Y116         LUT5 (Prop_lut5_I1_O)        0.124    10.958 r  MB_i/sha256_0/inst/W[1][31]_i_2/O
                         net (fo=544, routed)         4.014    14.972    MB_i/sha256_0/inst/W[1][31]_i_2_n_0
    SLICE_X45Y143        LUT3 (Prop_lut3_I2_O)        0.153    15.125 r  MB_i/sha256_0/inst/W[1][23]_i_1/O
                         net (fo=16, routed)          0.908    16.034    MB_i/sha256_0/inst/W[1][23]_i_1_n_0
    SLICE_X48Y144        FDSE                                         r  MB_i/sha256_0/inst/W_reg[1][23]/S
  -------------------------------------------------------------------    -------------------

                         (clock clk_out1_MB_clk_wiz_1 rise edge)
                                                     20.000    20.000 r  
    W5                                                0.000    20.000 r  sys_clock (IN)
                         net (fo=0)                   0.000    20.000    MB_i/clk_wiz/inst/clk_in1
    W5                   IBUF (Prop_ibuf_I_O)         1.388    21.388 r  MB_i/clk_wiz/inst/clkin1_ibufg/O
                         net (fo=1, routed)           1.162    22.550    MB_i/clk_wiz/inst/clk_in1_MB_clk_wiz_1
    MMCME2_ADV_X1Y0      MMCME2_ADV (Prop_mmcme2_adv_CLKIN1_CLKOUT0)
                                                     -7.217    15.332 r  MB_i/clk_wiz/inst/mmcm_adv_inst/CLKOUT0
                         net (fo=1, routed)           1.581    16.914    MB_i/clk_wiz/inst/clk_out1_MB_clk_wiz_1
    BUFGCTRL_X0Y0        BUFG (Prop_bufg_I_O)         0.091    17.005 r  MB_i/clk_wiz/inst/clkout1_buf/O
                         net (fo=2868, routed)        1.612    18.617    MB_i/sha256_0/inst/clk
    SLICE_X48Y144        FDSE                                         r  MB_i/sha256_0/inst/W_reg[1][23]/C
                         clock pessimism              0.398    19.015    
                         clock uncertainty           -0.204    18.811    
    SLICE_X48Y144        FDSE (Setup_fdse_C_S)       -0.632    18.179    MB_i/sha256_0/inst/W_reg[1][23]
  -------------------------------------------------------------------
                         required time                         18.179    
                         arrival time                         -16.034    
  -------------------------------------------------------------------
                         slack                                  2.146    

Slack (MET) :             2.146ns  (required time - arrival time)
  Source:                 MB_i/uart_0/inst/hash_state_reg[1]/C
                            (rising edge-triggered cell FDCE clocked by clk_out2_MB_clk_wiz_1  {rise@0.000ns fall@5.000ns period=10.000ns})
  Destination:            MB_i/sha256_0/inst/W_reg[2][23]/S
                            (rising edge-triggered cell FDSE clocked by clk_out1_MB_clk_wiz_1  {rise@0.000ns fall@10.000ns period=20.000ns})
  Path Group:             clk_out1_MB_clk_wiz_1
  Path Type:              Setup (Max at Slow Process Corner)
  Requirement:            10.000ns  (clk_out1_MB_clk_wiz_1 rise@20.000ns - clk_out2_MB_clk_wiz_1 rise@10.000ns)
  Data Path Delay:        6.811ns  (logic 0.795ns (11.672%)  route 6.016ns (88.328%))
  Logic Levels:           2  (LUT3=1 LUT5=1)
  Clock Path Skew:        -0.208ns (DCD - SCD + CPR)
    Destination Clock Delay (DCD):    -1.383ns = ( 18.617 - 20.000 ) 
    Source Clock Delay      (SCD):    -0.778ns = ( 9.222 - 10.000 ) 
    Clock Pessimism Removal (CPR):    0.398ns
  Clock Uncertainty:      0.204ns  ((TSJ^2 + DJ^2)^1/2) / 2 + PE
    Total System Jitter     (TSJ):    0.071ns
    Discrete Jitter          (DJ):    0.152ns
    Phase Error              (PE):    0.120ns

    Location             Delay type                Incr(ns)  Path(ns)    Netlist Resource(s)
  -------------------------------------------------------------------    -------------------
                         (clock clk_out2_MB_clk_wiz_1 rise edge)
                                                     10.000    10.000 r  
    W5                                                0.000    10.000 r  sys_clock (IN)
                         net (fo=0)                   0.000    10.000    MB_i/clk_wiz/inst/clk_in1
    W5                   IBUF (Prop_ibuf_I_O)         1.458    11.458 r  MB_i/clk_wiz/inst/clkin1_ibufg/O
                         net (fo=1, routed)           1.233    12.691    MB_i/clk_wiz/inst/clk_in1_MB_clk_wiz_1
    MMCME2_ADV_X1Y0      MMCME2_ADV (Prop_mmcme2_adv_CLKIN1_CLKOUT1)
                                                     -6.961     5.731 r  MB_i/clk_wiz/inst/mmcm_adv_inst/CLKOUT1
                         net (fo=1, routed)           1.661     7.392    MB_i/clk_wiz/inst/clk_out2_MB_clk_wiz_1
    BUFGCTRL_X0Y1        BUFG (Prop_bufg_I_O)         0.096     7.488 r  MB_i/clk_wiz/inst/clkout2_buf/O
                         net (fo=596, routed)         1.734     9.222    MB_i/uart_0/inst/clk
    SLICE_X10Y115        FDCE                                         r  MB_i/uart_0/inst/hash_state_reg[1]/C
  -------------------------------------------------------------------    -------------------
    SLICE_X10Y115        FDCE (Prop_fdce_C_Q)         0.518     9.740 f  MB_i/uart_0/inst/hash_state_reg[1]/Q
                         net (fo=8, routed)           1.094    10.834    MB_i/sha256_0/inst/hash_size[1]
    SLICE_X7Y116         LUT5 (Prop_lut5_I1_O)        0.124    10.958 r  MB_i/sha256_0/inst/W[1][31]_i_2/O
                         net (fo=544, routed)         4.014    14.972    MB_i/sha256_0/inst/W[1][31]_i_2_n_0
    SLICE_X45Y143        LUT3 (Prop_lut3_I2_O)        0.153    15.125 r  MB_i/sha256_0/inst/W[1][23]_i_1/O
                         net (fo=16, routed)          0.908    16.034    MB_i/sha256_0/inst/W[1][23]_i_1_n_0
    SLICE_X48Y144        FDSE                                         r  MB_i/sha256_0/inst/W_reg[2][23]/S
  -------------------------------------------------------------------    -------------------

                         (clock clk_out1_MB_clk_wiz_1 rise edge)
                                                     20.000    20.000 r  
    W5                                                0.000    20.000 r  sys_clock (IN)
                         net (fo=0)                   0.000    20.000    MB_i/clk_wiz/inst/clk_in1
    W5                   IBUF (Prop_ibuf_I_O)         1.388    21.388 r  MB_i/clk_wiz/inst/clkin1_ibufg/O
                         net (fo=1, routed)           1.162    22.550    MB_i/clk_wiz/inst/clk_in1_MB_clk_wiz_1
    MMCME2_ADV_X1Y0      MMCME2_ADV (Prop_mmcme2_adv_CLKIN1_CLKOUT0)
                                                     -7.217    15.332 r  MB_i/clk_wiz/inst/mmcm_adv_inst/CLKOUT0
                         net (fo=1, routed)           1.581    16.914    MB_i/clk_wiz/inst/clk_out1_MB_clk_wiz_1
    BUFGCTRL_X0Y0        BUFG (Prop_bufg_I_O)         0.091    17.005 r  MB_i/clk_wiz/inst/clkout1_buf/O
                         net (fo=2868, routed)        1.612    18.617    MB_i/sha256_0/inst/clk
    SLICE_X48Y144        FDSE                                         r  MB_i/sha256_0/inst/W_reg[2][23]/C
                         clock pessimism              0.398    19.015    
                         clock uncertainty           -0.204    18.811    
    SLICE_X48Y144        FDSE (Setup_fdse_C_S)       -0.632    18.179    MB_i/sha256_0/inst/W_reg[2][23]
  -------------------------------------------------------------------
                         required time                         18.179    
                         arrival time                         -16.034    
  -------------------------------------------------------------------
                         slack                                  2.146    

Slack (MET) :             2.146ns  (required time - arrival time)
  Source:                 MB_i/uart_0/inst/hash_state_reg[1]/C
                            (rising edge-triggered cell FDCE clocked by clk_out2_MB_clk_wiz_1  {rise@0.000ns fall@5.000ns period=10.000ns})
  Destination:            MB_i/sha256_0/inst/W_reg[5][23]/S
                            (rising edge-triggered cell FDSE clocked by clk_out1_MB_clk_wiz_1  {rise@0.000ns fall@10.000ns period=20.000ns})
  Path Group:             clk_out1_MB_clk_wiz_1
  Path Type:              Setup (Max at Slow Process Corner)
  Requirement:            10.000ns  (clk_out1_MB_clk_wiz_1 rise@20.000ns - clk_out2_MB_clk_wiz_1 rise@10.000ns)
  Data Path Delay:        6.811ns  (logic 0.795ns (11.672%)  route 6.016ns (88.328%))
  Logic Levels:           2  (LUT3=1 LUT5=1)
  Clock Path Skew:        -0.208ns (DCD - SCD + CPR)
    Destination Clock Delay (DCD):    -1.383ns = ( 18.617 - 20.000 ) 
    Source Clock Delay      (SCD):    -0.778ns = ( 9.222 - 10.000 ) 
    Clock Pessimism Removal (CPR):    0.398ns
  Clock Uncertainty:      0.204ns  ((TSJ^2 + DJ^2)^1/2) / 2 + PE
    Total System Jitter     (TSJ):    0.071ns
    Discrete Jitter          (DJ):    0.152ns
    Phase Error              (PE):    0.120ns

    Location             Delay type                Incr(ns)  Path(ns)    Netlist Resource(s)
  -------------------------------------------------------------------    -------------------
                         (clock clk_out2_MB_clk_wiz_1 rise edge)
                                                     10.000    10.000 r  
    W5                                                0.000    10.000 r  sys_clock (IN)
                         net (fo=0)                   0.000    10.000    MB_i/clk_wiz/inst/clk_in1
    W5                   IBUF (Prop_ibuf_I_O)         1.458    11.458 r  MB_i/clk_wiz/inst/clkin1_ibufg/O
                         net (fo=1, routed)           1.233    12.691    MB_i/clk_wiz/inst/clk_in1_MB_clk_wiz_1
    MMCME2_ADV_X1Y0      MMCME2_ADV (Prop_mmcme2_adv_CLKIN1_CLKOUT1)
                                                     -6.961     5.731 r  MB_i/clk_wiz/inst/mmcm_adv_inst/CLKOUT1
                         net (fo=1, routed)           1.661     7.392    MB_i/clk_wiz/inst/clk_out2_MB_clk_wiz_1
    BUFGCTRL_X0Y1        BUFG (Prop_bufg_I_O)         0.096     7.488 r  MB_i/clk_wiz/inst/clkout2_buf/O
                         net (fo=596, routed)         1.734     9.222    MB_i/uart_0/inst/clk
    SLICE_X10Y115        FDCE                                         r  MB_i/uart_0/inst/hash_state_reg[1]/C
  -------------------------------------------------------------------    -------------------
    SLICE_X10Y115        FDCE (Prop_fdce_C_Q)         0.518     9.740 f  MB_i/uart_0/inst/hash_state_reg[1]/Q
                         net (fo=8, routed)           1.094    10.834    MB_i/sha256_0/inst/hash_size[1]
    SLICE_X7Y116         LUT5 (Prop_lut5_I1_O)        0.124    10.958 r  MB_i/sha256_0/inst/W[1][31]_i_2/O
                         net (fo=544, routed)         4.014    14.972    MB_i/sha256_0/inst/W[1][31]_i_2_n_0
    SLICE_X45Y143        LUT3 (Prop_lut3_I2_O)        0.153    15.125 r  MB_i/sha256_0/inst/W[1][23]_i_1/O
                         net (fo=16, routed)          0.908    16.034    MB_i/sha256_0/inst/W[1][23]_i_1_n_0
    SLICE_X48Y144        FDSE                                         r  MB_i/sha256_0/inst/W_reg[5][23]/S
  -------------------------------------------------------------------    -------------------

                         (clock clk_out1_MB_clk_wiz_1 rise edge)
                                                     20.000    20.000 r  
    W5                                                0.000    20.000 r  sys_clock (IN)
                         net (fo=0)                   0.000    20.000    MB_i/clk_wiz/inst/clk_in1
    W5                   IBUF (Prop_ibuf_I_O)         1.388    21.388 r  MB_i/clk_wiz/inst/clkin1_ibufg/O
                         net (fo=1, routed)           1.162    22.550    MB_i/clk_wiz/inst/clk_in1_MB_clk_wiz_1
    MMCME2_ADV_X1Y0      MMCME2_ADV (Prop_mmcme2_adv_CLKIN1_CLKOUT0)
                                                     -7.217    15.332 r  MB_i/clk_wiz/inst/mmcm_adv_inst/CLKOUT0
                         net (fo=1, routed)           1.581    16.914    MB_i/clk_wiz/inst/clk_out1_MB_clk_wiz_1
    BUFGCTRL_X0Y0        BUFG (Prop_bufg_I_O)         0.091    17.005 r  MB_i/clk_wiz/inst/clkout1_buf/O
                         net (fo=2868, routed)        1.612    18.617    MB_i/sha256_0/inst/clk
    SLICE_X48Y144        FDSE                                         r  MB_i/sha256_0/inst/W_reg[5][23]/C
                         clock pessimism              0.398    19.015    
                         clock uncertainty           -0.204    18.811    
    SLICE_X48Y144        FDSE (Setup_fdse_C_S)       -0.632    18.179    MB_i/sha256_0/inst/W_reg[5][23]
  -------------------------------------------------------------------
                         required time                         18.179    
                         arrival time                         -16.034    
  -------------------------------------------------------------------
                         slack                                  2.146    

Slack (MET) :             2.146ns  (required time - arrival time)
  Source:                 MB_i/uart_0/inst/hash_state_reg[1]/C
                            (rising edge-triggered cell FDCE clocked by clk_out2_MB_clk_wiz_1  {rise@0.000ns fall@5.000ns period=10.000ns})
  Destination:            MB_i/sha256_0/inst/W_reg[7][23]/S
                            (rising edge-triggered cell FDSE clocked by clk_out1_MB_clk_wiz_1  {rise@0.000ns fall@10.000ns period=20.000ns})
  Path Group:             clk_out1_MB_clk_wiz_1
  Path Type:              Setup (Max at Slow Process Corner)
  Requirement:            10.000ns  (clk_out1_MB_clk_wiz_1 rise@20.000ns - clk_out2_MB_clk_wiz_1 rise@10.000ns)
  Data Path Delay:        6.811ns  (logic 0.795ns (11.672%)  route 6.016ns (88.328%))
  Logic Levels:           2  (LUT3=1 LUT5=1)
  Clock Path Skew:        -0.208ns (DCD - SCD + CPR)
    Destination Clock Delay (DCD):    -1.383ns = ( 18.617 - 20.000 ) 
    Source Clock Delay      (SCD):    -0.778ns = ( 9.222 - 10.000 ) 
    Clock Pessimism Removal (CPR):    0.398ns
  Clock Uncertainty:      0.204ns  ((TSJ^2 + DJ^2)^1/2) / 2 + PE
    Total System Jitter     (TSJ):    0.071ns
    Discrete Jitter          (DJ):    0.152ns
    Phase Error              (PE):    0.120ns

    Location             Delay type                Incr(ns)  Path(ns)    Netlist Resource(s)
  -------------------------------------------------------------------    -------------------
                         (clock clk_out2_MB_clk_wiz_1 rise edge)
                                                     10.000    10.000 r  
    W5                                                0.000    10.000 r  sys_clock (IN)
                         net (fo=0)                   0.000    10.000    MB_i/clk_wiz/inst/clk_in1
    W5                   IBUF (Prop_ibuf_I_O)         1.458    11.458 r  MB_i/clk_wiz/inst/clkin1_ibufg/O
                         net (fo=1, routed)           1.233    12.691    MB_i/clk_wiz/inst/clk_in1_MB_clk_wiz_1
    MMCME2_ADV_X1Y0      MMCME2_ADV (Prop_mmcme2_adv_CLKIN1_CLKOUT1)
                                                     -6.961     5.731 r  MB_i/clk_wiz/inst/mmcm_adv_inst/CLKOUT1
                         net (fo=1, routed)           1.661     7.392    MB_i/clk_wiz/inst/clk_out2_MB_clk_wiz_1
    BUFGCTRL_X0Y1        BUFG (Prop_bufg_I_O)         0.096     7.488 r  MB_i/clk_wiz/inst/clkout2_buf/O
                         net (fo=596, routed)         1.734     9.222    MB_i/uart_0/inst/clk
    SLICE_X10Y115        FDCE                                         r  MB_i/uart_0/inst/hash_state_reg[1]/C
  -------------------------------------------------------------------    -------------------
    SLICE_X10Y115        FDCE (Prop_fdce_C_Q)         0.518     9.740 f  MB_i/uart_0/inst/hash_state_reg[1]/Q
                         net (fo=8, routed)           1.094    10.834    MB_i/sha256_0/inst/hash_size[1]
    SLICE_X7Y116         LUT5 (Prop_lut5_I1_O)        0.124    10.958 r  MB_i/sha256_0/inst/W[1][31]_i_2/O
                         net (fo=544, routed)         4.014    14.972    MB_i/sha256_0/inst/W[1][31]_i_2_n_0
    SLICE_X45Y143        LUT3 (Prop_lut3_I2_O)        0.153    15.125 r  MB_i/sha256_0/inst/W[1][23]_i_1/O
                         net (fo=16, routed)          0.908    16.034    MB_i/sha256_0/inst/W[1][23]_i_1_n_0
    SLICE_X48Y144        FDSE                                         r  MB_i/sha256_0/inst/W_reg[7][23]/S
  -------------------------------------------------------------------    -------------------

                         (clock clk_out1_MB_clk_wiz_1 rise edge)
                                                     20.000    20.000 r  
    W5                                                0.000    20.000 r  sys_clock (IN)
                         net (fo=0)                   0.000    20.000    MB_i/clk_wiz/inst/clk_in1
    W5                   IBUF (Prop_ibuf_I_O)         1.388    21.388 r  MB_i/clk_wiz/inst/clkin1_ibufg/O
                         net (fo=1, routed)           1.162    22.550    MB_i/clk_wiz/inst/clk_in1_MB_clk_wiz_1
    MMCME2_ADV_X1Y0      MMCME2_ADV (Prop_mmcme2_adv_CLKIN1_CLKOUT0)
                                                     -7.217    15.332 r  MB_i/clk_wiz/inst/mmcm_adv_inst/CLKOUT0
                         net (fo=1, routed)           1.581    16.914    MB_i/clk_wiz/inst/clk_out1_MB_clk_wiz_1
    BUFGCTRL_X0Y0        BUFG (Prop_bufg_I_O)         0.091    17.005 r  MB_i/clk_wiz/inst/clkout1_buf/O
                         net (fo=2868, routed)        1.612    18.617    MB_i/sha256_0/inst/clk
    SLICE_X48Y144        FDSE                                         r  MB_i/sha256_0/inst/W_reg[7][23]/C
                         clock pessimism              0.398    19.015    
                         clock uncertainty           -0.204    18.811    
    SLICE_X48Y144        FDSE (Setup_fdse_C_S)       -0.632    18.179    MB_i/sha256_0/inst/W_reg[7][23]
  -------------------------------------------------------------------
                         required time                         18.179    
                         arrival time                         -16.034    
  -------------------------------------------------------------------
                         slack                                  2.146    

Slack (MET) :             2.150ns  (required time - arrival time)
  Source:                 MB_i/uart_0/inst/hash_state_reg[1]/C
                            (rising edge-triggered cell FDCE clocked by clk_out2_MB_clk_wiz_1  {rise@0.000ns fall@5.000ns period=10.000ns})
  Destination:            MB_i/sha256_0/inst/W_reg[0][23]/S
                            (rising edge-triggered cell FDSE clocked by clk_out1_MB_clk_wiz_1  {rise@0.000ns fall@10.000ns period=20.000ns})
  Path Group:             clk_out1_MB_clk_wiz_1
  Path Type:              Setup (Max at Slow Process Corner)
  Requirement:            10.000ns  (clk_out1_MB_clk_wiz_1 rise@20.000ns - clk_out2_MB_clk_wiz_1 rise@10.000ns)
  Data Path Delay:        6.807ns  (logic 0.795ns (11.679%)  route 6.012ns (88.321%))
  Logic Levels:           2  (LUT3=1 LUT5=1)
  Clock Path Skew:        -0.208ns (DCD - SCD + CPR)
    Destination Clock Delay (DCD):    -1.383ns = ( 18.617 - 20.000 ) 
    Source Clock Delay      (SCD):    -0.778ns = ( 9.222 - 10.000 ) 
    Clock Pessimism Removal (CPR):    0.398ns
  Clock Uncertainty:      0.204ns  ((TSJ^2 + DJ^2)^1/2) / 2 + PE
    Total System Jitter     (TSJ):    0.071ns
    Discrete Jitter          (DJ):    0.152ns
    Phase Error              (PE):    0.120ns

    Location             Delay type                Incr(ns)  Path(ns)    Netlist Resource(s)
  -------------------------------------------------------------------    -------------------
                         (clock clk_out2_MB_clk_wiz_1 rise edge)
                                                     10.000    10.000 r  
    W5                                                0.000    10.000 r  sys_clock (IN)
                         net (fo=0)                   0.000    10.000    MB_i/clk_wiz/inst/clk_in1
    W5                   IBUF (Prop_ibuf_I_O)         1.458    11.458 r  MB_i/clk_wiz/inst/clkin1_ibufg/O
                         net (fo=1, routed)           1.233    12.691    MB_i/clk_wiz/inst/clk_in1_MB_clk_wiz_1
    MMCME2_ADV_X1Y0      MMCME2_ADV (Prop_mmcme2_adv_CLKIN1_CLKOUT1)
                                                     -6.961     5.731 r  MB_i/clk_wiz/inst/mmcm_adv_inst/CLKOUT1
                         net (fo=1, routed)           1.661     7.392    MB_i/clk_wiz/inst/clk_out2_MB_clk_wiz_1
    BUFGCTRL_X0Y1        BUFG (Prop_bufg_I_O)         0.096     7.488 r  MB_i/clk_wiz/inst/clkout2_buf/O
                         net (fo=596, routed)         1.734     9.222    MB_i/uart_0/inst/clk
    SLICE_X10Y115        FDCE                                         r  MB_i/uart_0/inst/hash_state_reg[1]/C
  -------------------------------------------------------------------    -------------------
    SLICE_X10Y115        FDCE (Prop_fdce_C_Q)         0.518     9.740 f  MB_i/uart_0/inst/hash_state_reg[1]/Q
                         net (fo=8, routed)           1.094    10.834    MB_i/sha256_0/inst/hash_size[1]
    SLICE_X7Y116         LUT5 (Prop_lut5_I1_O)        0.124    10.958 r  MB_i/sha256_0/inst/W[1][31]_i_2/O
                         net (fo=544, routed)         4.014    14.972    MB_i/sha256_0/inst/W[1][31]_i_2_n_0
    SLICE_X45Y143        LUT3 (Prop_lut3_I2_O)        0.153    15.125 r  MB_i/sha256_0/inst/W[1][23]_i_1/O
                         net (fo=16, routed)          0.904    16.029    MB_i/sha256_0/inst/W[1][23]_i_1_n_0
    SLICE_X49Y144        FDSE                                         r  MB_i/sha256_0/inst/W_reg[0][23]/S
  -------------------------------------------------------------------    -------------------

                         (clock clk_out1_MB_clk_wiz_1 rise edge)
                                                     20.000    20.000 r  
    W5                                                0.000    20.000 r  sys_clock (IN)
                         net (fo=0)                   0.000    20.000    MB_i/clk_wiz/inst/clk_in1
    W5                   IBUF (Prop_ibuf_I_O)         1.388    21.388 r  MB_i/clk_wiz/inst/clkin1_ibufg/O
                         net (fo=1, routed)           1.162    22.550    MB_i/clk_wiz/inst/clk_in1_MB_clk_wiz_1
    MMCME2_ADV_X1Y0      MMCME2_ADV (Prop_mmcme2_adv_CLKIN1_CLKOUT0)
                                                     -7.217    15.332 r  MB_i/clk_wiz/inst/mmcm_adv_inst/CLKOUT0
                         net (fo=1, routed)           1.581    16.914    MB_i/clk_wiz/inst/clk_out1_MB_clk_wiz_1
    BUFGCTRL_X0Y0        BUFG (Prop_bufg_I_O)         0.091    17.005 r  MB_i/clk_wiz/inst/clkout1_buf/O
                         net (fo=2868, routed)        1.612    18.617    MB_i/sha256_0/inst/clk
    SLICE_X49Y144        FDSE                                         r  MB_i/sha256_0/inst/W_reg[0][23]/C
                         clock pessimism              0.398    19.015    
                         clock uncertainty           -0.204    18.811    
    SLICE_X49Y144        FDSE (Setup_fdse_C_S)       -0.632    18.179    MB_i/sha256_0/inst/W_reg[0][23]
  -------------------------------------------------------------------
                         required time                         18.179    
                         arrival time                         -16.029    
  -------------------------------------------------------------------
                         slack                                  2.150    

Slack (MET) :             2.150ns  (required time - arrival time)
  Source:                 MB_i/uart_0/inst/hash_state_reg[1]/C
                            (rising edge-triggered cell FDCE clocked by clk_out2_MB_clk_wiz_1  {rise@0.000ns fall@5.000ns period=10.000ns})
  Destination:            MB_i/sha256_0/inst/W_reg[10][23]/S
                            (rising edge-triggered cell FDSE clocked by clk_out1_MB_clk_wiz_1  {rise@0.000ns fall@10.000ns period=20.000ns})
  Path Group:             clk_out1_MB_clk_wiz_1
  Path Type:              Setup (Max at Slow Process Corner)
  Requirement:            10.000ns  (clk_out1_MB_clk_wiz_1 rise@20.000ns - clk_out2_MB_clk_wiz_1 rise@10.000ns)
  Data Path Delay:        6.807ns  (logic 0.795ns (11.679%)  route 6.012ns (88.321%))
  Logic Levels:           2  (LUT3=1 LUT5=1)
  Clock Path Skew:        -0.208ns (DCD - SCD + CPR)
    Destination Clock Delay (DCD):    -1.383ns = ( 18.617 - 20.000 ) 
    Source Clock Delay      (SCD):    -0.778ns = ( 9.222 - 10.000 ) 
    Clock Pessimism Removal (CPR):    0.398ns
  Clock Uncertainty:      0.204ns  ((TSJ^2 + DJ^2)^1/2) / 2 + PE
    Total System Jitter     (TSJ):    0.071ns
    Discrete Jitter          (DJ):    0.152ns
    Phase Error              (PE):    0.120ns

    Location             Delay type                Incr(ns)  Path(ns)    Netlist Resource(s)
  -------------------------------------------------------------------    -------------------
                         (clock clk_out2_MB_clk_wiz_1 rise edge)
                                                     10.000    10.000 r  
    W5                                                0.000    10.000 r  sys_clock (IN)
                         net (fo=0)                   0.000    10.000    MB_i/clk_wiz/inst/clk_in1
    W5                   IBUF (Prop_ibuf_I_O)         1.458    11.458 r  MB_i/clk_wiz/inst/clkin1_ibufg/O
                         net (fo=1, routed)           1.233    12.691    MB_i/clk_wiz/inst/clk_in1_MB_clk_wiz_1
    MMCME2_ADV_X1Y0      MMCME2_ADV (Prop_mmcme2_adv_CLKIN1_CLKOUT1)
                                                     -6.961     5.731 r  MB_i/clk_wiz/inst/mmcm_adv_inst/CLKOUT1
                         net (fo=1, routed)           1.661     7.392    MB_i/clk_wiz/inst/clk_out2_MB_clk_wiz_1
    BUFGCTRL_X0Y1        BUFG (Prop_bufg_I_O)         0.096     7.488 r  MB_i/clk_wiz/inst/clkout2_buf/O
                         net (fo=596, routed)         1.734     9.222    MB_i/uart_0/inst/clk
    SLICE_X10Y115        FDCE                                         r  MB_i/uart_0/inst/hash_state_reg[1]/C
  -------------------------------------------------------------------    -------------------
    SLICE_X10Y115        FDCE (Prop_fdce_C_Q)         0.518     9.740 f  MB_i/uart_0/inst/hash_state_reg[1]/Q
                         net (fo=8, routed)           1.094    10.834    MB_i/sha256_0/inst/hash_size[1]
    SLICE_X7Y116         LUT5 (Prop_lut5_I1_O)        0.124    10.958 r  MB_i/sha256_0/inst/W[1][31]_i_2/O
                         net (fo=544, routed)         4.014    14.972    MB_i/sha256_0/inst/W[1][31]_i_2_n_0
    SLICE_X45Y143        LUT3 (Prop_lut3_I2_O)        0.153    15.125 r  MB_i/sha256_0/inst/W[1][23]_i_1/O
                         net (fo=16, routed)          0.904    16.029    MB_i/sha256_0/inst/W[1][23]_i_1_n_0
    SLICE_X49Y144        FDSE                                         r  MB_i/sha256_0/inst/W_reg[10][23]/S
  -------------------------------------------------------------------    -------------------

                         (clock clk_out1_MB_clk_wiz_1 rise edge)
                                                     20.000    20.000 r  
    W5                                                0.000    20.000 r  sys_clock (IN)
                         net (fo=0)                   0.000    20.000    MB_i/clk_wiz/inst/clk_in1
    W5                   IBUF (Prop_ibuf_I_O)         1.388    21.388 r  MB_i/clk_wiz/inst/clkin1_ibufg/O
                         net (fo=1, routed)           1.162    22.550    MB_i/clk_wiz/inst/clk_in1_MB_clk_wiz_1
    MMCME2_ADV_X1Y0      MMCME2_ADV (Prop_mmcme2_adv_CLKIN1_CLKOUT0)
                                                     -7.217    15.332 r  MB_i/clk_wiz/inst/mmcm_adv_inst/CLKOUT0
                         net (fo=1, routed)           1.581    16.914    MB_i/clk_wiz/inst/clk_out1_MB_clk_wiz_1
    BUFGCTRL_X0Y0        BUFG (Prop_bufg_I_O)         0.091    17.005 r  MB_i/clk_wiz/inst/clkout1_buf/O
                         net (fo=2868, routed)        1.612    18.617    MB_i/sha256_0/inst/clk
    SLICE_X49Y144        FDSE                                         r  MB_i/sha256_0/inst/W_reg[10][23]/C
                         clock pessimism              0.398    19.015    
                         clock uncertainty           -0.204    18.811    
    SLICE_X49Y144        FDSE (Setup_fdse_C_S)       -0.632    18.179    MB_i/sha256_0/inst/W_reg[10][23]
  -------------------------------------------------------------------
                         required time                         18.179    
                         arrival time                         -16.029    
  -------------------------------------------------------------------
                         slack                                  2.150    

Slack (MET) :             2.150ns  (required time - arrival time)
  Source:                 MB_i/uart_0/inst/hash_state_reg[1]/C
                            (rising edge-triggered cell FDCE clocked by clk_out2_MB_clk_wiz_1  {rise@0.000ns fall@5.000ns period=10.000ns})
  Destination:            MB_i/sha256_0/inst/W_reg[11][23]/S
                            (rising edge-triggered cell FDSE clocked by clk_out1_MB_clk_wiz_1  {rise@0.000ns fall@10.000ns period=20.000ns})
  Path Group:             clk_out1_MB_clk_wiz_1
  Path Type:              Setup (Max at Slow Process Corner)
  Requirement:            10.000ns  (clk_out1_MB_clk_wiz_1 rise@20.000ns - clk_out2_MB_clk_wiz_1 rise@10.000ns)
  Data Path Delay:        6.807ns  (logic 0.795ns (11.679%)  route 6.012ns (88.321%))
  Logic Levels:           2  (LUT3=1 LUT5=1)
  Clock Path Skew:        -0.208ns (DCD - SCD + CPR)
    Destination Clock Delay (DCD):    -1.383ns = ( 18.617 - 20.000 ) 
    Source Clock Delay      (SCD):    -0.778ns = ( 9.222 - 10.000 ) 
    Clock Pessimism Removal (CPR):    0.398ns
  Clock Uncertainty:      0.204ns  ((TSJ^2 + DJ^2)^1/2) / 2 + PE
    Total System Jitter     (TSJ):    0.071ns
    Discrete Jitter          (DJ):    0.152ns
    Phase Error              (PE):    0.120ns

    Location             Delay type                Incr(ns)  Path(ns)    Netlist Resource(s)
  -------------------------------------------------------------------    -------------------
                         (clock clk_out2_MB_clk_wiz_1 rise edge)
                                                     10.000    10.000 r  
    W5                                                0.000    10.000 r  sys_clock (IN)
                         net (fo=0)                   0.000    10.000    MB_i/clk_wiz/inst/clk_in1
    W5                   IBUF (Prop_ibuf_I_O)         1.458    11.458 r  MB_i/clk_wiz/inst/clkin1_ibufg/O
                         net (fo=1, routed)           1.233    12.691    MB_i/clk_wiz/inst/clk_in1_MB_clk_wiz_1
    MMCME2_ADV_X1Y0      MMCME2_ADV (Prop_mmcme2_adv_CLKIN1_CLKOUT1)
                                                     -6.961     5.731 r  MB_i/clk_wiz/inst/mmcm_adv_inst/CLKOUT1
                         net (fo=1, routed)           1.661     7.392    MB_i/clk_wiz/inst/clk_out2_MB_clk_wiz_1
    BUFGCTRL_X0Y1        BUFG (Prop_bufg_I_O)         0.096     7.488 r  MB_i/clk_wiz/inst/clkout2_buf/O
                         net (fo=596, routed)         1.734     9.222    MB_i/uart_0/inst/clk
    SLICE_X10Y115        FDCE                                         r  MB_i/uart_0/inst/hash_state_reg[1]/C
  -------------------------------------------------------------------    -------------------
    SLICE_X10Y115        FDCE (Prop_fdce_C_Q)         0.518     9.740 f  MB_i/uart_0/inst/hash_state_reg[1]/Q
                         net (fo=8, routed)           1.094    10.834    MB_i/sha256_0/inst/hash_size[1]
    SLICE_X7Y116         LUT5 (Prop_lut5_I1_O)        0.124    10.958 r  MB_i/sha256_0/inst/W[1][31]_i_2/O
                         net (fo=544, routed)         4.014    14.972    MB_i/sha256_0/inst/W[1][31]_i_2_n_0
    SLICE_X45Y143        LUT3 (Prop_lut3_I2_O)        0.153    15.125 r  MB_i/sha256_0/inst/W[1][23]_i_1/O
                         net (fo=16, routed)          0.904    16.029    MB_i/sha256_0/inst/W[1][23]_i_1_n_0
    SLICE_X49Y144        FDSE                                         r  MB_i/sha256_0/inst/W_reg[11][23]/S
  -------------------------------------------------------------------    -------------------

                         (clock clk_out1_MB_clk_wiz_1 rise edge)
                                                     20.000    20.000 r  
    W5                                                0.000    20.000 r  sys_clock (IN)
                         net (fo=0)                   0.000    20.000    MB_i/clk_wiz/inst/clk_in1
    W5                   IBUF (Prop_ibuf_I_O)         1.388    21.388 r  MB_i/clk_wiz/inst/clkin1_ibufg/O
                         net (fo=1, routed)           1.162    22.550    MB_i/clk_wiz/inst/clk_in1_MB_clk_wiz_1
    MMCME2_ADV_X1Y0      MMCME2_ADV (Prop_mmcme2_adv_CLKIN1_CLKOUT0)
                                                     -7.217    15.332 r  MB_i/clk_wiz/inst/mmcm_adv_inst/CLKOUT0
                         net (fo=1, routed)           1.581    16.914    MB_i/clk_wiz/inst/clk_out1_MB_clk_wiz_1
    BUFGCTRL_X0Y0        BUFG (Prop_bufg_I_O)         0.091    17.005 r  MB_i/clk_wiz/inst/clkout1_buf/O
                         net (fo=2868, routed)        1.612    18.617    MB_i/sha256_0/inst/clk
    SLICE_X49Y144        FDSE                                         r  MB_i/sha256_0/inst/W_reg[11][23]/C
                         clock pessimism              0.398    19.015    
                         clock uncertainty           -0.204    18.811    
    SLICE_X49Y144        FDSE (Setup_fdse_C_S)       -0.632    18.179    MB_i/sha256_0/inst/W_reg[11][23]
  -------------------------------------------------------------------
                         required time                         18.179    
                         arrival time                         -16.029    
  -------------------------------------------------------------------
                         slack                                  2.150    

Slack (MET) :             2.150ns  (required time - arrival time)
  Source:                 MB_i/uart_0/inst/hash_state_reg[1]/C
                            (rising edge-triggered cell FDCE clocked by clk_out2_MB_clk_wiz_1  {rise@0.000ns fall@5.000ns period=10.000ns})
  Destination:            MB_i/sha256_0/inst/W_reg[12][23]/S
                            (rising edge-triggered cell FDSE clocked by clk_out1_MB_clk_wiz_1  {rise@0.000ns fall@10.000ns period=20.000ns})
  Path Group:             clk_out1_MB_clk_wiz_1
  Path Type:              Setup (Max at Slow Process Corner)
  Requirement:            10.000ns  (clk_out1_MB_clk_wiz_1 rise@20.000ns - clk_out2_MB_clk_wiz_1 rise@10.000ns)
  Data Path Delay:        6.807ns  (logic 0.795ns (11.679%)  route 6.012ns (88.321%))
  Logic Levels:           2  (LUT3=1 LUT5=1)
  Clock Path Skew:        -0.208ns (DCD - SCD + CPR)
    Destination Clock Delay (DCD):    -1.383ns = ( 18.617 - 20.000 ) 
    Source Clock Delay      (SCD):    -0.778ns = ( 9.222 - 10.000 ) 
    Clock Pessimism Removal (CPR):    0.398ns
  Clock Uncertainty:      0.204ns  ((TSJ^2 + DJ^2)^1/2) / 2 + PE
    Total System Jitter     (TSJ):    0.071ns
    Discrete Jitter          (DJ):    0.152ns
    Phase Error              (PE):    0.120ns

    Location             Delay type                Incr(ns)  Path(ns)    Netlist Resource(s)
  -------------------------------------------------------------------    -------------------
                         (clock clk_out2_MB_clk_wiz_1 rise edge)
                                                     10.000    10.000 r  
    W5                                                0.000    10.000 r  sys_clock (IN)
                         net (fo=0)                   0.000    10.000    MB_i/clk_wiz/inst/clk_in1
    W5                   IBUF (Prop_ibuf_I_O)         1.458    11.458 r  MB_i/clk_wiz/inst/clkin1_ibufg/O
                         net (fo=1, routed)           1.233    12.691    MB_i/clk_wiz/inst/clk_in1_MB_clk_wiz_1
    MMCME2_ADV_X1Y0      MMCME2_ADV (Prop_mmcme2_adv_CLKIN1_CLKOUT1)
                                                     -6.961     5.731 r  MB_i/clk_wiz/inst/mmcm_adv_inst/CLKOUT1
                         net (fo=1, routed)           1.661     7.392    MB_i/clk_wiz/inst/clk_out2_MB_clk_wiz_1
    BUFGCTRL_X0Y1        BUFG (Prop_bufg_I_O)         0.096     7.488 r  MB_i/clk_wiz/inst/clkout2_buf/O
                         net (fo=596, routed)         1.734     9.222    MB_i/uart_0/inst/clk
    SLICE_X10Y115        FDCE                                         r  MB_i/uart_0/inst/hash_state_reg[1]/C
  -------------------------------------------------------------------    -------------------
    SLICE_X10Y115        FDCE (Prop_fdce_C_Q)         0.518     9.740 f  MB_i/uart_0/inst/hash_state_reg[1]/Q
                         net (fo=8, routed)           1.094    10.834    MB_i/sha256_0/inst/hash_size[1]
    SLICE_X7Y116         LUT5 (Prop_lut5_I1_O)        0.124    10.958 r  MB_i/sha256_0/inst/W[1][31]_i_2/O
                         net (fo=544, routed)         4.014    14.972    MB_i/sha256_0/inst/W[1][31]_i_2_n_0
    SLICE_X45Y143        LUT3 (Prop_lut3_I2_O)        0.153    15.125 r  MB_i/sha256_0/inst/W[1][23]_i_1/O
                         net (fo=16, routed)          0.904    16.029    MB_i/sha256_0/inst/W[1][23]_i_1_n_0
    SLICE_X49Y144        FDSE                                         r  MB_i/sha256_0/inst/W_reg[12][23]/S
  -------------------------------------------------------------------    -------------------

                         (clock clk_out1_MB_clk_wiz_1 rise edge)
                                                     20.000    20.000 r  
    W5                                                0.000    20.000 r  sys_clock (IN)
                         net (fo=0)                   0.000    20.000    MB_i/clk_wiz/inst/clk_in1
    W5                   IBUF (Prop_ibuf_I_O)         1.388    21.388 r  MB_i/clk_wiz/inst/clkin1_ibufg/O
                         net (fo=1, routed)           1.162    22.550    MB_i/clk_wiz/inst/clk_in1_MB_clk_wiz_1
    MMCME2_ADV_X1Y0      MMCME2_ADV (Prop_mmcme2_adv_CLKIN1_CLKOUT0)
                                                     -7.217    15.332 r  MB_i/clk_wiz/inst/mmcm_adv_inst/CLKOUT0
                         net (fo=1, routed)           1.581    16.914    MB_i/clk_wiz/inst/clk_out1_MB_clk_wiz_1
    BUFGCTRL_X0Y0        BUFG (Prop_bufg_I_O)         0.091    17.005 r  MB_i/clk_wiz/inst/clkout1_buf/O
                         net (fo=2868, routed)        1.612    18.617    MB_i/sha256_0/inst/clk
    SLICE_X49Y144        FDSE                                         r  MB_i/sha256_0/inst/W_reg[12][23]/C
                         clock pessimism              0.398    19.015    
                         clock uncertainty           -0.204    18.811    
    SLICE_X49Y144        FDSE (Setup_fdse_C_S)       -0.632    18.179    MB_i/sha256_0/inst/W_reg[12][23]
  -------------------------------------------------------------------
                         required time                         18.179    
                         arrival time                         -16.029    
  -------------------------------------------------------------------
                         slack                                  2.150    





Min Delay Paths
--------------------------------------------------------------------------------------
Slack (MET) :             0.100ns  (arrival time - required time)
  Source:                 MB_i/uart_0/inst/hash_state_reg[1]/C
                            (rising edge-triggered cell FDCE clocked by clk_out2_MB_clk_wiz_1  {rise@0.000ns fall@5.000ns period=10.000ns})
  Destination:            MB_i/sha256_0/inst/hash_started_reg/D
                            (rising edge-triggered cell FDCE clocked by clk_out1_MB_clk_wiz_1  {rise@0.000ns fall@10.000ns period=20.000ns})
  Path Group:             clk_out1_MB_clk_wiz_1
  Path Type:              Hold (Min at Fast Process Corner)
  Requirement:            0.000ns  (clk_out1_MB_clk_wiz_1 rise@0.000ns - clk_out2_MB_clk_wiz_1 rise@0.000ns)
  Data Path Delay:        0.741ns  (logic 0.209ns (28.207%)  route 0.532ns (71.793%))
  Logic Levels:           1  (LUT5=1)
  Clock Path Skew:        0.346ns (DCD - SCD - CPR)
    Destination Clock Delay (DCD):    -0.748ns
    Source Clock Delay      (SCD):    -0.539ns
    Clock Pessimism Removal (CPR):    -0.555ns
  Clock Uncertainty:      0.204ns  ((TSJ^2 + DJ^2)^1/2) / 2 + PE
    Total System Jitter     (TSJ):    0.071ns
    Discrete Jitter          (DJ):    0.152ns
    Phase Error              (PE):    0.120ns

    Location             Delay type                Incr(ns)  Path(ns)    Netlist Resource(s)
  -------------------------------------------------------------------    -------------------
                         (clock clk_out2_MB_clk_wiz_1 rise edge)
                                                      0.000     0.000 r  
    W5                                                0.000     0.000 r  sys_clock (IN)
                         net (fo=0)                   0.000     0.000    MB_i/clk_wiz/inst/clk_in1
    W5                   IBUF (Prop_ibuf_I_O)         0.226     0.226 r  MB_i/clk_wiz/inst/clkin1_ibufg/O
                         net (fo=1, routed)           0.440     0.667    MB_i/clk_wiz/inst/clk_in1_MB_clk_wiz_1
    MMCME2_ADV_X1Y0      MMCME2_ADV (Prop_mmcme2_adv_CLKIN1_CLKOUT1)
                                                     -2.360    -1.693 r  MB_i/clk_wiz/inst/mmcm_adv_inst/CLKOUT1
                         net (fo=1, routed)           0.486    -1.207    MB_i/clk_wiz/inst/clk_out2_MB_clk_wiz_1
    BUFGCTRL_X0Y1        BUFG (Prop_bufg_I_O)         0.026    -1.181 r  MB_i/clk_wiz/inst/clkout2_buf/O
                         net (fo=596, routed)         0.642    -0.539    MB_i/uart_0/inst/clk
    SLICE_X10Y115        FDCE                                         r  MB_i/uart_0/inst/hash_state_reg[1]/C
  -------------------------------------------------------------------    -------------------
    SLICE_X10Y115        FDCE (Prop_fdce_C_Q)         0.164    -0.375 r  MB_i/uart_0/inst/hash_state_reg[1]/Q
                         net (fo=8, routed)           0.532     0.157    MB_i/sha256_0/inst/hash_size[1]
    SLICE_X5Y116         LUT5 (Prop_lut5_I2_O)        0.045     0.202 r  MB_i/sha256_0/inst/hash_started_i_1/O
                         net (fo=1, routed)           0.000     0.202    MB_i/sha256_0/inst/hash_started_i_1_n_0
    SLICE_X5Y116         FDCE                                         r  MB_i/sha256_0/inst/hash_started_reg/D
  -------------------------------------------------------------------    -------------------

                         (clock clk_out1_MB_clk_wiz_1 rise edge)
                                                      0.000     0.000 r  
    W5                                                0.000     0.000 r  sys_clock (IN)
                         net (fo=0)                   0.000     0.000    MB_i/clk_wiz/inst/clk_in1
    W5                   IBUF (Prop_ibuf_I_O)         0.414     0.414 r  MB_i/clk_wiz/inst/clkin1_ibufg/O
                         net (fo=1, routed)           0.480     0.894    MB_i/clk_wiz/inst/clk_in1_MB_clk_wiz_1
    MMCME2_ADV_X1Y0      MMCME2_ADV (Prop_mmcme2_adv_CLKIN1_CLKOUT0)
                                                     -3.142    -2.248 r  MB_i/clk_wiz/inst/mmcm_adv_inst/CLKOUT0
                         net (fo=1, routed)           0.530    -1.718    MB_i/clk_wiz/inst/clk_out1_MB_clk_wiz_1
    BUFGCTRL_X0Y0        BUFG (Prop_bufg_I_O)         0.029    -1.689 r  MB_i/clk_wiz/inst/clkout1_buf/O
                         net (fo=2868, routed)        0.941    -0.748    MB_i/sha256_0/inst/clk
    SLICE_X5Y116         FDCE                                         r  MB_i/sha256_0/inst/hash_started_reg/C
                         clock pessimism              0.555    -0.193    
                         clock uncertainty            0.204     0.010    
    SLICE_X5Y116         FDCE (Hold_fdce_C_D)         0.092     0.102    MB_i/sha256_0/inst/hash_started_reg
  -------------------------------------------------------------------
                         required time                         -0.102    
                         arrival time                           0.202    
  -------------------------------------------------------------------
                         slack                                  0.100    

Slack (MET) :             0.137ns  (arrival time - required time)
  Source:                 MB_i/uart_0/inst/message_block_reg[47]/C
                            (rising edge-triggered cell FDCE clocked by clk_out2_MB_clk_wiz_1  {rise@0.000ns fall@5.000ns period=10.000ns})
  Destination:            MB_i/sha256_0/inst/W_reg[14][15]/D
                            (rising edge-triggered cell FDSE clocked by clk_out1_MB_clk_wiz_1  {rise@0.000ns fall@10.000ns period=20.000ns})
  Path Group:             clk_out1_MB_clk_wiz_1
  Path Type:              Hold (Min at Fast Process Corner)
  Requirement:            0.000ns  (clk_out1_MB_clk_wiz_1 rise@0.000ns - clk_out2_MB_clk_wiz_1 rise@0.000ns)
  Data Path Delay:        0.723ns  (logic 0.141ns (19.491%)  route 0.582ns (80.509%))
  Logic Levels:           0  
  Clock Path Skew:        0.322ns (DCD - SCD - CPR)
    Destination Clock Delay (DCD):    -0.779ns
    Source Clock Delay      (SCD):    -0.546ns
    Clock Pessimism Removal (CPR):    -0.555ns
  Clock Uncertainty:      0.204ns  ((TSJ^2 + DJ^2)^1/2) / 2 + PE
    Total System Jitter     (TSJ):    0.071ns
    Discrete Jitter          (DJ):    0.152ns
    Phase Error              (PE):    0.120ns

    Location             Delay type                Incr(ns)  Path(ns)    Netlist Resource(s)
  -------------------------------------------------------------------    -------------------
                         (clock clk_out2_MB_clk_wiz_1 rise edge)
                                                      0.000     0.000 r  
    W5                                                0.000     0.000 r  sys_clock (IN)
                         net (fo=0)                   0.000     0.000    MB_i/clk_wiz/inst/clk_in1
    W5                   IBUF (Prop_ibuf_I_O)         0.226     0.226 r  MB_i/clk_wiz/inst/clkin1_ibufg/O
                         net (fo=1, routed)           0.440     0.667    MB_i/clk_wiz/inst/clk_in1_MB_clk_wiz_1
    MMCME2_ADV_X1Y0      MMCME2_ADV (Prop_mmcme2_adv_CLKIN1_CLKOUT1)
                                                     -2.360    -1.693 r  MB_i/clk_wiz/inst/mmcm_adv_inst/CLKOUT1
                         net (fo=1, routed)           0.486    -1.207    MB_i/clk_wiz/inst/clk_out2_MB_clk_wiz_1
    BUFGCTRL_X0Y1        BUFG (Prop_bufg_I_O)         0.026    -1.181 r  MB_i/clk_wiz/inst/clkout2_buf/O
                         net (fo=596, routed)         0.635    -0.546    MB_i/uart_0/inst/clk
    SLICE_X26Y129        FDCE                                         r  MB_i/uart_0/inst/message_block_reg[47]/C
  -------------------------------------------------------------------    -------------------
    SLICE_X26Y129        FDCE (Prop_fdce_C_Q)         0.141    -0.405 r  MB_i/uart_0/inst/message_block_reg[47]/Q
                         net (fo=1, routed)           0.582     0.178    MB_i/sha256_0/inst/message_block[47]
    SLICE_X18Y131        FDSE                                         r  MB_i/sha256_0/inst/W_reg[14][15]/D
  -------------------------------------------------------------------    -------------------

                         (clock clk_out1_MB_clk_wiz_1 rise edge)
                                                      0.000     0.000 r  
    W5                                                0.000     0.000 r  sys_clock (IN)
                         net (fo=0)                   0.000     0.000    MB_i/clk_wiz/inst/clk_in1
    W5                   IBUF (Prop_ibuf_I_O)         0.414     0.414 r  MB_i/clk_wiz/inst/clkin1_ibufg/O
                         net (fo=1, routed)           0.480     0.894    MB_i/clk_wiz/inst/clk_in1_MB_clk_wiz_1
    MMCME2_ADV_X1Y0      MMCME2_ADV (Prop_mmcme2_adv_CLKIN1_CLKOUT0)
                                                     -3.142    -2.248 r  MB_i/clk_wiz/inst/mmcm_adv_inst/CLKOUT0
                         net (fo=1, routed)           0.530    -1.718    MB_i/clk_wiz/inst/clk_out1_MB_clk_wiz_1
    BUFGCTRL_X0Y0        BUFG (Prop_bufg_I_O)         0.029    -1.689 r  MB_i/clk_wiz/inst/clkout1_buf/O
                         net (fo=2868, routed)        0.910    -0.779    MB_i/sha256_0/inst/clk
    SLICE_X18Y131        FDSE                                         r  MB_i/sha256_0/inst/W_reg[14][15]/C
                         clock pessimism              0.555    -0.224    
                         clock uncertainty            0.204    -0.021    
    SLICE_X18Y131        FDSE (Hold_fdse_C_D)         0.061     0.040    MB_i/sha256_0/inst/W_reg[14][15]
  -------------------------------------------------------------------
                         required time                         -0.040    
                         arrival time                           0.178    
  -------------------------------------------------------------------
                         slack                                  0.137    

Slack (MET) :             0.138ns  (arrival time - required time)
  Source:                 MB_i/uart_0/inst/message_block_reg[43]/C
                            (rising edge-triggered cell FDCE clocked by clk_out2_MB_clk_wiz_1  {rise@0.000ns fall@5.000ns period=10.000ns})
  Destination:            MB_i/sha256_0/inst/W_reg[14][11]/D
                            (rising edge-triggered cell FDSE clocked by clk_out1_MB_clk_wiz_1  {rise@0.000ns fall@10.000ns period=20.000ns})
  Path Group:             clk_out1_MB_clk_wiz_1
  Path Type:              Hold (Min at Fast Process Corner)
  Requirement:            0.000ns  (clk_out1_MB_clk_wiz_1 rise@0.000ns - clk_out2_MB_clk_wiz_1 rise@0.000ns)
  Data Path Delay:        0.718ns  (logic 0.141ns (19.648%)  route 0.577ns (80.352%))
  Logic Levels:           0  
  Clock Path Skew:        0.315ns (DCD - SCD - CPR)
    Destination Clock Delay (DCD):    -0.787ns
    Source Clock Delay      (SCD):    -0.547ns
    Clock Pessimism Removal (CPR):    -0.555ns
  Clock Uncertainty:      0.204ns  ((TSJ^2 + DJ^2)^1/2) / 2 + PE
    Total System Jitter     (TSJ):    0.071ns
    Discrete Jitter          (DJ):    0.152ns
    Phase Error              (PE):    0.120ns

    Location             Delay type                Incr(ns)  Path(ns)    Netlist Resource(s)
  -------------------------------------------------------------------    -------------------
                         (clock clk_out2_MB_clk_wiz_1 rise edge)
                                                      0.000     0.000 r  
    W5                                                0.000     0.000 r  sys_clock (IN)
                         net (fo=0)                   0.000     0.000    MB_i/clk_wiz/inst/clk_in1
    W5                   IBUF (Prop_ibuf_I_O)         0.226     0.226 r  MB_i/clk_wiz/inst/clkin1_ibufg/O
                         net (fo=1, routed)           0.440     0.667    MB_i/clk_wiz/inst/clk_in1_MB_clk_wiz_1
    MMCME2_ADV_X1Y0      MMCME2_ADV (Prop_mmcme2_adv_CLKIN1_CLKOUT1)
                                                     -2.360    -1.693 r  MB_i/clk_wiz/inst/mmcm_adv_inst/CLKOUT1
                         net (fo=1, routed)           0.486    -1.207    MB_i/clk_wiz/inst/clk_out2_MB_clk_wiz_1
    BUFGCTRL_X0Y1        BUFG (Prop_bufg_I_O)         0.026    -1.181 r  MB_i/clk_wiz/inst/clkout2_buf/O
                         net (fo=596, routed)         0.634    -0.547    MB_i/uart_0/inst/clk
    SLICE_X26Y127        FDCE                                         r  MB_i/uart_0/inst/message_block_reg[43]/C
  -------------------------------------------------------------------    -------------------
    SLICE_X26Y127        FDCE (Prop_fdce_C_Q)         0.141    -0.406 r  MB_i/uart_0/inst/message_block_reg[43]/Q
                         net (fo=1, routed)           0.577     0.171    MB_i/sha256_0/inst/message_block[43]
    SLICE_X25Y124        FDSE                                         r  MB_i/sha256_0/inst/W_reg[14][11]/D
  -------------------------------------------------------------------    -------------------

                         (clock clk_out1_MB_clk_wiz_1 rise edge)
                                                      0.000     0.000 r  
    W5                                                0.000     0.000 r  sys_clock (IN)
                         net (fo=0)                   0.000     0.000    MB_i/clk_wiz/inst/clk_in1
    W5                   IBUF (Prop_ibuf_I_O)         0.414     0.414 r  MB_i/clk_wiz/inst/clkin1_ibufg/O
                         net (fo=1, routed)           0.480     0.894    MB_i/clk_wiz/inst/clk_in1_MB_clk_wiz_1
    MMCME2_ADV_X1Y0      MMCME2_ADV (Prop_mmcme2_adv_CLKIN1_CLKOUT0)
                                                     -3.142    -2.248 r  MB_i/clk_wiz/inst/mmcm_adv_inst/CLKOUT0
                         net (fo=1, routed)           0.530    -1.718    MB_i/clk_wiz/inst/clk_out1_MB_clk_wiz_1
    BUFGCTRL_X0Y0        BUFG (Prop_bufg_I_O)         0.029    -1.689 r  MB_i/clk_wiz/inst/clkout1_buf/O
                         net (fo=2868, routed)        0.902    -0.787    MB_i/sha256_0/inst/clk
    SLICE_X25Y124        FDSE                                         r  MB_i/sha256_0/inst/W_reg[14][11]/C
                         clock pessimism              0.555    -0.232    
                         clock uncertainty            0.204    -0.029    
    SLICE_X25Y124        FDSE (Hold_fdse_C_D)         0.061     0.032    MB_i/sha256_0/inst/W_reg[14][11]
  -------------------------------------------------------------------
                         required time                         -0.032    
                         arrival time                           0.171    
  -------------------------------------------------------------------
                         slack                                  0.138    

Slack (MET) :             0.139ns  (arrival time - required time)
  Source:                 MB_i/uart_0/inst/message_block_reg[140]/C
                            (rising edge-triggered cell FDCE clocked by clk_out2_MB_clk_wiz_1  {rise@0.000ns fall@5.000ns period=10.000ns})
  Destination:            MB_i/sha256_0/inst/W_reg[11][12]/D
                            (rising edge-triggered cell FDSE clocked by clk_out1_MB_clk_wiz_1  {rise@0.000ns fall@10.000ns period=20.000ns})
  Path Group:             clk_out1_MB_clk_wiz_1
  Path Type:              Hold (Min at Fast Process Corner)
  Requirement:            0.000ns  (clk_out1_MB_clk_wiz_1 rise@0.000ns - clk_out2_MB_clk_wiz_1 rise@0.000ns)
  Data Path Delay:        0.726ns  (logic 0.141ns (19.418%)  route 0.585ns (80.582%))
  Logic Levels:           0  
  Clock Path Skew:        0.323ns (DCD - SCD - CPR)
    Destination Clock Delay (DCD):    -0.778ns
    Source Clock Delay      (SCD):    -0.546ns
    Clock Pessimism Removal (CPR):    -0.555ns
  Clock Uncertainty:      0.204ns  ((TSJ^2 + DJ^2)^1/2) / 2 + PE
    Total System Jitter     (TSJ):    0.071ns
    Discrete Jitter          (DJ):    0.152ns
    Phase Error              (PE):    0.120ns

    Location             Delay type                Incr(ns)  Path(ns)    Netlist Resource(s)
  -------------------------------------------------------------------    -------------------
                         (clock clk_out2_MB_clk_wiz_1 rise edge)
                                                      0.000     0.000 r  
    W5                                                0.000     0.000 r  sys_clock (IN)
                         net (fo=0)                   0.000     0.000    MB_i/clk_wiz/inst/clk_in1
    W5                   IBUF (Prop_ibuf_I_O)         0.226     0.226 r  MB_i/clk_wiz/inst/clkin1_ibufg/O
                         net (fo=1, routed)           0.440     0.667    MB_i/clk_wiz/inst/clk_in1_MB_clk_wiz_1
    MMCME2_ADV_X1Y0      MMCME2_ADV (Prop_mmcme2_adv_CLKIN1_CLKOUT1)
                                                     -2.360    -1.693 r  MB_i/clk_wiz/inst/mmcm_adv_inst/CLKOUT1
                         net (fo=1, routed)           0.486    -1.207    MB_i/clk_wiz/inst/clk_out2_MB_clk_wiz_1
    BUFGCTRL_X0Y1        BUFG (Prop_bufg_I_O)         0.026    -1.181 r  MB_i/clk_wiz/inst/clkout2_buf/O
                         net (fo=596, routed)         0.635    -0.546    MB_i/uart_0/inst/clk
    SLICE_X27Y129        FDCE                                         r  MB_i/uart_0/inst/message_block_reg[140]/C
  -------------------------------------------------------------------    -------------------
    SLICE_X27Y129        FDCE (Prop_fdce_C_Q)         0.141    -0.405 r  MB_i/uart_0/inst/message_block_reg[140]/Q
                         net (fo=1, routed)           0.585     0.180    MB_i/sha256_0/inst/message_block[140]
    SLICE_X18Y132        FDSE                                         r  MB_i/sha256_0/inst/W_reg[11][12]/D
  -------------------------------------------------------------------    -------------------

                         (clock clk_out1_MB_clk_wiz_1 rise edge)
                                                      0.000     0.000 r  
    W5                                                0.000     0.000 r  sys_clock (IN)
                         net (fo=0)                   0.000     0.000    MB_i/clk_wiz/inst/clk_in1
    W5                   IBUF (Prop_ibuf_I_O)         0.414     0.414 r  MB_i/clk_wiz/inst/clkin1_ibufg/O
                         net (fo=1, routed)           0.480     0.894    MB_i/clk_wiz/inst/clk_in1_MB_clk_wiz_1
    MMCME2_ADV_X1Y0      MMCME2_ADV (Prop_mmcme2_adv_CLKIN1_CLKOUT0)
                                                     -3.142    -2.248 r  MB_i/clk_wiz/inst/mmcm_adv_inst/CLKOUT0
                         net (fo=1, routed)           0.530    -1.718    MB_i/clk_wiz/inst/clk_out1_MB_clk_wiz_1
    BUFGCTRL_X0Y0        BUFG (Prop_bufg_I_O)         0.029    -1.689 r  MB_i/clk_wiz/inst/clkout1_buf/O
                         net (fo=2868, routed)        0.911    -0.778    MB_i/sha256_0/inst/clk
    SLICE_X18Y132        FDSE                                         r  MB_i/sha256_0/inst/W_reg[11][12]/C
                         clock pessimism              0.555    -0.223    
                         clock uncertainty            0.204    -0.020    
    SLICE_X18Y132        FDSE (Hold_fdse_C_D)         0.061     0.041    MB_i/sha256_0/inst/W_reg[11][12]
  -------------------------------------------------------------------
                         required time                         -0.041    
                         arrival time                           0.180    
  -------------------------------------------------------------------
                         slack                                  0.139    

Slack (MET) :             0.148ns  (arrival time - required time)
  Source:                 MB_i/uart_0/inst/message_block_reg[461]/C
                            (rising edge-triggered cell FDCE clocked by clk_out2_MB_clk_wiz_1  {rise@0.000ns fall@5.000ns period=10.000ns})
  Destination:            MB_i/sha256_0/inst/W_reg[1][13]/D
                            (rising edge-triggered cell FDSE clocked by clk_out1_MB_clk_wiz_1  {rise@0.000ns fall@10.000ns period=20.000ns})
  Path Group:             clk_out1_MB_clk_wiz_1
  Path Type:              Hold (Min at Fast Process Corner)
  Requirement:            0.000ns  (clk_out1_MB_clk_wiz_1 rise@0.000ns - clk_out2_MB_clk_wiz_1 rise@0.000ns)
  Data Path Delay:        0.726ns  (logic 0.141ns (19.424%)  route 0.585ns (80.576%))
  Logic Levels:           0  
  Clock Path Skew:        0.318ns (DCD - SCD - CPR)
    Destination Clock Delay (DCD):    -0.782ns
    Source Clock Delay      (SCD):    -0.545ns
    Clock Pessimism Removal (CPR):    -0.555ns
  Clock Uncertainty:      0.204ns  ((TSJ^2 + DJ^2)^1/2) / 2 + PE
    Total System Jitter     (TSJ):    0.071ns
    Discrete Jitter          (DJ):    0.152ns
    Phase Error              (PE):    0.120ns

    Location             Delay type                Incr(ns)  Path(ns)    Netlist Resource(s)
  -------------------------------------------------------------------    -------------------
                         (clock clk_out2_MB_clk_wiz_1 rise edge)
                                                      0.000     0.000 r  
    W5                                                0.000     0.000 r  sys_clock (IN)
                         net (fo=0)                   0.000     0.000    MB_i/clk_wiz/inst/clk_in1
    W5                   IBUF (Prop_ibuf_I_O)         0.226     0.226 r  MB_i/clk_wiz/inst/clkin1_ibufg/O
                         net (fo=1, routed)           0.440     0.667    MB_i/clk_wiz/inst/clk_in1_MB_clk_wiz_1
    MMCME2_ADV_X1Y0      MMCME2_ADV (Prop_mmcme2_adv_CLKIN1_CLKOUT1)
                                                     -2.360    -1.693 r  MB_i/clk_wiz/inst/mmcm_adv_inst/CLKOUT1
                         net (fo=1, routed)           0.486    -1.207    MB_i/clk_wiz/inst/clk_out2_MB_clk_wiz_1
    BUFGCTRL_X0Y1        BUFG (Prop_bufg_I_O)         0.026    -1.181 r  MB_i/clk_wiz/inst/clkout2_buf/O
                         net (fo=596, routed)         0.636    -0.545    MB_i/uart_0/inst/clk
    SLICE_X24Y130        FDCE                                         r  MB_i/uart_0/inst/message_block_reg[461]/C
  -------------------------------------------------------------------    -------------------
    SLICE_X24Y130        FDCE (Prop_fdce_C_Q)         0.141    -0.404 r  MB_i/uart_0/inst/message_block_reg[461]/Q
                         net (fo=1, routed)           0.585     0.181    MB_i/sha256_0/inst/message_block[461]
    SLICE_X25Y129        FDSE                                         r  MB_i/sha256_0/inst/W_reg[1][13]/D
  -------------------------------------------------------------------    -------------------

                         (clock clk_out1_MB_clk_wiz_1 rise edge)
                                                      0.000     0.000 r  
    W5                                                0.000     0.000 r  sys_clock (IN)
                         net (fo=0)                   0.000     0.000    MB_i/clk_wiz/inst/clk_in1
    W5                   IBUF (Prop_ibuf_I_O)         0.414     0.414 r  MB_i/clk_wiz/inst/clkin1_ibufg/O
                         net (fo=1, routed)           0.480     0.894    MB_i/clk_wiz/inst/clk_in1_MB_clk_wiz_1
    MMCME2_ADV_X1Y0      MMCME2_ADV (Prop_mmcme2_adv_CLKIN1_CLKOUT0)
                                                     -3.142    -2.248 r  MB_i/clk_wiz/inst/mmcm_adv_inst/CLKOUT0
                         net (fo=1, routed)           0.530    -1.718    MB_i/clk_wiz/inst/clk_out1_MB_clk_wiz_1
    BUFGCTRL_X0Y0        BUFG (Prop_bufg_I_O)         0.029    -1.689 r  MB_i/clk_wiz/inst/clkout1_buf/O
                         net (fo=2868, routed)        0.907    -0.782    MB_i/sha256_0/inst/clk
    SLICE_X25Y129        FDSE                                         r  MB_i/sha256_0/inst/W_reg[1][13]/C
                         clock pessimism              0.555    -0.227    
                         clock uncertainty            0.204    -0.024    
    SLICE_X25Y129        FDSE (Hold_fdse_C_D)         0.057     0.033    MB_i/sha256_0/inst/W_reg[1][13]
  -------------------------------------------------------------------
                         required time                         -0.033    
                         arrival time                           0.181    
  -------------------------------------------------------------------
                         slack                                  0.148    

Slack (MET) :             0.150ns  (arrival time - required time)
  Source:                 MB_i/uart_0/inst/message_block_reg[188]/C
                            (rising edge-triggered cell FDCE clocked by clk_out2_MB_clk_wiz_1  {rise@0.000ns fall@5.000ns period=10.000ns})
  Destination:            MB_i/sha256_0/inst/W_reg[10][28]/D
                            (rising edge-triggered cell FDSE clocked by clk_out1_MB_clk_wiz_1  {rise@0.000ns fall@10.000ns period=20.000ns})
  Path Group:             clk_out1_MB_clk_wiz_1
  Path Type:              Hold (Min at Fast Process Corner)
  Requirement:            0.000ns  (clk_out1_MB_clk_wiz_1 rise@0.000ns - clk_out2_MB_clk_wiz_1 rise@0.000ns)
  Data Path Delay:        0.764ns  (logic 0.164ns (21.470%)  route 0.600ns (78.530%))
  Logic Levels:           0  
  Clock Path Skew:        0.322ns (DCD - SCD - CPR)
    Destination Clock Delay (DCD):    -0.767ns
    Source Clock Delay      (SCD):    -0.534ns
    Clock Pessimism Removal (CPR):    -0.555ns
  Clock Uncertainty:      0.204ns  ((TSJ^2 + DJ^2)^1/2) / 2 + PE
    Total System Jitter     (TSJ):    0.071ns
    Discrete Jitter          (DJ):    0.152ns
    Phase Error              (PE):    0.120ns

    Location             Delay type                Incr(ns)  Path(ns)    Netlist Resource(s)
  -------------------------------------------------------------------    -------------------
                         (clock clk_out2_MB_clk_wiz_1 rise edge)
                                                      0.000     0.000 r  
    W5                                                0.000     0.000 r  sys_clock (IN)
                         net (fo=0)                   0.000     0.000    MB_i/clk_wiz/inst/clk_in1
    W5                   IBUF (Prop_ibuf_I_O)         0.226     0.226 r  MB_i/clk_wiz/inst/clkin1_ibufg/O
                         net (fo=1, routed)           0.440     0.667    MB_i/clk_wiz/inst/clk_in1_MB_clk_wiz_1
    MMCME2_ADV_X1Y0      MMCME2_ADV (Prop_mmcme2_adv_CLKIN1_CLKOUT1)
                                                     -2.360    -1.693 r  MB_i/clk_wiz/inst/mmcm_adv_inst/CLKOUT1
                         net (fo=1, routed)           0.486    -1.207    MB_i/clk_wiz/inst/clk_out2_MB_clk_wiz_1
    BUFGCTRL_X0Y1        BUFG (Prop_bufg_I_O)         0.026    -1.181 r  MB_i/clk_wiz/inst/clkout2_buf/O
                         net (fo=596, routed)         0.647    -0.534    MB_i/uart_0/inst/clk
    SLICE_X12Y148        FDCE                                         r  MB_i/uart_0/inst/message_block_reg[188]/C
  -------------------------------------------------------------------    -------------------
    SLICE_X12Y148        FDCE (Prop_fdce_C_Q)         0.164    -0.370 r  MB_i/uart_0/inst/message_block_reg[188]/Q
                         net (fo=1, routed)           0.600     0.230    MB_i/sha256_0/inst/message_block[188]
    SLICE_X8Y147         FDSE                                         r  MB_i/sha256_0/inst/W_reg[10][28]/D
  -------------------------------------------------------------------    -------------------

                         (clock clk_out1_MB_clk_wiz_1 rise edge)
                                                      0.000     0.000 r  
    W5                                                0.000     0.000 r  sys_clock (IN)
                         net (fo=0)                   0.000     0.000    MB_i/clk_wiz/inst/clk_in1
    W5                   IBUF (Prop_ibuf_I_O)         0.414     0.414 r  MB_i/clk_wiz/inst/clkin1_ibufg/O
                         net (fo=1, routed)           0.480     0.894    MB_i/clk_wiz/inst/clk_in1_MB_clk_wiz_1
    MMCME2_ADV_X1Y0      MMCME2_ADV (Prop_mmcme2_adv_CLKIN1_CLKOUT0)
                                                     -3.142    -2.248 r  MB_i/clk_wiz/inst/mmcm_adv_inst/CLKOUT0
                         net (fo=1, routed)           0.530    -1.718    MB_i/clk_wiz/inst/clk_out1_MB_clk_wiz_1
    BUFGCTRL_X0Y0        BUFG (Prop_bufg_I_O)         0.029    -1.689 r  MB_i/clk_wiz/inst/clkout1_buf/O
                         net (fo=2868, routed)        0.922    -0.767    MB_i/sha256_0/inst/clk
    SLICE_X8Y147         FDSE                                         r  MB_i/sha256_0/inst/W_reg[10][28]/C
                         clock pessimism              0.555    -0.212    
                         clock uncertainty            0.204    -0.009    
    SLICE_X8Y147         FDSE (Hold_fdse_C_D)         0.089     0.080    MB_i/sha256_0/inst/W_reg[10][28]
  -------------------------------------------------------------------
                         required time                         -0.080    
                         arrival time                           0.230    
  -------------------------------------------------------------------
                         slack                                  0.150    

Slack (MET) :             0.151ns  (arrival time - required time)
  Source:                 MB_i/uart_0/inst/message_block_reg[177]/C
                            (rising edge-triggered cell FDCE clocked by clk_out2_MB_clk_wiz_1  {rise@0.000ns fall@5.000ns period=10.000ns})
  Destination:            MB_i/sha256_0/inst/W_reg[10][17]/D
                            (rising edge-triggered cell FDSE clocked by clk_out1_MB_clk_wiz_1  {rise@0.000ns fall@10.000ns period=20.000ns})
  Path Group:             clk_out1_MB_clk_wiz_1
  Path Type:              Hold (Min at Fast Process Corner)
  Requirement:            0.000ns  (clk_out1_MB_clk_wiz_1 rise@0.000ns - clk_out2_MB_clk_wiz_1 rise@0.000ns)
  Data Path Delay:        0.736ns  (logic 0.141ns (19.146%)  route 0.595ns (80.854%))
  Logic Levels:           0  
  Clock Path Skew:        0.321ns (DCD - SCD - CPR)
    Destination Clock Delay (DCD):    -0.773ns
    Source Clock Delay      (SCD):    -0.539ns
    Clock Pessimism Removal (CPR):    -0.555ns
  Clock Uncertainty:      0.204ns  ((TSJ^2 + DJ^2)^1/2) / 2 + PE
    Total System Jitter     (TSJ):    0.071ns
    Discrete Jitter          (DJ):    0.152ns
    Phase Error              (PE):    0.120ns

    Location             Delay type                Incr(ns)  Path(ns)    Netlist Resource(s)
  -------------------------------------------------------------------    -------------------
                         (clock clk_out2_MB_clk_wiz_1 rise edge)
                                                      0.000     0.000 r  
    W5                                                0.000     0.000 r  sys_clock (IN)
                         net (fo=0)                   0.000     0.000    MB_i/clk_wiz/inst/clk_in1
    W5                   IBUF (Prop_ibuf_I_O)         0.226     0.226 r  MB_i/clk_wiz/inst/clkin1_ibufg/O
                         net (fo=1, routed)           0.440     0.667    MB_i/clk_wiz/inst/clk_in1_MB_clk_wiz_1
    MMCME2_ADV_X1Y0      MMCME2_ADV (Prop_mmcme2_adv_CLKIN1_CLKOUT1)
                                                     -2.360    -1.693 r  MB_i/clk_wiz/inst/mmcm_adv_inst/CLKOUT1
                         net (fo=1, routed)           0.486    -1.207    MB_i/clk_wiz/inst/clk_out2_MB_clk_wiz_1
    BUFGCTRL_X0Y1        BUFG (Prop_bufg_I_O)         0.026    -1.181 r  MB_i/clk_wiz/inst/clkout2_buf/O
                         net (fo=596, routed)         0.642    -0.539    MB_i/uart_0/inst/clk
    SLICE_X27Y139        FDCE                                         r  MB_i/uart_0/inst/message_block_reg[177]/C
  -------------------------------------------------------------------    -------------------
    SLICE_X27Y139        FDCE (Prop_fdce_C_Q)         0.141    -0.398 r  MB_i/uart_0/inst/message_block_reg[177]/Q
                         net (fo=1, routed)           0.595     0.198    MB_i/sha256_0/inst/message_block[177]
    SLICE_X25Y139        FDSE                                         r  MB_i/sha256_0/inst/W_reg[10][17]/D
  -------------------------------------------------------------------    -------------------

                         (clock clk_out1_MB_clk_wiz_1 rise edge)
                                                      0.000     0.000 r  
    W5                                                0.000     0.000 r  sys_clock (IN)
                         net (fo=0)                   0.000     0.000    MB_i/clk_wiz/inst/clk_in1
    W5                   IBUF (Prop_ibuf_I_O)         0.414     0.414 r  MB_i/clk_wiz/inst/clkin1_ibufg/O
                         net (fo=1, routed)           0.480     0.894    MB_i/clk_wiz/inst/clk_in1_MB_clk_wiz_1
    MMCME2_ADV_X1Y0      MMCME2_ADV (Prop_mmcme2_adv_CLKIN1_CLKOUT0)
                                                     -3.142    -2.248 r  MB_i/clk_wiz/inst/mmcm_adv_inst/CLKOUT0
                         net (fo=1, routed)           0.530    -1.718    MB_i/clk_wiz/inst/clk_out1_MB_clk_wiz_1
    BUFGCTRL_X0Y0        BUFG (Prop_bufg_I_O)         0.029    -1.689 r  MB_i/clk_wiz/inst/clkout1_buf/O
                         net (fo=2868, routed)        0.916    -0.773    MB_i/sha256_0/inst/clk
    SLICE_X25Y139        FDSE                                         r  MB_i/sha256_0/inst/W_reg[10][17]/C
                         clock pessimism              0.555    -0.218    
                         clock uncertainty            0.204    -0.015    
    SLICE_X25Y139        FDSE (Hold_fdse_C_D)         0.061     0.046    MB_i/sha256_0/inst/W_reg[10][17]
  -------------------------------------------------------------------
                         required time                         -0.046    
                         arrival time                           0.198    
  -------------------------------------------------------------------
                         slack                                  0.151    

Slack (MET) :             0.159ns  (arrival time - required time)
  Source:                 MB_i/uart_0/inst/message_block_reg[401]/C
                            (rising edge-triggered cell FDCE clocked by clk_out2_MB_clk_wiz_1  {rise@0.000ns fall@5.000ns period=10.000ns})
  Destination:            MB_i/sha256_0/inst/W_reg[3][17]/D
                            (rising edge-triggered cell FDSE clocked by clk_out1_MB_clk_wiz_1  {rise@0.000ns fall@10.000ns period=20.000ns})
  Path Group:             clk_out1_MB_clk_wiz_1
  Path Type:              Hold (Min at Fast Process Corner)
  Requirement:            0.000ns  (clk_out1_MB_clk_wiz_1 rise@0.000ns - clk_out2_MB_clk_wiz_1 rise@0.000ns)
  Data Path Delay:        0.743ns  (logic 0.141ns (18.972%)  route 0.602ns (81.028%))
  Logic Levels:           0  
  Clock Path Skew:        0.321ns (DCD - SCD - CPR)
    Destination Clock Delay (DCD):    -0.772ns
    Source Clock Delay      (SCD):    -0.538ns
    Clock Pessimism Removal (CPR):    -0.555ns
  Clock Uncertainty:      0.204ns  ((TSJ^2 + DJ^2)^1/2) / 2 + PE
    Total System Jitter     (TSJ):    0.071ns
    Discrete Jitter          (DJ):    0.152ns
    Phase Error              (PE):    0.120ns

    Location             Delay type                Incr(ns)  Path(ns)    Netlist Resource(s)
  -------------------------------------------------------------------    -------------------
                         (clock clk_out2_MB_clk_wiz_1 rise edge)
                                                      0.000     0.000 r  
    W5                                                0.000     0.000 r  sys_clock (IN)
                         net (fo=0)                   0.000     0.000    MB_i/clk_wiz/inst/clk_in1
    W5                   IBUF (Prop_ibuf_I_O)         0.226     0.226 r  MB_i/clk_wiz/inst/clkin1_ibufg/O
                         net (fo=1, routed)           0.440     0.667    MB_i/clk_wiz/inst/clk_in1_MB_clk_wiz_1
    MMCME2_ADV_X1Y0      MMCME2_ADV (Prop_mmcme2_adv_CLKIN1_CLKOUT1)
                                                     -2.360    -1.693 r  MB_i/clk_wiz/inst/mmcm_adv_inst/CLKOUT1
                         net (fo=1, routed)           0.486    -1.207    MB_i/clk_wiz/inst/clk_out2_MB_clk_wiz_1
    BUFGCTRL_X0Y1        BUFG (Prop_bufg_I_O)         0.026    -1.181 r  MB_i/clk_wiz/inst/clkout2_buf/O
                         net (fo=596, routed)         0.643    -0.538    MB_i/uart_0/inst/clk
    SLICE_X24Y141        FDCE                                         r  MB_i/uart_0/inst/message_block_reg[401]/C
  -------------------------------------------------------------------    -------------------
    SLICE_X24Y141        FDCE (Prop_fdce_C_Q)         0.141    -0.397 r  MB_i/uart_0/inst/message_block_reg[401]/Q
                         net (fo=1, routed)           0.602     0.205    MB_i/sha256_0/inst/message_block[401]
    SLICE_X23Y138        FDSE                                         r  MB_i/sha256_0/inst/W_reg[3][17]/D
  -------------------------------------------------------------------    -------------------

                         (clock clk_out1_MB_clk_wiz_1 rise edge)
                                                      0.000     0.000 r  
    W5                                                0.000     0.000 r  sys_clock (IN)
                         net (fo=0)                   0.000     0.000    MB_i/clk_wiz/inst/clk_in1
    W5                   IBUF (Prop_ibuf_I_O)         0.414     0.414 r  MB_i/clk_wiz/inst/clkin1_ibufg/O
                         net (fo=1, routed)           0.480     0.894    MB_i/clk_wiz/inst/clk_in1_MB_clk_wiz_1
    MMCME2_ADV_X1Y0      MMCME2_ADV (Prop_mmcme2_adv_CLKIN1_CLKOUT0)
                                                     -3.142    -2.248 r  MB_i/clk_wiz/inst/mmcm_adv_inst/CLKOUT0
                         net (fo=1, routed)           0.530    -1.718    MB_i/clk_wiz/inst/clk_out1_MB_clk_wiz_1
    BUFGCTRL_X0Y0        BUFG (Prop_bufg_I_O)         0.029    -1.689 r  MB_i/clk_wiz/inst/clkout1_buf/O
                         net (fo=2868, routed)        0.917    -0.772    MB_i/sha256_0/inst/clk
    SLICE_X23Y138        FDSE                                         r  MB_i/sha256_0/inst/W_reg[3][17]/C
                         clock pessimism              0.555    -0.217    
                         clock uncertainty            0.204    -0.014    
    SLICE_X23Y138        FDSE (Hold_fdse_C_D)         0.060     0.046    MB_i/sha256_0/inst/W_reg[3][17]
  -------------------------------------------------------------------
                         required time                         -0.046    
                         arrival time                           0.205    
  -------------------------------------------------------------------
                         slack                                  0.159    

Slack (MET) :             0.159ns  (arrival time - required time)
  Source:                 MB_i/uart_0/inst/message_block_reg[465]/C
                            (rising edge-triggered cell FDCE clocked by clk_out2_MB_clk_wiz_1  {rise@0.000ns fall@5.000ns period=10.000ns})
  Destination:            MB_i/sha256_0/inst/W_reg[1][17]/D
                            (rising edge-triggered cell FDSE clocked by clk_out1_MB_clk_wiz_1  {rise@0.000ns fall@10.000ns period=20.000ns})
  Path Group:             clk_out1_MB_clk_wiz_1
  Path Type:              Hold (Min at Fast Process Corner)
  Requirement:            0.000ns  (clk_out1_MB_clk_wiz_1 rise@0.000ns - clk_out2_MB_clk_wiz_1 rise@0.000ns)
  Data Path Delay:        0.743ns  (logic 0.141ns (18.985%)  route 0.602ns (81.015%))
  Logic Levels:           0  
  Clock Path Skew:        0.322ns (DCD - SCD - CPR)
    Destination Clock Delay (DCD):    -0.772ns
    Source Clock Delay      (SCD):    -0.539ns
    Clock Pessimism Removal (CPR):    -0.555ns
  Clock Uncertainty:      0.204ns  ((TSJ^2 + DJ^2)^1/2) / 2 + PE
    Total System Jitter     (TSJ):    0.071ns
    Discrete Jitter          (DJ):    0.152ns
    Phase Error              (PE):    0.120ns

    Location             Delay type                Incr(ns)  Path(ns)    Netlist Resource(s)
  -------------------------------------------------------------------    -------------------
                         (clock clk_out2_MB_clk_wiz_1 rise edge)
                                                      0.000     0.000 r  
    W5                                                0.000     0.000 r  sys_clock (IN)
                         net (fo=0)                   0.000     0.000    MB_i/clk_wiz/inst/clk_in1
    W5                   IBUF (Prop_ibuf_I_O)         0.226     0.226 r  MB_i/clk_wiz/inst/clkin1_ibufg/O
                         net (fo=1, routed)           0.440     0.667    MB_i/clk_wiz/inst/clk_in1_MB_clk_wiz_1
    MMCME2_ADV_X1Y0      MMCME2_ADV (Prop_mmcme2_adv_CLKIN1_CLKOUT1)
                                                     -2.360    -1.693 r  MB_i/clk_wiz/inst/mmcm_adv_inst/CLKOUT1
                         net (fo=1, routed)           0.486    -1.207    MB_i/clk_wiz/inst/clk_out2_MB_clk_wiz_1
    BUFGCTRL_X0Y1        BUFG (Prop_bufg_I_O)         0.026    -1.181 r  MB_i/clk_wiz/inst/clkout2_buf/O
                         net (fo=596, routed)         0.642    -0.539    MB_i/uart_0/inst/clk
    SLICE_X31Y141        FDCE                                         r  MB_i/uart_0/inst/message_block_reg[465]/C
  -------------------------------------------------------------------    -------------------
    SLICE_X31Y141        FDCE (Prop_fdce_C_Q)         0.141    -0.398 r  MB_i/uart_0/inst/message_block_reg[465]/Q
                         net (fo=1, routed)           0.602     0.204    MB_i/sha256_0/inst/message_block[465]
    SLICE_X23Y138        FDSE                                         r  MB_i/sha256_0/inst/W_reg[1][17]/D
  -------------------------------------------------------------------    -------------------

                         (clock clk_out1_MB_clk_wiz_1 rise edge)
                                                      0.000     0.000 r  
    W5                                                0.000     0.000 r  sys_clock (IN)
                         net (fo=0)                   0.000     0.000    MB_i/clk_wiz/inst/clk_in1
    W5                   IBUF (Prop_ibuf_I_O)         0.414     0.414 r  MB_i/clk_wiz/inst/clkin1_ibufg/O
                         net (fo=1, routed)           0.480     0.894    MB_i/clk_wiz/inst/clk_in1_MB_clk_wiz_1
    MMCME2_ADV_X1Y0      MMCME2_ADV (Prop_mmcme2_adv_CLKIN1_CLKOUT0)
                                                     -3.142    -2.248 r  MB_i/clk_wiz/inst/mmcm_adv_inst/CLKOUT0
                         net (fo=1, routed)           0.530    -1.718    MB_i/clk_wiz/inst/clk_out1_MB_clk_wiz_1
    BUFGCTRL_X0Y0        BUFG (Prop_bufg_I_O)         0.029    -1.689 r  MB_i/clk_wiz/inst/clkout1_buf/O
                         net (fo=2868, routed)        0.917    -0.772    MB_i/sha256_0/inst/clk
    SLICE_X23Y138        FDSE                                         r  MB_i/sha256_0/inst/W_reg[1][17]/C
                         clock pessimism              0.555    -0.217    
                         clock uncertainty            0.204    -0.014    
    SLICE_X23Y138        FDSE (Hold_fdse_C_D)         0.058     0.044    MB_i/sha256_0/inst/W_reg[1][17]
  -------------------------------------------------------------------
                         required time                         -0.044    
                         arrival time                           0.204    
  -------------------------------------------------------------------
                         slack                                  0.159    

Slack (MET) :             0.161ns  (arrival time - required time)
  Source:                 MB_i/uart_0/inst/message_block_reg[460]/C
                            (rising edge-triggered cell FDCE clocked by clk_out2_MB_clk_wiz_1  {rise@0.000ns fall@5.000ns period=10.000ns})
  Destination:            MB_i/sha256_0/inst/W_reg[1][12]/D
                            (rising edge-triggered cell FDSE clocked by clk_out1_MB_clk_wiz_1  {rise@0.000ns fall@10.000ns period=20.000ns})
  Path Group:             clk_out1_MB_clk_wiz_1
  Path Type:              Hold (Min at Fast Process Corner)
  Requirement:            0.000ns  (clk_out1_MB_clk_wiz_1 rise@0.000ns - clk_out2_MB_clk_wiz_1 rise@0.000ns)
  Data Path Delay:        0.745ns  (logic 0.141ns (18.928%)  route 0.604ns (81.072%))
  Logic Levels:           0  
  Clock Path Skew:        0.322ns (DCD - SCD - CPR)
    Destination Clock Delay (DCD):    -0.778ns
    Source Clock Delay      (SCD):    -0.545ns
    Clock Pessimism Removal (CPR):    -0.555ns
  Clock Uncertainty:      0.204ns  ((TSJ^2 + DJ^2)^1/2) / 2 + PE
    Total System Jitter     (TSJ):    0.071ns
    Discrete Jitter          (DJ):    0.152ns
    Phase Error              (PE):    0.120ns

    Location             Delay type                Incr(ns)  Path(ns)    Netlist Resource(s)
  -------------------------------------------------------------------    -------------------
                         (clock clk_out2_MB_clk_wiz_1 rise edge)
                                                      0.000     0.000 r  
    W5                                                0.000     0.000 r  sys_clock (IN)
                         net (fo=0)                   0.000     0.000    MB_i/clk_wiz/inst/clk_in1
    W5                   IBUF (Prop_ibuf_I_O)         0.226     0.226 r  MB_i/clk_wiz/inst/clkin1_ibufg/O
                         net (fo=1, routed)           0.440     0.667    MB_i/clk_wiz/inst/clk_in1_MB_clk_wiz_1
    MMCME2_ADV_X1Y0      MMCME2_ADV (Prop_mmcme2_adv_CLKIN1_CLKOUT1)
                                                     -2.360    -1.693 r  MB_i/clk_wiz/inst/mmcm_adv_inst/CLKOUT1
                         net (fo=1, routed)           0.486    -1.207    MB_i/clk_wiz/inst/clk_out2_MB_clk_wiz_1
    BUFGCTRL_X0Y1        BUFG (Prop_bufg_I_O)         0.026    -1.181 r  MB_i/clk_wiz/inst/clkout2_buf/O
                         net (fo=596, routed)         0.636    -0.545    MB_i/uart_0/inst/clk
    SLICE_X24Y130        FDCE                                         r  MB_i/uart_0/inst/message_block_reg[460]/C
  -------------------------------------------------------------------    -------------------
    SLICE_X24Y130        FDCE (Prop_fdce_C_Q)         0.141    -0.404 r  MB_i/uart_0/inst/message_block_reg[460]/Q
                         net (fo=1, routed)           0.604     0.200    MB_i/sha256_0/inst/message_block[460]
    SLICE_X18Y132        FDSE                                         r  MB_i/sha256_0/inst/W_reg[1][12]/D
  -------------------------------------------------------------------    -------------------

                         (clock clk_out1_MB_clk_wiz_1 rise edge)
                                                      0.000     0.000 r  
    W5                                                0.000     0.000 r  sys_clock (IN)
                         net (fo=0)                   0.000     0.000    MB_i/clk_wiz/inst/clk_in1
    W5                   IBUF (Prop_ibuf_I_O)         0.414     0.414 r  MB_i/clk_wiz/inst/clkin1_ibufg/O
                         net (fo=1, routed)           0.480     0.894    MB_i/clk_wiz/inst/clk_in1_MB_clk_wiz_1
    MMCME2_ADV_X1Y0      MMCME2_ADV (Prop_mmcme2_adv_CLKIN1_CLKOUT0)
                                                     -3.142    -2.248 r  MB_i/clk_wiz/inst/mmcm_adv_inst/CLKOUT0
                         net (fo=1, routed)           0.530    -1.718    MB_i/clk_wiz/inst/clk_out1_MB_clk_wiz_1
    BUFGCTRL_X0Y0        BUFG (Prop_bufg_I_O)         0.029    -1.689 r  MB_i/clk_wiz/inst/clkout1_buf/O
                         net (fo=2868, routed)        0.911    -0.778    MB_i/sha256_0/inst/clk
    SLICE_X18Y132        FDSE                                         r  MB_i/sha256_0/inst/W_reg[1][12]/C
                         clock pessimism              0.555    -0.223    
                         clock uncertainty            0.204    -0.020    
    SLICE_X18Y132        FDSE (Hold_fdse_C_D)         0.059     0.039    MB_i/sha256_0/inst/W_reg[1][12]
  -------------------------------------------------------------------
                         required time                         -0.039    
                         arrival time                           0.200    
  -------------------------------------------------------------------
                         slack                                  0.161    





---------------------------------------------------------------------------------------------------
From Clock:  clk_out1_MB_clk_wiz_1
  To Clock:  clk_out2_MB_clk_wiz_1

Setup :            0  Failing Endpoints,  Worst Slack        4.657ns,  Total Violation        0.000ns
Hold  :            0  Failing Endpoints,  Worst Slack        0.134ns,  Total Violation        0.000ns
---------------------------------------------------------------------------------------------------


Max Delay Paths
--------------------------------------------------------------------------------------
Slack (MET) :             4.657ns  (required time - arrival time)
  Source:                 MB_i/sha256_0/inst/done_reg/C
                            (rising edge-triggered cell FDCE clocked by clk_out1_MB_clk_wiz_1  {rise@0.000ns fall@10.000ns period=20.000ns})
  Destination:            MB_i/uart_0/inst/tx_reg/D
                            (rising edge-triggered cell FDPE clocked by clk_out2_MB_clk_wiz_1  {rise@0.000ns fall@5.000ns period=10.000ns})
  Path Group:             clk_out2_MB_clk_wiz_1
  Path Type:              Setup (Max at Slow Process Corner)
  Requirement:            10.000ns  (clk_out2_MB_clk_wiz_1 rise@10.000ns - clk_out1_MB_clk_wiz_1 rise@0.000ns)
  Data Path Delay:        4.961ns  (logic 1.064ns (21.446%)  route 3.897ns (78.554%))
  Logic Levels:           3  (LUT5=1 LUT6=2)
  Clock Path Skew:        -0.209ns (DCD - SCD + CPR)
    Destination Clock Delay (DCD):    -1.318ns = ( 8.682 - 10.000 ) 
    Source Clock Delay      (SCD):    -0.712ns
    Clock Pessimism Removal (CPR):    0.398ns
  Clock Uncertainty:      0.204ns  ((TSJ^2 + DJ^2)^1/2) / 2 + PE
    Total System Jitter     (TSJ):    0.071ns
    Discrete Jitter          (DJ):    0.152ns
    Phase Error              (PE):    0.120ns

    Location             Delay type                Incr(ns)  Path(ns)    Netlist Resource(s)
  -------------------------------------------------------------------    -------------------
                         (clock clk_out1_MB_clk_wiz_1 rise edge)
                                                      0.000     0.000 r  
    W5                                                0.000     0.000 r  sys_clock (IN)
                         net (fo=0)                   0.000     0.000    MB_i/clk_wiz/inst/clk_in1
    W5                   IBUF (Prop_ibuf_I_O)         1.458     1.458 r  MB_i/clk_wiz/inst/clkin1_ibufg/O
                         net (fo=1, routed)           1.233     2.691    MB_i/clk_wiz/inst/clk_in1_MB_clk_wiz_1
    MMCME2_ADV_X1Y0      MMCME2_ADV (Prop_mmcme2_adv_CLKIN1_CLKOUT0)
                                                     -6.961    -4.269 r  MB_i/clk_wiz/inst/mmcm_adv_inst/CLKOUT0
                         net (fo=1, routed)           1.661    -2.608    MB_i/clk_wiz/inst/clk_out1_MB_clk_wiz_1
    BUFGCTRL_X0Y0        BUFG (Prop_bufg_I_O)         0.096    -2.512 r  MB_i/clk_wiz/inst/clkout1_buf/O
                         net (fo=2868, routed)        1.800    -0.712    MB_i/sha256_0/inst/clk
    SLICE_X5Y116         FDCE                                         r  MB_i/sha256_0/inst/done_reg/C
  -------------------------------------------------------------------    -------------------
    SLICE_X5Y116         FDCE (Prop_fdce_C_Q)         0.456    -0.256 f  MB_i/sha256_0/inst/done_reg/Q
                         net (fo=7, routed)           1.769     1.513    MB_i/uart_0/inst/hash_done
    SLICE_X5Y114         LUT6 (Prop_lut6_I0_O)        0.124     1.637 r  MB_i/uart_0/inst/tx_bit_count[3]_i_4/O
                         net (fo=5, routed)           1.312     2.949    MB_i/uart_0/inst/tx_bit_count[3]_i_4_n_0
    SLICE_X4Y114         LUT5 (Prop_lut5_I0_O)        0.152     3.101 r  MB_i/uart_0/inst/tx_i_2/O
                         net (fo=1, routed)           0.816     3.918    MB_i/uart_0/inst/tx_i_2_n_0
    SLICE_X4Y113         LUT6 (Prop_lut6_I0_O)        0.332     4.250 r  MB_i/uart_0/inst/tx_i_1/O
                         net (fo=1, routed)           0.000     4.250    MB_i/uart_0/inst/tx_i_1_n_0
    SLICE_X4Y113         FDPE                                         r  MB_i/uart_0/inst/tx_reg/D
  -------------------------------------------------------------------    -------------------

                         (clock clk_out2_MB_clk_wiz_1 rise edge)
                                                     10.000    10.000 r  
    W5                                                0.000    10.000 r  sys_clock (IN)
                         net (fo=0)                   0.000    10.000    MB_i/clk_wiz/inst/clk_in1
    W5                   IBUF (Prop_ibuf_I_O)         1.388    11.388 r  MB_i/clk_wiz/inst/clkin1_ibufg/O
                         net (fo=1, routed)           1.162    12.550    MB_i/clk_wiz/inst/clk_in1_MB_clk_wiz_1
    MMCME2_ADV_X1Y0      MMCME2_ADV (Prop_mmcme2_adv_CLKIN1_CLKOUT1)
                                                     -7.217     5.332 r  MB_i/clk_wiz/inst/mmcm_adv_inst/CLKOUT1
                         net (fo=1, routed)           1.581     6.914    MB_i/clk_wiz/inst/clk_out2_MB_clk_wiz_1
    BUFGCTRL_X0Y1        BUFG (Prop_bufg_I_O)         0.091     7.005 r  MB_i/clk_wiz/inst/clkout2_buf/O
                         net (fo=596, routed)         1.677     8.682    MB_i/uart_0/inst/clk
    SLICE_X4Y113         FDPE                                         r  MB_i/uart_0/inst/tx_reg/C
                         clock pessimism              0.398     9.080    
                         clock uncertainty           -0.204     8.876    
    SLICE_X4Y113         FDPE (Setup_fdpe_C_D)        0.031     8.907    MB_i/uart_0/inst/tx_reg
  -------------------------------------------------------------------
                         required time                          8.907    
                         arrival time                          -4.250    
  -------------------------------------------------------------------
                         slack                                  4.657    

Slack (MET) :             5.591ns  (required time - arrival time)
  Source:                 MB_i/sha256_0/inst/done_reg/C
                            (rising edge-triggered cell FDCE clocked by clk_out1_MB_clk_wiz_1  {rise@0.000ns fall@10.000ns period=20.000ns})
  Destination:            MB_i/uart_0/inst/tx_active_reg/D
                            (rising edge-triggered cell FDCE clocked by clk_out2_MB_clk_wiz_1  {rise@0.000ns fall@5.000ns period=10.000ns})
  Path Group:             clk_out2_MB_clk_wiz_1
  Path Type:              Setup (Max at Slow Process Corner)
  Requirement:            10.000ns  (clk_out2_MB_clk_wiz_1 rise@10.000ns - clk_out1_MB_clk_wiz_1 rise@0.000ns)
  Data Path Delay:        4.026ns  (logic 0.704ns (17.487%)  route 3.322ns (82.513%))
  Logic Levels:           2  (LUT6=2)
  Clock Path Skew:        -0.209ns (DCD - SCD + CPR)
    Destination Clock Delay (DCD):    -1.318ns = ( 8.682 - 10.000 ) 
    Source Clock Delay      (SCD):    -0.712ns
    Clock Pessimism Removal (CPR):    0.398ns
  Clock Uncertainty:      0.204ns  ((TSJ^2 + DJ^2)^1/2) / 2 + PE
    Total System Jitter     (TSJ):    0.071ns
    Discrete Jitter          (DJ):    0.152ns
    Phase Error              (PE):    0.120ns

    Location             Delay type                Incr(ns)  Path(ns)    Netlist Resource(s)
  -------------------------------------------------------------------    -------------------
                         (clock clk_out1_MB_clk_wiz_1 rise edge)
                                                      0.000     0.000 r  
    W5                                                0.000     0.000 r  sys_clock (IN)
                         net (fo=0)                   0.000     0.000    MB_i/clk_wiz/inst/clk_in1
    W5                   IBUF (Prop_ibuf_I_O)         1.458     1.458 r  MB_i/clk_wiz/inst/clkin1_ibufg/O
                         net (fo=1, routed)           1.233     2.691    MB_i/clk_wiz/inst/clk_in1_MB_clk_wiz_1
    MMCME2_ADV_X1Y0      MMCME2_ADV (Prop_mmcme2_adv_CLKIN1_CLKOUT0)
                                                     -6.961    -4.269 r  MB_i/clk_wiz/inst/mmcm_adv_inst/CLKOUT0
                         net (fo=1, routed)           1.661    -2.608    MB_i/clk_wiz/inst/clk_out1_MB_clk_wiz_1
    BUFGCTRL_X0Y0        BUFG (Prop_bufg_I_O)         0.096    -2.512 r  MB_i/clk_wiz/inst/clkout1_buf/O
                         net (fo=2868, routed)        1.800    -0.712    MB_i/sha256_0/inst/clk
    SLICE_X5Y116         FDCE                                         r  MB_i/sha256_0/inst/done_reg/C
  -------------------------------------------------------------------    -------------------
    SLICE_X5Y116         FDCE (Prop_fdce_C_Q)         0.456    -0.256 r  MB_i/sha256_0/inst/done_reg/Q
                         net (fo=7, routed)           1.764     1.508    MB_i/uart_0/inst/hash_done
    SLICE_X5Y114         LUT6 (Prop_lut6_I1_O)        0.124     1.632 r  MB_i/uart_0/inst/tx_byte_count[5]_i_1/O
                         net (fo=7, routed)           1.558     3.190    MB_i/uart_0/inst/tx_byte_count[5]_i_1_n_0
    SLICE_X4Y114         LUT6 (Prop_lut6_I0_O)        0.124     3.314 r  MB_i/uart_0/inst/tx_active_i_1/O
                         net (fo=1, routed)           0.000     3.314    MB_i/uart_0/inst/tx_active_i_1_n_0
    SLICE_X4Y114         FDCE                                         r  MB_i/uart_0/inst/tx_active_reg/D
  -------------------------------------------------------------------    -------------------

                         (clock clk_out2_MB_clk_wiz_1 rise edge)
                                                     10.000    10.000 r  
    W5                                                0.000    10.000 r  sys_clock (IN)
                         net (fo=0)                   0.000    10.000    MB_i/clk_wiz/inst/clk_in1
    W5                   IBUF (Prop_ibuf_I_O)         1.388    11.388 r  MB_i/clk_wiz/inst/clkin1_ibufg/O
                         net (fo=1, routed)           1.162    12.550    MB_i/clk_wiz/inst/clk_in1_MB_clk_wiz_1
    MMCME2_ADV_X1Y0      MMCME2_ADV (Prop_mmcme2_adv_CLKIN1_CLKOUT1)
                                                     -7.217     5.332 r  MB_i/clk_wiz/inst/mmcm_adv_inst/CLKOUT1
                         net (fo=1, routed)           1.581     6.914    MB_i/clk_wiz/inst/clk_out2_MB_clk_wiz_1
    BUFGCTRL_X0Y1        BUFG (Prop_bufg_I_O)         0.091     7.005 r  MB_i/clk_wiz/inst/clkout2_buf/O
                         net (fo=596, routed)         1.677     8.682    MB_i/uart_0/inst/clk
    SLICE_X4Y114         FDCE                                         r  MB_i/uart_0/inst/tx_active_reg/C
                         clock pessimism              0.398     9.080    
                         clock uncertainty           -0.204     8.876    
    SLICE_X4Y114         FDCE (Setup_fdce_C_D)        0.029     8.905    MB_i/uart_0/inst/tx_active_reg
  -------------------------------------------------------------------
                         required time                          8.905    
                         arrival time                          -3.314    
  -------------------------------------------------------------------
                         slack                                  5.591    

Slack (MET) :             5.826ns  (required time - arrival time)
  Source:                 MB_i/sha256_0/inst/done_reg/C
                            (rising edge-triggered cell FDCE clocked by clk_out1_MB_clk_wiz_1  {rise@0.000ns fall@10.000ns period=20.000ns})
  Destination:            MB_i/uart_0/inst/tx_clk_count_reg[0]/D
                            (rising edge-triggered cell FDCE clocked by clk_out2_MB_clk_wiz_1  {rise@0.000ns fall@5.000ns period=10.000ns})
  Path Group:             clk_out2_MB_clk_wiz_1
  Path Type:              Setup (Max at Slow Process Corner)
  Requirement:            10.000ns  (clk_out2_MB_clk_wiz_1 rise@10.000ns - clk_out1_MB_clk_wiz_1 rise@0.000ns)
  Data Path Delay:        3.794ns  (logic 0.704ns (18.556%)  route 3.090ns (81.444%))
  Logic Levels:           2  (LUT4=1 LUT5=1)
  Clock Path Skew:        -0.206ns (DCD - SCD + CPR)
    Destination Clock Delay (DCD):    -1.315ns = ( 8.685 - 10.000 ) 
    Source Clock Delay      (SCD):    -0.712ns
    Clock Pessimism Removal (CPR):    0.398ns
  Clock Uncertainty:      0.204ns  ((TSJ^2 + DJ^2)^1/2) / 2 + PE
    Total System Jitter     (TSJ):    0.071ns
    Discrete Jitter          (DJ):    0.152ns
    Phase Error              (PE):    0.120ns

    Location             Delay type                Incr(ns)  Path(ns)    Netlist Resource(s)
  -------------------------------------------------------------------    -------------------
                         (clock clk_out1_MB_clk_wiz_1 rise edge)
                                                      0.000     0.000 r  
    W5                                                0.000     0.000 r  sys_clock (IN)
                         net (fo=0)                   0.000     0.000    MB_i/clk_wiz/inst/clk_in1
    W5                   IBUF (Prop_ibuf_I_O)         1.458     1.458 r  MB_i/clk_wiz/inst/clkin1_ibufg/O
                         net (fo=1, routed)           1.233     2.691    MB_i/clk_wiz/inst/clk_in1_MB_clk_wiz_1
    MMCME2_ADV_X1Y0      MMCME2_ADV (Prop_mmcme2_adv_CLKIN1_CLKOUT0)
                                                     -6.961    -4.269 r  MB_i/clk_wiz/inst/mmcm_adv_inst/CLKOUT0
                         net (fo=1, routed)           1.661    -2.608    MB_i/clk_wiz/inst/clk_out1_MB_clk_wiz_1
    BUFGCTRL_X0Y0        BUFG (Prop_bufg_I_O)         0.096    -2.512 r  MB_i/clk_wiz/inst/clkout1_buf/O
                         net (fo=2868, routed)        1.800    -0.712    MB_i/sha256_0/inst/clk
    SLICE_X5Y116         FDCE                                         r  MB_i/sha256_0/inst/done_reg/C
  -------------------------------------------------------------------    -------------------
    SLICE_X5Y116         FDCE (Prop_fdce_C_Q)         0.456    -0.256 r  MB_i/sha256_0/inst/done_reg/Q
                         net (fo=7, routed)           1.539     1.283    MB_i/uart_0/inst/hash_done
    SLICE_X2Y113         LUT5 (Prop_lut5_I3_O)        0.124     1.407 f  MB_i/uart_0/inst/tx_clk_count[15]_i_3/O
                         net (fo=16, routed)          1.551     2.958    MB_i/uart_0/inst/tx_clk_count[15]_i_3_n_0
    SLICE_X0Y111         LUT4 (Prop_lut4_I3_O)        0.124     3.082 r  MB_i/uart_0/inst/tx_clk_count[0]_i_1/O
                         net (fo=1, routed)           0.000     3.082    MB_i/uart_0/inst/tx_clk_count[0]_i_1_n_0
    SLICE_X0Y111         FDCE                                         r  MB_i/uart_0/inst/tx_clk_count_reg[0]/D
  -------------------------------------------------------------------    -------------------

                         (clock clk_out2_MB_clk_wiz_1 rise edge)
                                                     10.000    10.000 r  
    W5                                                0.000    10.000 r  sys_clock (IN)
                         net (fo=0)                   0.000    10.000    MB_i/clk_wiz/inst/clk_in1
    W5                   IBUF (Prop_ibuf_I_O)         1.388    11.388 r  MB_i/clk_wiz/inst/clkin1_ibufg/O
                         net (fo=1, routed)           1.162    12.550    MB_i/clk_wiz/inst/clk_in1_MB_clk_wiz_1
    MMCME2_ADV_X1Y0      MMCME2_ADV (Prop_mmcme2_adv_CLKIN1_CLKOUT1)
                                                     -7.217     5.332 r  MB_i/clk_wiz/inst/mmcm_adv_inst/CLKOUT1
                         net (fo=1, routed)           1.581     6.914    MB_i/clk_wiz/inst/clk_out2_MB_clk_wiz_1
    BUFGCTRL_X0Y1        BUFG (Prop_bufg_I_O)         0.091     7.005 r  MB_i/clk_wiz/inst/clkout2_buf/O
                         net (fo=596, routed)         1.680     8.685    MB_i/uart_0/inst/clk
    SLICE_X0Y111         FDCE                                         r  MB_i/uart_0/inst/tx_clk_count_reg[0]/C
                         clock pessimism              0.398     9.083    
                         clock uncertainty           -0.204     8.879    
    SLICE_X0Y111         FDCE (Setup_fdce_C_D)        0.029     8.908    MB_i/uart_0/inst/tx_clk_count_reg[0]
  -------------------------------------------------------------------
                         required time                          8.908    
                         arrival time                          -3.082    
  -------------------------------------------------------------------
                         slack                                  5.826    

Slack (MET) :             5.835ns  (required time - arrival time)
  Source:                 MB_i/sha256_0/inst/done_reg/C
                            (rising edge-triggered cell FDCE clocked by clk_out1_MB_clk_wiz_1  {rise@0.000ns fall@10.000ns period=20.000ns})
  Destination:            MB_i/uart_0/inst/tx_clk_count_reg[2]/D
                            (rising edge-triggered cell FDCE clocked by clk_out2_MB_clk_wiz_1  {rise@0.000ns fall@5.000ns period=10.000ns})
  Path Group:             clk_out2_MB_clk_wiz_1
  Path Type:              Setup (Max at Slow Process Corner)
  Requirement:            10.000ns  (clk_out2_MB_clk_wiz_1 rise@10.000ns - clk_out1_MB_clk_wiz_1 rise@0.000ns)
  Data Path Delay:        3.787ns  (logic 0.704ns (18.591%)  route 3.083ns (81.409%))
  Logic Levels:           2  (LUT4=1 LUT5=1)
  Clock Path Skew:        -0.206ns (DCD - SCD + CPR)
    Destination Clock Delay (DCD):    -1.315ns = ( 8.685 - 10.000 ) 
    Source Clock Delay      (SCD):    -0.712ns
    Clock Pessimism Removal (CPR):    0.398ns
  Clock Uncertainty:      0.204ns  ((TSJ^2 + DJ^2)^1/2) / 2 + PE
    Total System Jitter     (TSJ):    0.071ns
    Discrete Jitter          (DJ):    0.152ns
    Phase Error              (PE):    0.120ns

    Location             Delay type                Incr(ns)  Path(ns)    Netlist Resource(s)
  -------------------------------------------------------------------    -------------------
                         (clock clk_out1_MB_clk_wiz_1 rise edge)
                                                      0.000     0.000 r  
    W5                                                0.000     0.000 r  sys_clock (IN)
                         net (fo=0)                   0.000     0.000    MB_i/clk_wiz/inst/clk_in1
    W5                   IBUF (Prop_ibuf_I_O)         1.458     1.458 r  MB_i/clk_wiz/inst/clkin1_ibufg/O
                         net (fo=1, routed)           1.233     2.691    MB_i/clk_wiz/inst/clk_in1_MB_clk_wiz_1
    MMCME2_ADV_X1Y0      MMCME2_ADV (Prop_mmcme2_adv_CLKIN1_CLKOUT0)
                                                     -6.961    -4.269 r  MB_i/clk_wiz/inst/mmcm_adv_inst/CLKOUT0
                         net (fo=1, routed)           1.661    -2.608    MB_i/clk_wiz/inst/clk_out1_MB_clk_wiz_1
    BUFGCTRL_X0Y0        BUFG (Prop_bufg_I_O)         0.096    -2.512 r  MB_i/clk_wiz/inst/clkout1_buf/O
                         net (fo=2868, routed)        1.800    -0.712    MB_i/sha256_0/inst/clk
    SLICE_X5Y116         FDCE                                         r  MB_i/sha256_0/inst/done_reg/C
  -------------------------------------------------------------------    -------------------
    SLICE_X5Y116         FDCE (Prop_fdce_C_Q)         0.456    -0.256 f  MB_i/sha256_0/inst/done_reg/Q
                         net (fo=7, routed)           1.539     1.283    MB_i/uart_0/inst/hash_done
    SLICE_X2Y113         LUT5 (Prop_lut5_I3_O)        0.124     1.407 r  MB_i/uart_0/inst/tx_clk_count[15]_i_3/O
                         net (fo=16, routed)          1.544     2.951    MB_i/uart_0/inst/tx_clk_count[15]_i_3_n_0
    SLICE_X0Y111         LUT4 (Prop_lut4_I1_O)        0.124     3.075 r  MB_i/uart_0/inst/tx_clk_count[2]_i_1/O
                         net (fo=1, routed)           0.000     3.075    MB_i/uart_0/inst/tx_clk_count[2]_i_1_n_0
    SLICE_X0Y111         FDCE                                         r  MB_i/uart_0/inst/tx_clk_count_reg[2]/D
  -------------------------------------------------------------------    -------------------

                         (clock clk_out2_MB_clk_wiz_1 rise edge)
                                                     10.000    10.000 r  
    W5                                                0.000    10.000 r  sys_clock (IN)
                         net (fo=0)                   0.000    10.000    MB_i/clk_wiz/inst/clk_in1
    W5                   IBUF (Prop_ibuf_I_O)         1.388    11.388 r  MB_i/clk_wiz/inst/clkin1_ibufg/O
                         net (fo=1, routed)           1.162    12.550    MB_i/clk_wiz/inst/clk_in1_MB_clk_wiz_1
    MMCME2_ADV_X1Y0      MMCME2_ADV (Prop_mmcme2_adv_CLKIN1_CLKOUT1)
                                                     -7.217     5.332 r  MB_i/clk_wiz/inst/mmcm_adv_inst/CLKOUT1
                         net (fo=1, routed)           1.581     6.914    MB_i/clk_wiz/inst/clk_out2_MB_clk_wiz_1
    BUFGCTRL_X0Y1        BUFG (Prop_bufg_I_O)         0.091     7.005 r  MB_i/clk_wiz/inst/clkout2_buf/O
                         net (fo=596, routed)         1.680     8.685    MB_i/uart_0/inst/clk
    SLICE_X0Y111         FDCE                                         r  MB_i/uart_0/inst/tx_clk_count_reg[2]/C
                         clock pessimism              0.398     9.083    
                         clock uncertainty           -0.204     8.879    
    SLICE_X0Y111         FDCE (Setup_fdce_C_D)        0.031     8.910    MB_i/uart_0/inst/tx_clk_count_reg[2]
  -------------------------------------------------------------------
                         required time                          8.910    
                         arrival time                          -3.075    
  -------------------------------------------------------------------
                         slack                                  5.835    

Slack (MET) :             5.844ns  (required time - arrival time)
  Source:                 MB_i/sha256_0/inst/done_reg/C
                            (rising edge-triggered cell FDCE clocked by clk_out1_MB_clk_wiz_1  {rise@0.000ns fall@10.000ns period=20.000ns})
  Destination:            MB_i/uart_0/inst/tx_clk_count_reg[1]/D
                            (rising edge-triggered cell FDCE clocked by clk_out2_MB_clk_wiz_1  {rise@0.000ns fall@5.000ns period=10.000ns})
  Path Group:             clk_out2_MB_clk_wiz_1
  Path Type:              Setup (Max at Slow Process Corner)
  Requirement:            10.000ns  (clk_out2_MB_clk_wiz_1 rise@10.000ns - clk_out1_MB_clk_wiz_1 rise@0.000ns)
  Data Path Delay:        3.822ns  (logic 0.732ns (19.152%)  route 3.090ns (80.848%))
  Logic Levels:           2  (LUT4=1 LUT5=1)
  Clock Path Skew:        -0.206ns (DCD - SCD + CPR)
    Destination Clock Delay (DCD):    -1.315ns = ( 8.685 - 10.000 ) 
    Source Clock Delay      (SCD):    -0.712ns
    Clock Pessimism Removal (CPR):    0.398ns
  Clock Uncertainty:      0.204ns  ((TSJ^2 + DJ^2)^1/2) / 2 + PE
    Total System Jitter     (TSJ):    0.071ns
    Discrete Jitter          (DJ):    0.152ns
    Phase Error              (PE):    0.120ns

    Location             Delay type                Incr(ns)  Path(ns)    Netlist Resource(s)
  -------------------------------------------------------------------    -------------------
                         (clock clk_out1_MB_clk_wiz_1 rise edge)
                                                      0.000     0.000 r  
    W5                                                0.000     0.000 r  sys_clock (IN)
                         net (fo=0)                   0.000     0.000    MB_i/clk_wiz/inst/clk_in1
    W5                   IBUF (Prop_ibuf_I_O)         1.458     1.458 r  MB_i/clk_wiz/inst/clkin1_ibufg/O
                         net (fo=1, routed)           1.233     2.691    MB_i/clk_wiz/inst/clk_in1_MB_clk_wiz_1
    MMCME2_ADV_X1Y0      MMCME2_ADV (Prop_mmcme2_adv_CLKIN1_CLKOUT0)
                                                     -6.961    -4.269 r  MB_i/clk_wiz/inst/mmcm_adv_inst/CLKOUT0
                         net (fo=1, routed)           1.661    -2.608    MB_i/clk_wiz/inst/clk_out1_MB_clk_wiz_1
    BUFGCTRL_X0Y0        BUFG (Prop_bufg_I_O)         0.096    -2.512 r  MB_i/clk_wiz/inst/clkout1_buf/O
                         net (fo=2868, routed)        1.800    -0.712    MB_i/sha256_0/inst/clk
    SLICE_X5Y116         FDCE                                         r  MB_i/sha256_0/inst/done_reg/C
  -------------------------------------------------------------------    -------------------
    SLICE_X5Y116         FDCE (Prop_fdce_C_Q)         0.456    -0.256 r  MB_i/sha256_0/inst/done_reg/Q
                         net (fo=7, routed)           1.539     1.283    MB_i/uart_0/inst/hash_done
    SLICE_X2Y113         LUT5 (Prop_lut5_I3_O)        0.124     1.407 f  MB_i/uart_0/inst/tx_clk_count[15]_i_3/O
                         net (fo=16, routed)          1.551     2.958    MB_i/uart_0/inst/tx_clk_count[15]_i_3_n_0
    SLICE_X0Y111         LUT4 (Prop_lut4_I3_O)        0.152     3.110 r  MB_i/uart_0/inst/tx_clk_count[1]_i_1/O
                         net (fo=1, routed)           0.000     3.110    MB_i/uart_0/inst/tx_clk_count[1]_i_1_n_0
    SLICE_X0Y111         FDCE                                         r  MB_i/uart_0/inst/tx_clk_count_reg[1]/D
  -------------------------------------------------------------------    -------------------

                         (clock clk_out2_MB_clk_wiz_1 rise edge)
                                                     10.000    10.000 r  
    W5                                                0.000    10.000 r  sys_clock (IN)
                         net (fo=0)                   0.000    10.000    MB_i/clk_wiz/inst/clk_in1
    W5                   IBUF (Prop_ibuf_I_O)         1.388    11.388 r  MB_i/clk_wiz/inst/clkin1_ibufg/O
                         net (fo=1, routed)           1.162    12.550    MB_i/clk_wiz/inst/clk_in1_MB_clk_wiz_1
    MMCME2_ADV_X1Y0      MMCME2_ADV (Prop_mmcme2_adv_CLKIN1_CLKOUT1)
                                                     -7.217     5.332 r  MB_i/clk_wiz/inst/mmcm_adv_inst/CLKOUT1
                         net (fo=1, routed)           1.581     6.914    MB_i/clk_wiz/inst/clk_out2_MB_clk_wiz_1
    BUFGCTRL_X0Y1        BUFG (Prop_bufg_I_O)         0.091     7.005 r  MB_i/clk_wiz/inst/clkout2_buf/O
                         net (fo=596, routed)         1.680     8.685    MB_i/uart_0/inst/clk
    SLICE_X0Y111         FDCE                                         r  MB_i/uart_0/inst/tx_clk_count_reg[1]/C
                         clock pessimism              0.398     9.083    
                         clock uncertainty           -0.204     8.879    
    SLICE_X0Y111         FDCE (Setup_fdce_C_D)        0.075     8.954    MB_i/uart_0/inst/tx_clk_count_reg[1]
  -------------------------------------------------------------------
                         required time                          8.954    
                         arrival time                          -3.110    
  -------------------------------------------------------------------
                         slack                                  5.844    

Slack (MET) :             5.849ns  (required time - arrival time)
  Source:                 MB_i/sha256_0/inst/hash_reg[133]/C
                            (rising edge-triggered cell FDRE clocked by clk_out1_MB_clk_wiz_1  {rise@0.000ns fall@10.000ns period=20.000ns})
  Destination:            MB_i/uart_0/inst/tx_data_reg[5]/D
                            (rising edge-triggered cell FDCE clocked by clk_out2_MB_clk_wiz_1  {rise@0.000ns fall@5.000ns period=10.000ns})
  Path Group:             clk_out2_MB_clk_wiz_1
  Path Type:              Setup (Max at Slow Process Corner)
  Requirement:            10.000ns  (clk_out2_MB_clk_wiz_1 rise@10.000ns - clk_out1_MB_clk_wiz_1 rise@0.000ns)
  Data Path Delay:        3.784ns  (logic 0.918ns (24.259%)  route 2.866ns (75.741%))
  Logic Levels:           3  (LUT6=2 MUXF7=1)
  Clock Path Skew:        -0.277ns (DCD - SCD + CPR)
    Destination Clock Delay (DCD):    -1.391ns = ( 8.609 - 10.000 ) 
    Source Clock Delay      (SCD):    -0.717ns
    Clock Pessimism Removal (CPR):    0.398ns
  Clock Uncertainty:      0.204ns  ((TSJ^2 + DJ^2)^1/2) / 2 + PE
    Total System Jitter     (TSJ):    0.071ns
    Discrete Jitter          (DJ):    0.152ns
    Phase Error              (PE):    0.120ns

    Location             Delay type                Incr(ns)  Path(ns)    Netlist Resource(s)
  -------------------------------------------------------------------    -------------------
                         (clock clk_out1_MB_clk_wiz_1 rise edge)
                                                      0.000     0.000 r  
    W5                                                0.000     0.000 r  sys_clock (IN)
                         net (fo=0)                   0.000     0.000    MB_i/clk_wiz/inst/clk_in1
    W5                   IBUF (Prop_ibuf_I_O)         1.458     1.458 r  MB_i/clk_wiz/inst/clkin1_ibufg/O
                         net (fo=1, routed)           1.233     2.691    MB_i/clk_wiz/inst/clk_in1_MB_clk_wiz_1
    MMCME2_ADV_X1Y0      MMCME2_ADV (Prop_mmcme2_adv_CLKIN1_CLKOUT0)
                                                     -6.961    -4.269 r  MB_i/clk_wiz/inst/mmcm_adv_inst/CLKOUT0
                         net (fo=1, routed)           1.661    -2.608    MB_i/clk_wiz/inst/clk_out1_MB_clk_wiz_1
    BUFGCTRL_X0Y0        BUFG (Prop_bufg_I_O)         0.096    -2.512 r  MB_i/clk_wiz/inst/clkout1_buf/O
                         net (fo=2868, routed)        1.795    -0.717    MB_i/sha256_0/inst/clk
    SLICE_X3Y121         FDRE                                         r  MB_i/sha256_0/inst/hash_reg[133]/C
  -------------------------------------------------------------------    -------------------
    SLICE_X3Y121         FDRE (Prop_fdre_C_Q)         0.456    -0.261 r  MB_i/sha256_0/inst/hash_reg[133]/Q
                         net (fo=1, routed)           1.310     1.050    MB_i/uart_0/inst/hash[133]
    SLICE_X8Y127         LUT6 (Prop_lut6_I0_O)        0.124     1.174 r  MB_i/uart_0/inst/tx_data[5]_i_10/O
                         net (fo=1, routed)           1.556     2.730    MB_i/uart_0/inst/tx_data[5]_i_10_n_0
    SLICE_X8Y129         LUT6 (Prop_lut6_I4_O)        0.124     2.854 r  MB_i/uart_0/inst/tx_data[5]_i_3/O
                         net (fo=1, routed)           0.000     2.854    MB_i/uart_0/inst/tx_data[5]_i_3_n_0
    SLICE_X8Y129         MUXF7 (Prop_muxf7_I1_O)      0.214     3.068 r  MB_i/uart_0/inst/tx_data_reg[5]_i_1/O
                         net (fo=1, routed)           0.000     3.068    MB_i/uart_0/inst/tx_data_reg[5]_i_1_n_0
    SLICE_X8Y129         FDCE                                         r  MB_i/uart_0/inst/tx_data_reg[5]/D
  -------------------------------------------------------------------    -------------------

                         (clock clk_out2_MB_clk_wiz_1 rise edge)
                                                     10.000    10.000 r  
    W5                                                0.000    10.000 r  sys_clock (IN)
                         net (fo=0)                   0.000    10.000    MB_i/clk_wiz/inst/clk_in1
    W5                   IBUF (Prop_ibuf_I_O)         1.388    11.388 r  MB_i/clk_wiz/inst/clkin1_ibufg/O
                         net (fo=1, routed)           1.162    12.550    MB_i/clk_wiz/inst/clk_in1_MB_clk_wiz_1
    MMCME2_ADV_X1Y0      MMCME2_ADV (Prop_mmcme2_adv_CLKIN1_CLKOUT1)
                                                     -7.217     5.332 r  MB_i/clk_wiz/inst/mmcm_adv_inst/CLKOUT1
                         net (fo=1, routed)           1.581     6.914    MB_i/clk_wiz/inst/clk_out2_MB_clk_wiz_1
    BUFGCTRL_X0Y1        BUFG (Prop_bufg_I_O)         0.091     7.005 r  MB_i/clk_wiz/inst/clkout2_buf/O
                         net (fo=596, routed)         1.604     8.609    MB_i/uart_0/inst/clk
    SLICE_X8Y129         FDCE                                         r  MB_i/uart_0/inst/tx_data_reg[5]/C
                         clock pessimism              0.398     9.007    
                         clock uncertainty           -0.204     8.803    
    SLICE_X8Y129         FDCE (Setup_fdce_C_D)        0.113     8.916    MB_i/uart_0/inst/tx_data_reg[5]
  -------------------------------------------------------------------
                         required time                          8.916    
                         arrival time                          -3.068    
  -------------------------------------------------------------------
                         slack                                  5.849    

Slack (MET) :             5.851ns  (required time - arrival time)
  Source:                 MB_i/sha256_0/inst/done_reg/C
                            (rising edge-triggered cell FDCE clocked by clk_out1_MB_clk_wiz_1  {rise@0.000ns fall@10.000ns period=20.000ns})
  Destination:            MB_i/uart_0/inst/tx_clk_count_reg[3]/D
                            (rising edge-triggered cell FDCE clocked by clk_out2_MB_clk_wiz_1  {rise@0.000ns fall@5.000ns period=10.000ns})
  Path Group:             clk_out2_MB_clk_wiz_1
  Path Type:              Setup (Max at Slow Process Corner)
  Requirement:            10.000ns  (clk_out2_MB_clk_wiz_1 rise@10.000ns - clk_out1_MB_clk_wiz_1 rise@0.000ns)
  Data Path Delay:        3.815ns  (logic 0.732ns (19.189%)  route 3.083ns (80.811%))
  Logic Levels:           2  (LUT4=1 LUT5=1)
  Clock Path Skew:        -0.206ns (DCD - SCD + CPR)
    Destination Clock Delay (DCD):    -1.315ns = ( 8.685 - 10.000 ) 
    Source Clock Delay      (SCD):    -0.712ns
    Clock Pessimism Removal (CPR):    0.398ns
  Clock Uncertainty:      0.204ns  ((TSJ^2 + DJ^2)^1/2) / 2 + PE
    Total System Jitter     (TSJ):    0.071ns
    Discrete Jitter          (DJ):    0.152ns
    Phase Error              (PE):    0.120ns

    Location             Delay type                Incr(ns)  Path(ns)    Netlist Resource(s)
  -------------------------------------------------------------------    -------------------
                         (clock clk_out1_MB_clk_wiz_1 rise edge)
                                                      0.000     0.000 r  
    W5                                                0.000     0.000 r  sys_clock (IN)
                         net (fo=0)                   0.000     0.000    MB_i/clk_wiz/inst/clk_in1
    W5                   IBUF (Prop_ibuf_I_O)         1.458     1.458 r  MB_i/clk_wiz/inst/clkin1_ibufg/O
                         net (fo=1, routed)           1.233     2.691    MB_i/clk_wiz/inst/clk_in1_MB_clk_wiz_1
    MMCME2_ADV_X1Y0      MMCME2_ADV (Prop_mmcme2_adv_CLKIN1_CLKOUT0)
                                                     -6.961    -4.269 r  MB_i/clk_wiz/inst/mmcm_adv_inst/CLKOUT0
                         net (fo=1, routed)           1.661    -2.608    MB_i/clk_wiz/inst/clk_out1_MB_clk_wiz_1
    BUFGCTRL_X0Y0        BUFG (Prop_bufg_I_O)         0.096    -2.512 r  MB_i/clk_wiz/inst/clkout1_buf/O
                         net (fo=2868, routed)        1.800    -0.712    MB_i/sha256_0/inst/clk
    SLICE_X5Y116         FDCE                                         r  MB_i/sha256_0/inst/done_reg/C
  -------------------------------------------------------------------    -------------------
    SLICE_X5Y116         FDCE (Prop_fdce_C_Q)         0.456    -0.256 f  MB_i/sha256_0/inst/done_reg/Q
                         net (fo=7, routed)           1.539     1.283    MB_i/uart_0/inst/hash_done
    SLICE_X2Y113         LUT5 (Prop_lut5_I3_O)        0.124     1.407 r  MB_i/uart_0/inst/tx_clk_count[15]_i_3/O
                         net (fo=16, routed)          1.544     2.951    MB_i/uart_0/inst/tx_clk_count[15]_i_3_n_0
    SLICE_X0Y111         LUT4 (Prop_lut4_I1_O)        0.152     3.103 r  MB_i/uart_0/inst/tx_clk_count[3]_i_1/O
                         net (fo=1, routed)           0.000     3.103    MB_i/uart_0/inst/tx_clk_count[3]_i_1_n_0
    SLICE_X0Y111         FDCE                                         r  MB_i/uart_0/inst/tx_clk_count_reg[3]/D
  -------------------------------------------------------------------    -------------------

                         (clock clk_out2_MB_clk_wiz_1 rise edge)
                                                     10.000    10.000 r  
    W5                                                0.000    10.000 r  sys_clock (IN)
                         net (fo=0)                   0.000    10.000    MB_i/clk_wiz/inst/clk_in1
    W5                   IBUF (Prop_ibuf_I_O)         1.388    11.388 r  MB_i/clk_wiz/inst/clkin1_ibufg/O
                         net (fo=1, routed)           1.162    12.550    MB_i/clk_wiz/inst/clk_in1_MB_clk_wiz_1
    MMCME2_ADV_X1Y0      MMCME2_ADV (Prop_mmcme2_adv_CLKIN1_CLKOUT1)
                                                     -7.217     5.332 r  MB_i/clk_wiz/inst/mmcm_adv_inst/CLKOUT1
                         net (fo=1, routed)           1.581     6.914    MB_i/clk_wiz/inst/clk_out2_MB_clk_wiz_1
    BUFGCTRL_X0Y1        BUFG (Prop_bufg_I_O)         0.091     7.005 r  MB_i/clk_wiz/inst/clkout2_buf/O
                         net (fo=596, routed)         1.680     8.685    MB_i/uart_0/inst/clk
    SLICE_X0Y111         FDCE                                         r  MB_i/uart_0/inst/tx_clk_count_reg[3]/C
                         clock pessimism              0.398     9.083    
                         clock uncertainty           -0.204     8.879    
    SLICE_X0Y111         FDCE (Setup_fdce_C_D)        0.075     8.954    MB_i/uart_0/inst/tx_clk_count_reg[3]
  -------------------------------------------------------------------
                         required time                          8.954    
                         arrival time                          -3.103    
  -------------------------------------------------------------------
                         slack                                  5.851    

Slack (MET) :             5.890ns  (required time - arrival time)
  Source:                 MB_i/sha256_0/inst/done_reg/C
                            (rising edge-triggered cell FDCE clocked by clk_out1_MB_clk_wiz_1  {rise@0.000ns fall@10.000ns period=20.000ns})
  Destination:            MB_i/uart_0/inst/tx_clk_count_reg[14]/D
                            (rising edge-triggered cell FDCE clocked by clk_out2_MB_clk_wiz_1  {rise@0.000ns fall@5.000ns period=10.000ns})
  Path Group:             clk_out2_MB_clk_wiz_1
  Path Type:              Setup (Max at Slow Process Corner)
  Requirement:            10.000ns  (clk_out2_MB_clk_wiz_1 rise@10.000ns - clk_out1_MB_clk_wiz_1 rise@0.000ns)
  Data Path Delay:        3.728ns  (logic 0.704ns (18.883%)  route 3.024ns (81.117%))
  Logic Levels:           2  (LUT4=1 LUT5=1)
  Clock Path Skew:        -0.208ns (DCD - SCD + CPR)
    Destination Clock Delay (DCD):    -1.317ns = ( 8.683 - 10.000 ) 
    Source Clock Delay      (SCD):    -0.712ns
    Clock Pessimism Removal (CPR):    0.398ns
  Clock Uncertainty:      0.204ns  ((TSJ^2 + DJ^2)^1/2) / 2 + PE
    Total System Jitter     (TSJ):    0.071ns
    Discrete Jitter          (DJ):    0.152ns
    Phase Error              (PE):    0.120ns

    Location             Delay type                Incr(ns)  Path(ns)    Netlist Resource(s)
  -------------------------------------------------------------------    -------------------
                         (clock clk_out1_MB_clk_wiz_1 rise edge)
                                                      0.000     0.000 r  
    W5                                                0.000     0.000 r  sys_clock (IN)
                         net (fo=0)                   0.000     0.000    MB_i/clk_wiz/inst/clk_in1
    W5                   IBUF (Prop_ibuf_I_O)         1.458     1.458 r  MB_i/clk_wiz/inst/clkin1_ibufg/O
                         net (fo=1, routed)           1.233     2.691    MB_i/clk_wiz/inst/clk_in1_MB_clk_wiz_1
    MMCME2_ADV_X1Y0      MMCME2_ADV (Prop_mmcme2_adv_CLKIN1_CLKOUT0)
                                                     -6.961    -4.269 r  MB_i/clk_wiz/inst/mmcm_adv_inst/CLKOUT0
                         net (fo=1, routed)           1.661    -2.608    MB_i/clk_wiz/inst/clk_out1_MB_clk_wiz_1
    BUFGCTRL_X0Y0        BUFG (Prop_bufg_I_O)         0.096    -2.512 r  MB_i/clk_wiz/inst/clkout1_buf/O
                         net (fo=2868, routed)        1.800    -0.712    MB_i/sha256_0/inst/clk
    SLICE_X5Y116         FDCE                                         r  MB_i/sha256_0/inst/done_reg/C
  -------------------------------------------------------------------    -------------------
    SLICE_X5Y116         FDCE (Prop_fdce_C_Q)         0.456    -0.256 f  MB_i/sha256_0/inst/done_reg/Q
                         net (fo=7, routed)           1.539     1.283    MB_i/uart_0/inst/hash_done
    SLICE_X2Y113         LUT5 (Prop_lut5_I3_O)        0.124     1.407 r  MB_i/uart_0/inst/tx_clk_count[15]_i_3/O
                         net (fo=16, routed)          1.485     2.893    MB_i/uart_0/inst/tx_clk_count[15]_i_3_n_0
    SLICE_X0Y114         LUT4 (Prop_lut4_I1_O)        0.124     3.017 r  MB_i/uart_0/inst/tx_clk_count[14]_i_1/O
                         net (fo=1, routed)           0.000     3.017    MB_i/uart_0/inst/tx_clk_count[14]_i_1_n_0
    SLICE_X0Y114         FDCE                                         r  MB_i/uart_0/inst/tx_clk_count_reg[14]/D
  -------------------------------------------------------------------    -------------------

                         (clock clk_out2_MB_clk_wiz_1 rise edge)
                                                     10.000    10.000 r  
    W5                                                0.000    10.000 r  sys_clock (IN)
                         net (fo=0)                   0.000    10.000    MB_i/clk_wiz/inst/clk_in1
    W5                   IBUF (Prop_ibuf_I_O)         1.388    11.388 r  MB_i/clk_wiz/inst/clkin1_ibufg/O
                         net (fo=1, routed)           1.162    12.550    MB_i/clk_wiz/inst/clk_in1_MB_clk_wiz_1
    MMCME2_ADV_X1Y0      MMCME2_ADV (Prop_mmcme2_adv_CLKIN1_CLKOUT1)
                                                     -7.217     5.332 r  MB_i/clk_wiz/inst/mmcm_adv_inst/CLKOUT1
                         net (fo=1, routed)           1.581     6.914    MB_i/clk_wiz/inst/clk_out2_MB_clk_wiz_1
    BUFGCTRL_X0Y1        BUFG (Prop_bufg_I_O)         0.091     7.005 r  MB_i/clk_wiz/inst/clkout2_buf/O
                         net (fo=596, routed)         1.678     8.683    MB_i/uart_0/inst/clk
    SLICE_X0Y114         FDCE                                         r  MB_i/uart_0/inst/tx_clk_count_reg[14]/C
                         clock pessimism              0.398     9.081    
                         clock uncertainty           -0.204     8.877    
    SLICE_X0Y114         FDCE (Setup_fdce_C_D)        0.029     8.906    MB_i/uart_0/inst/tx_clk_count_reg[14]
  -------------------------------------------------------------------
                         required time                          8.906    
                         arrival time                          -3.017    
  -------------------------------------------------------------------
                         slack                                  5.890    

Slack (MET) :             5.901ns  (required time - arrival time)
  Source:                 MB_i/sha256_0/inst/hash_reg[251]/C
                            (rising edge-triggered cell FDRE clocked by clk_out1_MB_clk_wiz_1  {rise@0.000ns fall@10.000ns period=20.000ns})
  Destination:            MB_i/uart_0/inst/tx_data_reg[3]/D
                            (rising edge-triggered cell FDCE clocked by clk_out2_MB_clk_wiz_1  {rise@0.000ns fall@5.000ns period=10.000ns})
  Path Group:             clk_out2_MB_clk_wiz_1
  Path Type:              Setup (Max at Slow Process Corner)
  Requirement:            10.000ns  (clk_out2_MB_clk_wiz_1 rise@10.000ns - clk_out1_MB_clk_wiz_1 rise@0.000ns)
  Data Path Delay:        3.753ns  (logic 0.916ns (24.404%)  route 2.837ns (75.596%))
  Logic Levels:           3  (LUT6=2 MUXF7=1)
  Clock Path Skew:        -0.206ns (DCD - SCD + CPR)
    Destination Clock Delay (DCD):    -1.324ns = ( 8.676 - 10.000 ) 
    Source Clock Delay      (SCD):    -0.721ns
    Clock Pessimism Removal (CPR):    0.398ns
  Clock Uncertainty:      0.204ns  ((TSJ^2 + DJ^2)^1/2) / 2 + PE
    Total System Jitter     (TSJ):    0.071ns
    Discrete Jitter          (DJ):    0.152ns
    Phase Error              (PE):    0.120ns

    Location             Delay type                Incr(ns)  Path(ns)    Netlist Resource(s)
  -------------------------------------------------------------------    -------------------
                         (clock clk_out1_MB_clk_wiz_1 rise edge)
                                                      0.000     0.000 r  
    W5                                                0.000     0.000 r  sys_clock (IN)
                         net (fo=0)                   0.000     0.000    MB_i/clk_wiz/inst/clk_in1
    W5                   IBUF (Prop_ibuf_I_O)         1.458     1.458 r  MB_i/clk_wiz/inst/clkin1_ibufg/O
                         net (fo=1, routed)           1.233     2.691    MB_i/clk_wiz/inst/clk_in1_MB_clk_wiz_1
    MMCME2_ADV_X1Y0      MMCME2_ADV (Prop_mmcme2_adv_CLKIN1_CLKOUT0)
                                                     -6.961    -4.269 r  MB_i/clk_wiz/inst/mmcm_adv_inst/CLKOUT0
                         net (fo=1, routed)           1.661    -2.608    MB_i/clk_wiz/inst/clk_out1_MB_clk_wiz_1
    BUFGCTRL_X0Y0        BUFG (Prop_bufg_I_O)         0.096    -2.512 r  MB_i/clk_wiz/inst/clkout1_buf/O
                         net (fo=2868, routed)        1.791    -0.721    MB_i/sha256_0/inst/clk
    SLICE_X7Y127         FDRE                                         r  MB_i/sha256_0/inst/hash_reg[251]/C
  -------------------------------------------------------------------    -------------------
    SLICE_X7Y127         FDRE (Prop_fdre_C_Q)         0.456    -0.265 r  MB_i/sha256_0/inst/hash_reg[251]/Q
                         net (fo=1, routed)           1.411     1.146    MB_i/uart_0/inst/hash[251]
    SLICE_X16Y123        LUT6 (Prop_lut6_I4_O)        0.124     1.270 r  MB_i/uart_0/inst/tx_data[3]_i_6/O
                         net (fo=1, routed)           1.427     2.697    MB_i/uart_0/inst/tx_data[3]_i_6_n_0
    SLICE_X5Y120         LUT6 (Prop_lut6_I4_O)        0.124     2.821 r  MB_i/uart_0/inst/tx_data[3]_i_2/O
                         net (fo=1, routed)           0.000     2.821    MB_i/uart_0/inst/tx_data[3]_i_2_n_0
    SLICE_X5Y120         MUXF7 (Prop_muxf7_I0_O)      0.212     3.033 r  MB_i/uart_0/inst/tx_data_reg[3]_i_1/O
                         net (fo=1, routed)           0.000     3.033    MB_i/uart_0/inst/tx_data_reg[3]_i_1_n_0
    SLICE_X5Y120         FDCE                                         r  MB_i/uart_0/inst/tx_data_reg[3]/D
  -------------------------------------------------------------------    -------------------

                         (clock clk_out2_MB_clk_wiz_1 rise edge)
                                                     10.000    10.000 r  
    W5                                                0.000    10.000 r  sys_clock (IN)
                         net (fo=0)                   0.000    10.000    MB_i/clk_wiz/inst/clk_in1
    W5                   IBUF (Prop_ibuf_I_O)         1.388    11.388 r  MB_i/clk_wiz/inst/clkin1_ibufg/O
                         net (fo=1, routed)           1.162    12.550    MB_i/clk_wiz/inst/clk_in1_MB_clk_wiz_1
    MMCME2_ADV_X1Y0      MMCME2_ADV (Prop_mmcme2_adv_CLKIN1_CLKOUT1)
                                                     -7.217     5.332 r  MB_i/clk_wiz/inst/mmcm_adv_inst/CLKOUT1
                         net (fo=1, routed)           1.581     6.914    MB_i/clk_wiz/inst/clk_out2_MB_clk_wiz_1
    BUFGCTRL_X0Y1        BUFG (Prop_bufg_I_O)         0.091     7.005 r  MB_i/clk_wiz/inst/clkout2_buf/O
                         net (fo=596, routed)         1.671     8.676    MB_i/uart_0/inst/clk
    SLICE_X5Y120         FDCE                                         r  MB_i/uart_0/inst/tx_data_reg[3]/C
                         clock pessimism              0.398     9.074    
                         clock uncertainty           -0.204     8.870    
    SLICE_X5Y120         FDCE (Setup_fdce_C_D)        0.064     8.934    MB_i/uart_0/inst/tx_data_reg[3]
  -------------------------------------------------------------------
                         required time                          8.934    
                         arrival time                          -3.033    
  -------------------------------------------------------------------
                         slack                                  5.901    

Slack (MET) :             5.942ns  (required time - arrival time)
  Source:                 MB_i/sha256_0/inst/done_reg/C
                            (rising edge-triggered cell FDCE clocked by clk_out1_MB_clk_wiz_1  {rise@0.000ns fall@10.000ns period=20.000ns})
  Destination:            MB_i/uart_0/inst/tx_clk_count_reg[15]/D
                            (rising edge-triggered cell FDCE clocked by clk_out2_MB_clk_wiz_1  {rise@0.000ns fall@5.000ns period=10.000ns})
  Path Group:             clk_out2_MB_clk_wiz_1
  Path Type:              Setup (Max at Slow Process Corner)
  Requirement:            10.000ns  (clk_out2_MB_clk_wiz_1 rise@10.000ns - clk_out1_MB_clk_wiz_1 rise@0.000ns)
  Data Path Delay:        3.722ns  (logic 0.698ns (18.753%)  route 3.024ns (81.247%))
  Logic Levels:           2  (LUT4=1 LUT5=1)
  Clock Path Skew:        -0.208ns (DCD - SCD + CPR)
    Destination Clock Delay (DCD):    -1.317ns = ( 8.683 - 10.000 ) 
    Source Clock Delay      (SCD):    -0.712ns
    Clock Pessimism Removal (CPR):    0.398ns
  Clock Uncertainty:      0.204ns  ((TSJ^2 + DJ^2)^1/2) / 2 + PE
    Total System Jitter     (TSJ):    0.071ns
    Discrete Jitter          (DJ):    0.152ns
    Phase Error              (PE):    0.120ns

    Location             Delay type                Incr(ns)  Path(ns)    Netlist Resource(s)
  -------------------------------------------------------------------    -------------------
                         (clock clk_out1_MB_clk_wiz_1 rise edge)
                                                      0.000     0.000 r  
    W5                                                0.000     0.000 r  sys_clock (IN)
                         net (fo=0)                   0.000     0.000    MB_i/clk_wiz/inst/clk_in1
    W5                   IBUF (Prop_ibuf_I_O)         1.458     1.458 r  MB_i/clk_wiz/inst/clkin1_ibufg/O
                         net (fo=1, routed)           1.233     2.691    MB_i/clk_wiz/inst/clk_in1_MB_clk_wiz_1
    MMCME2_ADV_X1Y0      MMCME2_ADV (Prop_mmcme2_adv_CLKIN1_CLKOUT0)
                                                     -6.961    -4.269 r  MB_i/clk_wiz/inst/mmcm_adv_inst/CLKOUT0
                         net (fo=1, routed)           1.661    -2.608    MB_i/clk_wiz/inst/clk_out1_MB_clk_wiz_1
    BUFGCTRL_X0Y0        BUFG (Prop_bufg_I_O)         0.096    -2.512 r  MB_i/clk_wiz/inst/clkout1_buf/O
                         net (fo=2868, routed)        1.800    -0.712    MB_i/sha256_0/inst/clk
    SLICE_X5Y116         FDCE                                         r  MB_i/sha256_0/inst/done_reg/C
  -------------------------------------------------------------------    -------------------
    SLICE_X5Y116         FDCE (Prop_fdce_C_Q)         0.456    -0.256 f  MB_i/sha256_0/inst/done_reg/Q
                         net (fo=7, routed)           1.539     1.283    MB_i/uart_0/inst/hash_done
    SLICE_X2Y113         LUT5 (Prop_lut5_I3_O)        0.124     1.407 r  MB_i/uart_0/inst/tx_clk_count[15]_i_3/O
                         net (fo=16, routed)          1.485     2.893    MB_i/uart_0/inst/tx_clk_count[15]_i_3_n_0
    SLICE_X0Y114         LUT4 (Prop_lut4_I1_O)        0.118     3.011 r  MB_i/uart_0/inst/tx_clk_count[15]_i_2/O
                         net (fo=1, routed)           0.000     3.011    MB_i/uart_0/inst/tx_clk_count[15]_i_2_n_0
    SLICE_X0Y114         FDCE                                         r  MB_i/uart_0/inst/tx_clk_count_reg[15]/D
  -------------------------------------------------------------------    -------------------

                         (clock clk_out2_MB_clk_wiz_1 rise edge)
                                                     10.000    10.000 r  
    W5                                                0.000    10.000 r  sys_clock (IN)
                         net (fo=0)                   0.000    10.000    MB_i/clk_wiz/inst/clk_in1
    W5                   IBUF (Prop_ibuf_I_O)         1.388    11.388 r  MB_i/clk_wiz/inst/clkin1_ibufg/O
                         net (fo=1, routed)           1.162    12.550    MB_i/clk_wiz/inst/clk_in1_MB_clk_wiz_1
    MMCME2_ADV_X1Y0      MMCME2_ADV (Prop_mmcme2_adv_CLKIN1_CLKOUT1)
                                                     -7.217     5.332 r  MB_i/clk_wiz/inst/mmcm_adv_inst/CLKOUT1
                         net (fo=1, routed)           1.581     6.914    MB_i/clk_wiz/inst/clk_out2_MB_clk_wiz_1
    BUFGCTRL_X0Y1        BUFG (Prop_bufg_I_O)         0.091     7.005 r  MB_i/clk_wiz/inst/clkout2_buf/O
                         net (fo=596, routed)         1.678     8.683    MB_i/uart_0/inst/clk
    SLICE_X0Y114         FDCE                                         r  MB_i/uart_0/inst/tx_clk_count_reg[15]/C
                         clock pessimism              0.398     9.081    
                         clock uncertainty           -0.204     8.877    
    SLICE_X0Y114         FDCE (Setup_fdce_C_D)        0.075     8.952    MB_i/uart_0/inst/tx_clk_count_reg[15]
  -------------------------------------------------------------------
                         required time                          8.952    
                         arrival time                          -3.011    
  -------------------------------------------------------------------
                         slack                                  5.942    





Min Delay Paths
--------------------------------------------------------------------------------------
Slack (MET) :             0.134ns  (arrival time - required time)
  Source:                 MB_i/sha256_0/inst/hash_reg[215]/C
                            (rising edge-triggered cell FDRE clocked by clk_out1_MB_clk_wiz_1  {rise@0.000ns fall@10.000ns period=20.000ns})
  Destination:            MB_i/uart_0/inst/tx_data_reg[7]/D
                            (rising edge-triggered cell FDCE clocked by clk_out2_MB_clk_wiz_1  {rise@0.000ns fall@5.000ns period=10.000ns})
  Path Group:             clk_out2_MB_clk_wiz_1
  Path Type:              Hold (Min at Fast Process Corner)
  Requirement:            0.000ns  (clk_out2_MB_clk_wiz_1 rise@0.000ns - clk_out1_MB_clk_wiz_1 rise@0.000ns)
  Data Path Delay:        0.764ns  (logic 0.329ns (43.075%)  route 0.435ns (56.925%))
  Logic Levels:           3  (LUT6=2 MUXF7=1)
  Clock Path Skew:        0.292ns (DCD - SCD - CPR)
    Destination Clock Delay (DCD):    -0.779ns
    Source Clock Delay      (SCD):    -0.516ns
    Clock Pessimism Removal (CPR):    -0.555ns
  Clock Uncertainty:      0.204ns  ((TSJ^2 + DJ^2)^1/2) / 2 + PE
    Total System Jitter     (TSJ):    0.071ns
    Discrete Jitter          (DJ):    0.152ns
    Phase Error              (PE):    0.120ns

    Location             Delay type                Incr(ns)  Path(ns)    Netlist Resource(s)
  -------------------------------------------------------------------    -------------------
                         (clock clk_out1_MB_clk_wiz_1 rise edge)
                                                      0.000     0.000 r  
    W5                                                0.000     0.000 r  sys_clock (IN)
                         net (fo=0)                   0.000     0.000    MB_i/clk_wiz/inst/clk_in1
    W5                   IBUF (Prop_ibuf_I_O)         0.226     0.226 r  MB_i/clk_wiz/inst/clkin1_ibufg/O
                         net (fo=1, routed)           0.440     0.667    MB_i/clk_wiz/inst/clk_in1_MB_clk_wiz_1
    MMCME2_ADV_X1Y0      MMCME2_ADV (Prop_mmcme2_adv_CLKIN1_CLKOUT0)
                                                     -2.360    -1.693 r  MB_i/clk_wiz/inst/mmcm_adv_inst/CLKOUT0
                         net (fo=1, routed)           0.486    -1.207    MB_i/clk_wiz/inst/clk_out1_MB_clk_wiz_1
    BUFGCTRL_X0Y0        BUFG (Prop_bufg_I_O)         0.026    -1.181 r  MB_i/clk_wiz/inst/clkout1_buf/O
                         net (fo=2868, routed)        0.665    -0.516    MB_i/sha256_0/inst/clk
    SLICE_X2Y127         FDRE                                         r  MB_i/sha256_0/inst/hash_reg[215]/C
  -------------------------------------------------------------------    -------------------
    SLICE_X2Y127         FDRE (Prop_fdre_C_Q)         0.164    -0.352 r  MB_i/sha256_0/inst/hash_reg[215]/Q
                         net (fo=1, routed)           0.142    -0.209    MB_i/uart_0/inst/hash[215]
    SLICE_X3Y129         LUT6 (Prop_lut6_I1_O)        0.045    -0.164 r  MB_i/uart_0/inst/tx_data[7]_i_15/O
                         net (fo=1, routed)           0.292     0.128    MB_i/uart_0/inst/tx_data[7]_i_15_n_0
    SLICE_X8Y129         LUT6 (Prop_lut6_I5_O)        0.045     0.173 r  MB_i/uart_0/inst/tx_data[7]_i_5/O
                         net (fo=1, routed)           0.000     0.173    MB_i/uart_0/inst/tx_data[7]_i_5_n_0
    SLICE_X8Y129         MUXF7 (Prop_muxf7_I1_O)      0.075     0.248 r  MB_i/uart_0/inst/tx_data_reg[7]_i_2/O
                         net (fo=1, routed)           0.000     0.248    MB_i/uart_0/inst/tx_data_reg[7]_i_2_n_0
    SLICE_X8Y129         FDCE                                         r  MB_i/uart_0/inst/tx_data_reg[7]/D
  -------------------------------------------------------------------    -------------------

                         (clock clk_out2_MB_clk_wiz_1 rise edge)
                                                      0.000     0.000 r  
    W5                                                0.000     0.000 r  sys_clock (IN)
                         net (fo=0)                   0.000     0.000    MB_i/clk_wiz/inst/clk_in1
    W5                   IBUF (Prop_ibuf_I_O)         0.414     0.414 r  MB_i/clk_wiz/inst/clkin1_ibufg/O
                         net (fo=1, routed)           0.480     0.894    MB_i/clk_wiz/inst/clk_in1_MB_clk_wiz_1
    MMCME2_ADV_X1Y0      MMCME2_ADV (Prop_mmcme2_adv_CLKIN1_CLKOUT1)
                                                     -3.142    -2.248 r  MB_i/clk_wiz/inst/mmcm_adv_inst/CLKOUT1
                         net (fo=1, routed)           0.530    -1.718    MB_i/clk_wiz/inst/clk_out2_MB_clk_wiz_1
    BUFGCTRL_X0Y1        BUFG (Prop_bufg_I_O)         0.029    -1.689 r  MB_i/clk_wiz/inst/clkout2_buf/O
                         net (fo=596, routed)         0.910    -0.779    MB_i/uart_0/inst/clk
    SLICE_X8Y129         FDCE                                         r  MB_i/uart_0/inst/tx_data_reg[7]/C
                         clock pessimism              0.555    -0.224    
                         clock uncertainty            0.204    -0.021    
    SLICE_X8Y129         FDCE (Hold_fdce_C_D)         0.134     0.113    MB_i/uart_0/inst/tx_data_reg[7]
  -------------------------------------------------------------------
                         required time                         -0.113    
                         arrival time                           0.248    
  -------------------------------------------------------------------
                         slack                                  0.134    

Slack (MET) :             0.155ns  (arrival time - required time)
  Source:                 MB_i/sha256_0/inst/hash_reg[115]/C
                            (rising edge-triggered cell FDRE clocked by clk_out1_MB_clk_wiz_1  {rise@0.000ns fall@10.000ns period=20.000ns})
  Destination:            MB_i/uart_0/inst/tx_data_reg[3]/D
                            (rising edge-triggered cell FDCE clocked by clk_out2_MB_clk_wiz_1  {rise@0.000ns fall@5.000ns period=10.000ns})
  Path Group:             clk_out2_MB_clk_wiz_1
  Path Type:              Hold (Min at Fast Process Corner)
  Requirement:            0.000ns  (clk_out2_MB_clk_wiz_1 rise@0.000ns - clk_out1_MB_clk_wiz_1 rise@0.000ns)
  Data Path Delay:        0.814ns  (logic 0.293ns (35.984%)  route 0.521ns (64.016%))
  Logic Levels:           3  (LUT6=2 MUXF7=1)
  Clock Path Skew:        0.351ns (DCD - SCD - CPR)
    Destination Clock Delay (DCD):    -0.752ns
    Source Clock Delay      (SCD):    -0.548ns
    Clock Pessimism Removal (CPR):    -0.555ns
  Clock Uncertainty:      0.204ns  ((TSJ^2 + DJ^2)^1/2) / 2 + PE
    Total System Jitter     (TSJ):    0.071ns
    Discrete Jitter          (DJ):    0.152ns
    Phase Error              (PE):    0.120ns

    Location             Delay type                Incr(ns)  Path(ns)    Netlist Resource(s)
  -------------------------------------------------------------------    -------------------
                         (clock clk_out1_MB_clk_wiz_1 rise edge)
                                                      0.000     0.000 r  
    W5                                                0.000     0.000 r  sys_clock (IN)
                         net (fo=0)                   0.000     0.000    MB_i/clk_wiz/inst/clk_in1
    W5                   IBUF (Prop_ibuf_I_O)         0.226     0.226 r  MB_i/clk_wiz/inst/clkin1_ibufg/O
                         net (fo=1, routed)           0.440     0.667    MB_i/clk_wiz/inst/clk_in1_MB_clk_wiz_1
    MMCME2_ADV_X1Y0      MMCME2_ADV (Prop_mmcme2_adv_CLKIN1_CLKOUT0)
                                                     -2.360    -1.693 r  MB_i/clk_wiz/inst/mmcm_adv_inst/CLKOUT0
                         net (fo=1, routed)           0.486    -1.207    MB_i/clk_wiz/inst/clk_out1_MB_clk_wiz_1
    BUFGCTRL_X0Y0        BUFG (Prop_bufg_I_O)         0.026    -1.181 r  MB_i/clk_wiz/inst/clkout1_buf/O
                         net (fo=2868, routed)        0.633    -0.548    MB_i/sha256_0/inst/clk
    SLICE_X9Y124         FDRE                                         r  MB_i/sha256_0/inst/hash_reg[115]/C
  -------------------------------------------------------------------    -------------------
    SLICE_X9Y124         FDRE (Prop_fdre_C_Q)         0.141    -0.407 r  MB_i/sha256_0/inst/hash_reg[115]/Q
                         net (fo=1, routed)           0.139    -0.267    MB_i/uart_0/inst/hash[115]
    SLICE_X8Y122         LUT6 (Prop_lut6_I1_O)        0.045    -0.222 r  MB_i/uart_0/inst/tx_data[3]_i_5/O
                         net (fo=1, routed)           0.382     0.159    MB_i/uart_0/inst/tx_data[3]_i_5_n_0
    SLICE_X5Y120         LUT6 (Prop_lut6_I1_O)        0.045     0.204 r  MB_i/uart_0/inst/tx_data[3]_i_2/O
                         net (fo=1, routed)           0.000     0.204    MB_i/uart_0/inst/tx_data[3]_i_2_n_0
    SLICE_X5Y120         MUXF7 (Prop_muxf7_I0_O)      0.062     0.266 r  MB_i/uart_0/inst/tx_data_reg[3]_i_1/O
                         net (fo=1, routed)           0.000     0.266    MB_i/uart_0/inst/tx_data_reg[3]_i_1_n_0
    SLICE_X5Y120         FDCE                                         r  MB_i/uart_0/inst/tx_data_reg[3]/D
  -------------------------------------------------------------------    -------------------

                         (clock clk_out2_MB_clk_wiz_1 rise edge)
                                                      0.000     0.000 r  
    W5                                                0.000     0.000 r  sys_clock (IN)
                         net (fo=0)                   0.000     0.000    MB_i/clk_wiz/inst/clk_in1
    W5                   IBUF (Prop_ibuf_I_O)         0.414     0.414 r  MB_i/clk_wiz/inst/clkin1_ibufg/O
                         net (fo=1, routed)           0.480     0.894    MB_i/clk_wiz/inst/clk_in1_MB_clk_wiz_1
    MMCME2_ADV_X1Y0      MMCME2_ADV (Prop_mmcme2_adv_CLKIN1_CLKOUT1)
                                                     -3.142    -2.248 r  MB_i/clk_wiz/inst/mmcm_adv_inst/CLKOUT1
                         net (fo=1, routed)           0.530    -1.718    MB_i/clk_wiz/inst/clk_out2_MB_clk_wiz_1
    BUFGCTRL_X0Y1        BUFG (Prop_bufg_I_O)         0.029    -1.689 r  MB_i/clk_wiz/inst/clkout2_buf/O
                         net (fo=596, routed)         0.937    -0.752    MB_i/uart_0/inst/clk
    SLICE_X5Y120         FDCE                                         r  MB_i/uart_0/inst/tx_data_reg[3]/C
                         clock pessimism              0.555    -0.197    
                         clock uncertainty            0.204     0.006    
    SLICE_X5Y120         FDCE (Hold_fdce_C_D)         0.105     0.111    MB_i/uart_0/inst/tx_data_reg[3]
  -------------------------------------------------------------------
                         required time                         -0.111    
                         arrival time                           0.266    
  -------------------------------------------------------------------
                         slack                                  0.155    

Slack (MET) :             0.177ns  (arrival time - required time)
  Source:                 MB_i/sha256_0/inst/hash_reg[118]/C
                            (rising edge-triggered cell FDRE clocked by clk_out1_MB_clk_wiz_1  {rise@0.000ns fall@10.000ns period=20.000ns})
  Destination:            MB_i/uart_0/inst/tx_data_reg[6]/D
                            (rising edge-triggered cell FDCE clocked by clk_out2_MB_clk_wiz_1  {rise@0.000ns fall@5.000ns period=10.000ns})
  Path Group:             clk_out2_MB_clk_wiz_1
  Path Type:              Hold (Min at Fast Process Corner)
  Requirement:            0.000ns  (clk_out2_MB_clk_wiz_1 rise@0.000ns - clk_out1_MB_clk_wiz_1 rise@0.000ns)
  Data Path Delay:        0.837ns  (logic 0.293ns (35.007%)  route 0.544ns (64.993%))
  Logic Levels:           3  (LUT6=2 MUXF7=1)
  Clock Path Skew:        0.352ns (DCD - SCD - CPR)
    Destination Clock Delay (DCD):    -0.751ns
    Source Clock Delay      (SCD):    -0.548ns
    Clock Pessimism Removal (CPR):    -0.555ns
  Clock Uncertainty:      0.204ns  ((TSJ^2 + DJ^2)^1/2) / 2 + PE
    Total System Jitter     (TSJ):    0.071ns
    Discrete Jitter          (DJ):    0.152ns
    Phase Error              (PE):    0.120ns

    Location             Delay type                Incr(ns)  Path(ns)    Netlist Resource(s)
  -------------------------------------------------------------------    -------------------
                         (clock clk_out1_MB_clk_wiz_1 rise edge)
                                                      0.000     0.000 r  
    W5                                                0.000     0.000 r  sys_clock (IN)
                         net (fo=0)                   0.000     0.000    MB_i/clk_wiz/inst/clk_in1
    W5                   IBUF (Prop_ibuf_I_O)         0.226     0.226 r  MB_i/clk_wiz/inst/clkin1_ibufg/O
                         net (fo=1, routed)           0.440     0.667    MB_i/clk_wiz/inst/clk_in1_MB_clk_wiz_1
    MMCME2_ADV_X1Y0      MMCME2_ADV (Prop_mmcme2_adv_CLKIN1_CLKOUT0)
                                                     -2.360    -1.693 r  MB_i/clk_wiz/inst/mmcm_adv_inst/CLKOUT0
                         net (fo=1, routed)           0.486    -1.207    MB_i/clk_wiz/inst/clk_out1_MB_clk_wiz_1
    BUFGCTRL_X0Y0        BUFG (Prop_bufg_I_O)         0.026    -1.181 r  MB_i/clk_wiz/inst/clkout1_buf/O
                         net (fo=2868, routed)        0.633    -0.548    MB_i/sha256_0/inst/clk
    SLICE_X9Y125         FDRE                                         r  MB_i/sha256_0/inst/hash_reg[118]/C
  -------------------------------------------------------------------    -------------------
    SLICE_X9Y125         FDRE (Prop_fdre_C_Q)         0.141    -0.407 r  MB_i/sha256_0/inst/hash_reg[118]/Q
                         net (fo=1, routed)           0.197    -0.209    MB_i/uart_0/inst/hash[118]
    SLICE_X10Y126        LUT6 (Prop_lut6_I1_O)        0.045    -0.164 r  MB_i/uart_0/inst/tx_data[6]_i_5/O
                         net (fo=1, routed)           0.347     0.182    MB_i/uart_0/inst/tx_data[6]_i_5_n_0
    SLICE_X3Y128         LUT6 (Prop_lut6_I1_O)        0.045     0.227 r  MB_i/uart_0/inst/tx_data[6]_i_2/O
                         net (fo=1, routed)           0.000     0.227    MB_i/uart_0/inst/tx_data[6]_i_2_n_0
    SLICE_X3Y128         MUXF7 (Prop_muxf7_I0_O)      0.062     0.289 r  MB_i/uart_0/inst/tx_data_reg[6]_i_1/O
                         net (fo=1, routed)           0.000     0.289    MB_i/uart_0/inst/tx_data_reg[6]_i_1_n_0
    SLICE_X3Y128         FDCE                                         r  MB_i/uart_0/inst/tx_data_reg[6]/D
  -------------------------------------------------------------------    -------------------

                         (clock clk_out2_MB_clk_wiz_1 rise edge)
                                                      0.000     0.000 r  
    W5                                                0.000     0.000 r  sys_clock (IN)
                         net (fo=0)                   0.000     0.000    MB_i/clk_wiz/inst/clk_in1
    W5                   IBUF (Prop_ibuf_I_O)         0.414     0.414 r  MB_i/clk_wiz/inst/clkin1_ibufg/O
                         net (fo=1, routed)           0.480     0.894    MB_i/clk_wiz/inst/clk_in1_MB_clk_wiz_1
    MMCME2_ADV_X1Y0      MMCME2_ADV (Prop_mmcme2_adv_CLKIN1_CLKOUT1)
                                                     -3.142    -2.248 r  MB_i/clk_wiz/inst/mmcm_adv_inst/CLKOUT1
                         net (fo=1, routed)           0.530    -1.718    MB_i/clk_wiz/inst/clk_out2_MB_clk_wiz_1
    BUFGCTRL_X0Y1        BUFG (Prop_bufg_I_O)         0.029    -1.689 r  MB_i/clk_wiz/inst/clkout2_buf/O
                         net (fo=596, routed)         0.938    -0.751    MB_i/uart_0/inst/clk
    SLICE_X3Y128         FDCE                                         r  MB_i/uart_0/inst/tx_data_reg[6]/C
                         clock pessimism              0.555    -0.196    
                         clock uncertainty            0.204     0.007    
    SLICE_X3Y128         FDCE (Hold_fdce_C_D)         0.105     0.112    MB_i/uart_0/inst/tx_data_reg[6]
  -------------------------------------------------------------------
                         required time                         -0.112    
                         arrival time                           0.289    
  -------------------------------------------------------------------
                         slack                                  0.177    

Slack (MET) :             0.193ns  (arrival time - required time)
  Source:                 MB_i/sha256_0/inst/hash_reg[0]/C
                            (rising edge-triggered cell FDRE clocked by clk_out1_MB_clk_wiz_1  {rise@0.000ns fall@10.000ns period=20.000ns})
  Destination:            MB_i/uart_0/inst/tx_data_reg[0]/D
                            (rising edge-triggered cell FDCE clocked by clk_out2_MB_clk_wiz_1  {rise@0.000ns fall@5.000ns period=10.000ns})
  Path Group:             clk_out2_MB_clk_wiz_1
  Path Type:              Hold (Min at Fast Process Corner)
  Requirement:            0.000ns  (clk_out2_MB_clk_wiz_1 rise@0.000ns - clk_out1_MB_clk_wiz_1 rise@0.000ns)
  Data Path Delay:        0.852ns  (logic 0.293ns (34.393%)  route 0.559ns (65.607%))
  Logic Levels:           3  (LUT6=2 MUXF7=1)
  Clock Path Skew:        0.322ns (DCD - SCD - CPR)
    Destination Clock Delay (DCD):    -0.781ns
    Source Clock Delay      (SCD):    -0.548ns
    Clock Pessimism Removal (CPR):    -0.555ns
  Clock Uncertainty:      0.204ns  ((TSJ^2 + DJ^2)^1/2) / 2 + PE
    Total System Jitter     (TSJ):    0.071ns
    Discrete Jitter          (DJ):    0.152ns
    Phase Error              (PE):    0.120ns

    Location             Delay type                Incr(ns)  Path(ns)    Netlist Resource(s)
  -------------------------------------------------------------------    -------------------
                         (clock clk_out1_MB_clk_wiz_1 rise edge)
                                                      0.000     0.000 r  
    W5                                                0.000     0.000 r  sys_clock (IN)
                         net (fo=0)                   0.000     0.000    MB_i/clk_wiz/inst/clk_in1
    W5                   IBUF (Prop_ibuf_I_O)         0.226     0.226 r  MB_i/clk_wiz/inst/clkin1_ibufg/O
                         net (fo=1, routed)           0.440     0.667    MB_i/clk_wiz/inst/clk_in1_MB_clk_wiz_1
    MMCME2_ADV_X1Y0      MMCME2_ADV (Prop_mmcme2_adv_CLKIN1_CLKOUT0)
                                                     -2.360    -1.693 r  MB_i/clk_wiz/inst/mmcm_adv_inst/CLKOUT0
                         net (fo=1, routed)           0.486    -1.207    MB_i/clk_wiz/inst/clk_out1_MB_clk_wiz_1
    BUFGCTRL_X0Y0        BUFG (Prop_bufg_I_O)         0.026    -1.181 r  MB_i/clk_wiz/inst/clkout1_buf/O
                         net (fo=2868, routed)        0.633    -0.548    MB_i/sha256_0/inst/clk
    SLICE_X17Y125        FDRE                                         r  MB_i/sha256_0/inst/hash_reg[0]/C
  -------------------------------------------------------------------    -------------------
    SLICE_X17Y125        FDRE (Prop_fdre_C_Q)         0.141    -0.407 r  MB_i/sha256_0/inst/hash_reg[0]/Q
                         net (fo=1, routed)           0.154    -0.253    MB_i/uart_0/inst/hash[0]
    SLICE_X16Y126        LUT6 (Prop_lut6_I0_O)        0.045    -0.208 r  MB_i/uart_0/inst/tx_data[0]_i_6/O
                         net (fo=1, routed)           0.405     0.197    MB_i/uart_0/inst/tx_data[0]_i_6_n_0
    SLICE_X8Y122         LUT6 (Prop_lut6_I4_O)        0.045     0.242 r  MB_i/uart_0/inst/tx_data[0]_i_2/O
                         net (fo=1, routed)           0.000     0.242    MB_i/uart_0/inst/tx_data[0]_i_2_n_0
    SLICE_X8Y122         MUXF7 (Prop_muxf7_I0_O)      0.062     0.304 r  MB_i/uart_0/inst/tx_data_reg[0]_i_1/O
                         net (fo=1, routed)           0.000     0.304    MB_i/uart_0/inst/tx_data_reg[0]_i_1_n_0
    SLICE_X8Y122         FDCE                                         r  MB_i/uart_0/inst/tx_data_reg[0]/D
  -------------------------------------------------------------------    -------------------

                         (clock clk_out2_MB_clk_wiz_1 rise edge)
                                                      0.000     0.000 r  
    W5                                                0.000     0.000 r  sys_clock (IN)
                         net (fo=0)                   0.000     0.000    MB_i/clk_wiz/inst/clk_in1
    W5                   IBUF (Prop_ibuf_I_O)         0.414     0.414 r  MB_i/clk_wiz/inst/clkin1_ibufg/O
                         net (fo=1, routed)           0.480     0.894    MB_i/clk_wiz/inst/clk_in1_MB_clk_wiz_1
    MMCME2_ADV_X1Y0      MMCME2_ADV (Prop_mmcme2_adv_CLKIN1_CLKOUT1)
                                                     -3.142    -2.248 r  MB_i/clk_wiz/inst/mmcm_adv_inst/CLKOUT1
                         net (fo=1, routed)           0.530    -1.718    MB_i/clk_wiz/inst/clk_out2_MB_clk_wiz_1
    BUFGCTRL_X0Y1        BUFG (Prop_bufg_I_O)         0.029    -1.689 r  MB_i/clk_wiz/inst/clkout2_buf/O
                         net (fo=596, routed)         0.908    -0.781    MB_i/uart_0/inst/clk
    SLICE_X8Y122         FDCE                                         r  MB_i/uart_0/inst/tx_data_reg[0]/C
                         clock pessimism              0.555    -0.226    
                         clock uncertainty            0.204    -0.023    
    SLICE_X8Y122         FDCE (Hold_fdce_C_D)         0.134     0.111    MB_i/uart_0/inst/tx_data_reg[0]
  -------------------------------------------------------------------
                         required time                         -0.111    
                         arrival time                           0.304    
  -------------------------------------------------------------------
                         slack                                  0.193    

Slack (MET) :             0.198ns  (arrival time - required time)
  Source:                 MB_i/sha256_0/inst/hash_reg[181]/C
                            (rising edge-triggered cell FDRE clocked by clk_out1_MB_clk_wiz_1  {rise@0.000ns fall@10.000ns period=20.000ns})
  Destination:            MB_i/uart_0/inst/tx_data_reg[5]/D
                            (rising edge-triggered cell FDCE clocked by clk_out2_MB_clk_wiz_1  {rise@0.000ns fall@5.000ns period=10.000ns})
  Path Group:             clk_out2_MB_clk_wiz_1
  Path Type:              Hold (Min at Fast Process Corner)
  Requirement:            0.000ns  (clk_out2_MB_clk_wiz_1 rise@0.000ns - clk_out1_MB_clk_wiz_1 rise@0.000ns)
  Data Path Delay:        0.827ns  (logic 0.295ns (35.659%)  route 0.532ns (64.341%))
  Logic Levels:           3  (LUT6=2 MUXF7=1)
  Clock Path Skew:        0.292ns (DCD - SCD - CPR)
    Destination Clock Delay (DCD):    -0.779ns
    Source Clock Delay      (SCD):    -0.516ns
    Clock Pessimism Removal (CPR):    -0.555ns
  Clock Uncertainty:      0.204ns  ((TSJ^2 + DJ^2)^1/2) / 2 + PE
    Total System Jitter     (TSJ):    0.071ns
    Discrete Jitter          (DJ):    0.152ns
    Phase Error              (PE):    0.120ns

    Location             Delay type                Incr(ns)  Path(ns)    Netlist Resource(s)
  -------------------------------------------------------------------    -------------------
                         (clock clk_out1_MB_clk_wiz_1 rise edge)
                                                      0.000     0.000 r  
    W5                                                0.000     0.000 r  sys_clock (IN)
                         net (fo=0)                   0.000     0.000    MB_i/clk_wiz/inst/clk_in1
    W5                   IBUF (Prop_ibuf_I_O)         0.226     0.226 r  MB_i/clk_wiz/inst/clkin1_ibufg/O
                         net (fo=1, routed)           0.440     0.667    MB_i/clk_wiz/inst/clk_in1_MB_clk_wiz_1
    MMCME2_ADV_X1Y0      MMCME2_ADV (Prop_mmcme2_adv_CLKIN1_CLKOUT0)
                                                     -2.360    -1.693 r  MB_i/clk_wiz/inst/mmcm_adv_inst/CLKOUT0
                         net (fo=1, routed)           0.486    -1.207    MB_i/clk_wiz/inst/clk_out1_MB_clk_wiz_1
    BUFGCTRL_X0Y0        BUFG (Prop_bufg_I_O)         0.026    -1.181 r  MB_i/clk_wiz/inst/clkout1_buf/O
                         net (fo=2868, routed)        0.665    -0.516    MB_i/sha256_0/inst/clk
    SLICE_X1Y127         FDRE                                         r  MB_i/sha256_0/inst/hash_reg[181]/C
  -------------------------------------------------------------------    -------------------
    SLICE_X1Y127         FDRE (Prop_fdre_C_Q)         0.141    -0.375 r  MB_i/sha256_0/inst/hash_reg[181]/Q
                         net (fo=1, routed)           0.137    -0.238    MB_i/uart_0/inst/hash[181]
    SLICE_X0Y127         LUT6 (Prop_lut6_I1_O)        0.045    -0.193 r  MB_i/uart_0/inst/tx_data[5]_i_8/O
                         net (fo=1, routed)           0.395     0.202    MB_i/uart_0/inst/tx_data[5]_i_8_n_0
    SLICE_X8Y129         LUT6 (Prop_lut6_I0_O)        0.045     0.247 r  MB_i/uart_0/inst/tx_data[5]_i_3/O
                         net (fo=1, routed)           0.000     0.247    MB_i/uart_0/inst/tx_data[5]_i_3_n_0
    SLICE_X8Y129         MUXF7 (Prop_muxf7_I1_O)      0.064     0.311 r  MB_i/uart_0/inst/tx_data_reg[5]_i_1/O
                         net (fo=1, routed)           0.000     0.311    MB_i/uart_0/inst/tx_data_reg[5]_i_1_n_0
    SLICE_X8Y129         FDCE                                         r  MB_i/uart_0/inst/tx_data_reg[5]/D
  -------------------------------------------------------------------    -------------------

                         (clock clk_out2_MB_clk_wiz_1 rise edge)
                                                      0.000     0.000 r  
    W5                                                0.000     0.000 r  sys_clock (IN)
                         net (fo=0)                   0.000     0.000    MB_i/clk_wiz/inst/clk_in1
    W5                   IBUF (Prop_ibuf_I_O)         0.414     0.414 r  MB_i/clk_wiz/inst/clkin1_ibufg/O
                         net (fo=1, routed)           0.480     0.894    MB_i/clk_wiz/inst/clk_in1_MB_clk_wiz_1
    MMCME2_ADV_X1Y0      MMCME2_ADV (Prop_mmcme2_adv_CLKIN1_CLKOUT1)
                                                     -3.142    -2.248 r  MB_i/clk_wiz/inst/mmcm_adv_inst/CLKOUT1
                         net (fo=1, routed)           0.530    -1.718    MB_i/clk_wiz/inst/clk_out2_MB_clk_wiz_1
    BUFGCTRL_X0Y1        BUFG (Prop_bufg_I_O)         0.029    -1.689 r  MB_i/clk_wiz/inst/clkout2_buf/O
                         net (fo=596, routed)         0.910    -0.779    MB_i/uart_0/inst/clk
    SLICE_X8Y129         FDCE                                         r  MB_i/uart_0/inst/tx_data_reg[5]/C
                         clock pessimism              0.555    -0.224    
                         clock uncertainty            0.204    -0.021    
    SLICE_X8Y129         FDCE (Hold_fdce_C_D)         0.134     0.113    MB_i/uart_0/inst/tx_data_reg[5]
  -------------------------------------------------------------------
                         required time                         -0.113    
                         arrival time                           0.311    
  -------------------------------------------------------------------
                         slack                                  0.198    

Slack (MET) :             0.208ns  (arrival time - required time)
  Source:                 MB_i/sha256_0/inst/hash_reg[108]/C
                            (rising edge-triggered cell FDRE clocked by clk_out1_MB_clk_wiz_1  {rise@0.000ns fall@10.000ns period=20.000ns})
  Destination:            MB_i/uart_0/inst/tx_data_reg[4]/D
                            (rising edge-triggered cell FDCE clocked by clk_out2_MB_clk_wiz_1  {rise@0.000ns fall@5.000ns period=10.000ns})
  Path Group:             clk_out2_MB_clk_wiz_1
  Path Type:              Hold (Min at Fast Process Corner)
  Requirement:            0.000ns  (clk_out2_MB_clk_wiz_1 rise@0.000ns - clk_out1_MB_clk_wiz_1 rise@0.000ns)
  Data Path Delay:        0.867ns  (logic 0.293ns (33.801%)  route 0.574ns (66.199%))
  Logic Levels:           3  (LUT6=2 MUXF7=1)
  Clock Path Skew:        0.350ns (DCD - SCD - CPR)
    Destination Clock Delay (DCD):    -0.752ns
    Source Clock Delay      (SCD):    -0.547ns
    Clock Pessimism Removal (CPR):    -0.555ns
  Clock Uncertainty:      0.204ns  ((TSJ^2 + DJ^2)^1/2) / 2 + PE
    Total System Jitter     (TSJ):    0.071ns
    Discrete Jitter          (DJ):    0.152ns
    Phase Error              (PE):    0.120ns

    Location             Delay type                Incr(ns)  Path(ns)    Netlist Resource(s)
  -------------------------------------------------------------------    -------------------
                         (clock clk_out1_MB_clk_wiz_1 rise edge)
                                                      0.000     0.000 r  
    W5                                                0.000     0.000 r  sys_clock (IN)
                         net (fo=0)                   0.000     0.000    MB_i/clk_wiz/inst/clk_in1
    W5                   IBUF (Prop_ibuf_I_O)         0.226     0.226 r  MB_i/clk_wiz/inst/clkin1_ibufg/O
                         net (fo=1, routed)           0.440     0.667    MB_i/clk_wiz/inst/clk_in1_MB_clk_wiz_1
    MMCME2_ADV_X1Y0      MMCME2_ADV (Prop_mmcme2_adv_CLKIN1_CLKOUT0)
                                                     -2.360    -1.693 r  MB_i/clk_wiz/inst/mmcm_adv_inst/CLKOUT0
                         net (fo=1, routed)           0.486    -1.207    MB_i/clk_wiz/inst/clk_out1_MB_clk_wiz_1
    BUFGCTRL_X0Y0        BUFG (Prop_bufg_I_O)         0.026    -1.181 r  MB_i/clk_wiz/inst/clkout1_buf/O
                         net (fo=2868, routed)        0.634    -0.547    MB_i/sha256_0/inst/clk
    SLICE_X9Y123         FDRE                                         r  MB_i/sha256_0/inst/hash_reg[108]/C
  -------------------------------------------------------------------    -------------------
    SLICE_X9Y123         FDRE (Prop_fdre_C_Q)         0.141    -0.406 r  MB_i/sha256_0/inst/hash_reg[108]/Q
                         net (fo=1, routed)           0.247    -0.158    MB_i/uart_0/inst/hash[108]
    SLICE_X9Y129         LUT6 (Prop_lut6_I5_O)        0.045    -0.113 r  MB_i/uart_0/inst/tx_data[4]_i_5/O
                         net (fo=1, routed)           0.326     0.213    MB_i/uart_0/inst/tx_data[4]_i_5_n_0
    SLICE_X4Y129         LUT6 (Prop_lut6_I1_O)        0.045     0.258 r  MB_i/uart_0/inst/tx_data[4]_i_2/O
                         net (fo=1, routed)           0.000     0.258    MB_i/uart_0/inst/tx_data[4]_i_2_n_0
    SLICE_X4Y129         MUXF7 (Prop_muxf7_I0_O)      0.062     0.320 r  MB_i/uart_0/inst/tx_data_reg[4]_i_1/O
                         net (fo=1, routed)           0.000     0.320    MB_i/uart_0/inst/tx_data_reg[4]_i_1_n_0
    SLICE_X4Y129         FDCE                                         r  MB_i/uart_0/inst/tx_data_reg[4]/D
  -------------------------------------------------------------------    -------------------

                         (clock clk_out2_MB_clk_wiz_1 rise edge)
                                                      0.000     0.000 r  
    W5                                                0.000     0.000 r  sys_clock (IN)
                         net (fo=0)                   0.000     0.000    MB_i/clk_wiz/inst/clk_in1
    W5                   IBUF (Prop_ibuf_I_O)         0.414     0.414 r  MB_i/clk_wiz/inst/clkin1_ibufg/O
                         net (fo=1, routed)           0.480     0.894    MB_i/clk_wiz/inst/clk_in1_MB_clk_wiz_1
    MMCME2_ADV_X1Y0      MMCME2_ADV (Prop_mmcme2_adv_CLKIN1_CLKOUT1)
                                                     -3.142    -2.248 r  MB_i/clk_wiz/inst/mmcm_adv_inst/CLKOUT1
                         net (fo=1, routed)           0.530    -1.718    MB_i/clk_wiz/inst/clk_out2_MB_clk_wiz_1
    BUFGCTRL_X0Y1        BUFG (Prop_bufg_I_O)         0.029    -1.689 r  MB_i/clk_wiz/inst/clkout2_buf/O
                         net (fo=596, routed)         0.937    -0.752    MB_i/uart_0/inst/clk
    SLICE_X4Y129         FDCE                                         r  MB_i/uart_0/inst/tx_data_reg[4]/C
                         clock pessimism              0.555    -0.197    
                         clock uncertainty            0.204     0.006    
    SLICE_X4Y129         FDCE (Hold_fdce_C_D)         0.105     0.111    MB_i/uart_0/inst/tx_data_reg[4]
  -------------------------------------------------------------------
                         required time                         -0.111    
                         arrival time                           0.320    
  -------------------------------------------------------------------
                         slack                                  0.208    

Slack (MET) :             0.224ns  (arrival time - required time)
  Source:                 MB_i/sha256_0/inst/done_reg/C
                            (rising edge-triggered cell FDCE clocked by clk_out1_MB_clk_wiz_1  {rise@0.000ns fall@10.000ns period=20.000ns})
  Destination:            MB_i/uart_0/inst/FSM_sequential_tx_state_reg[0]/D
                            (rising edge-triggered cell FDCE clocked by clk_out2_MB_clk_wiz_1  {rise@0.000ns fall@5.000ns period=10.000ns})
  Path Group:             clk_out2_MB_clk_wiz_1
  Path Type:              Hold (Min at Fast Process Corner)
  Requirement:            0.000ns  (clk_out2_MB_clk_wiz_1 rise@0.000ns - clk_out1_MB_clk_wiz_1 rise@0.000ns)
  Data Path Delay:        0.840ns  (logic 0.186ns (22.154%)  route 0.654ns (77.846%))
  Logic Levels:           1  (LUT6=1)
  Clock Path Skew:        0.321ns (DCD - SCD - CPR)
    Destination Clock Delay (DCD):    -0.746ns
    Source Clock Delay      (SCD):    -0.512ns
    Clock Pessimism Removal (CPR):    -0.555ns
  Clock Uncertainty:      0.204ns  ((TSJ^2 + DJ^2)^1/2) / 2 + PE
    Total System Jitter     (TSJ):    0.071ns
    Discrete Jitter          (DJ):    0.152ns
    Phase Error              (PE):    0.120ns

    Location             Delay type                Incr(ns)  Path(ns)    Netlist Resource(s)
  -------------------------------------------------------------------    -------------------
                         (clock clk_out1_MB_clk_wiz_1 rise edge)
                                                      0.000     0.000 r  
    W5                                                0.000     0.000 r  sys_clock (IN)
                         net (fo=0)                   0.000     0.000    MB_i/clk_wiz/inst/clk_in1
    W5                   IBUF (Prop_ibuf_I_O)         0.226     0.226 r  MB_i/clk_wiz/inst/clkin1_ibufg/O
                         net (fo=1, routed)           0.440     0.667    MB_i/clk_wiz/inst/clk_in1_MB_clk_wiz_1
    MMCME2_ADV_X1Y0      MMCME2_ADV (Prop_mmcme2_adv_CLKIN1_CLKOUT0)
                                                     -2.360    -1.693 r  MB_i/clk_wiz/inst/mmcm_adv_inst/CLKOUT0
                         net (fo=1, routed)           0.486    -1.207    MB_i/clk_wiz/inst/clk_out1_MB_clk_wiz_1
    BUFGCTRL_X0Y0        BUFG (Prop_bufg_I_O)         0.026    -1.181 r  MB_i/clk_wiz/inst/clkout1_buf/O
                         net (fo=2868, routed)        0.669    -0.512    MB_i/sha256_0/inst/clk
    SLICE_X5Y116         FDCE                                         r  MB_i/sha256_0/inst/done_reg/C
  -------------------------------------------------------------------    -------------------
    SLICE_X5Y116         FDCE (Prop_fdce_C_Q)         0.141    -0.371 r  MB_i/sha256_0/inst/done_reg/Q
                         net (fo=7, routed)           0.654     0.283    MB_i/uart_0/inst/hash_done
    SLICE_X4Y113         LUT6 (Prop_lut6_I3_O)        0.045     0.328 r  MB_i/uart_0/inst/FSM_sequential_tx_state[0]_i_1/O
                         net (fo=1, routed)           0.000     0.328    MB_i/uart_0/inst/FSM_sequential_tx_state[0]_i_1_n_0
    SLICE_X4Y113         FDCE                                         r  MB_i/uart_0/inst/FSM_sequential_tx_state_reg[0]/D
  -------------------------------------------------------------------    -------------------

                         (clock clk_out2_MB_clk_wiz_1 rise edge)
                                                      0.000     0.000 r  
    W5                                                0.000     0.000 r  sys_clock (IN)
                         net (fo=0)                   0.000     0.000    MB_i/clk_wiz/inst/clk_in1
    W5                   IBUF (Prop_ibuf_I_O)         0.414     0.414 r  MB_i/clk_wiz/inst/clkin1_ibufg/O
                         net (fo=1, routed)           0.480     0.894    MB_i/clk_wiz/inst/clk_in1_MB_clk_wiz_1
    MMCME2_ADV_X1Y0      MMCME2_ADV (Prop_mmcme2_adv_CLKIN1_CLKOUT1)
                                                     -3.142    -2.248 r  MB_i/clk_wiz/inst/mmcm_adv_inst/CLKOUT1
                         net (fo=1, routed)           0.530    -1.718    MB_i/clk_wiz/inst/clk_out2_MB_clk_wiz_1
    BUFGCTRL_X0Y1        BUFG (Prop_bufg_I_O)         0.029    -1.689 r  MB_i/clk_wiz/inst/clkout2_buf/O
                         net (fo=596, routed)         0.943    -0.746    MB_i/uart_0/inst/clk
    SLICE_X4Y113         FDCE                                         r  MB_i/uart_0/inst/FSM_sequential_tx_state_reg[0]/C
                         clock pessimism              0.555    -0.191    
                         clock uncertainty            0.204     0.012    
    SLICE_X4Y113         FDCE (Hold_fdce_C_D)         0.091     0.103    MB_i/uart_0/inst/FSM_sequential_tx_state_reg[0]
  -------------------------------------------------------------------
                         required time                         -0.103    
                         arrival time                           0.328    
  -------------------------------------------------------------------
                         slack                                  0.224    

Slack (MET) :             0.237ns  (arrival time - required time)
  Source:                 MB_i/sha256_0/inst/hash_reg[226]/C
                            (rising edge-triggered cell FDRE clocked by clk_out1_MB_clk_wiz_1  {rise@0.000ns fall@10.000ns period=20.000ns})
  Destination:            MB_i/uart_0/inst/tx_data_reg[2]/D
                            (rising edge-triggered cell FDCE clocked by clk_out2_MB_clk_wiz_1  {rise@0.000ns fall@5.000ns period=10.000ns})
  Path Group:             clk_out2_MB_clk_wiz_1
  Path Type:              Hold (Min at Fast Process Corner)
  Requirement:            0.000ns  (clk_out2_MB_clk_wiz_1 rise@0.000ns - clk_out1_MB_clk_wiz_1 rise@0.000ns)
  Data Path Delay:        0.895ns  (logic 0.295ns (32.949%)  route 0.600ns (67.051%))
  Logic Levels:           3  (LUT6=2 MUXF7=1)
  Clock Path Skew:        0.321ns (DCD - SCD - CPR)
    Destination Clock Delay (DCD):    -0.751ns
    Source Clock Delay      (SCD):    -0.517ns
    Clock Pessimism Removal (CPR):    -0.555ns
  Clock Uncertainty:      0.204ns  ((TSJ^2 + DJ^2)^1/2) / 2 + PE
    Total System Jitter     (TSJ):    0.071ns
    Discrete Jitter          (DJ):    0.152ns
    Phase Error              (PE):    0.120ns

    Location             Delay type                Incr(ns)  Path(ns)    Netlist Resource(s)
  -------------------------------------------------------------------    -------------------
                         (clock clk_out1_MB_clk_wiz_1 rise edge)
                                                      0.000     0.000 r  
    W5                                                0.000     0.000 r  sys_clock (IN)
                         net (fo=0)                   0.000     0.000    MB_i/clk_wiz/inst/clk_in1
    W5                   IBUF (Prop_ibuf_I_O)         0.226     0.226 r  MB_i/clk_wiz/inst/clkin1_ibufg/O
                         net (fo=1, routed)           0.440     0.667    MB_i/clk_wiz/inst/clk_in1_MB_clk_wiz_1
    MMCME2_ADV_X1Y0      MMCME2_ADV (Prop_mmcme2_adv_CLKIN1_CLKOUT0)
                                                     -2.360    -1.693 r  MB_i/clk_wiz/inst/mmcm_adv_inst/CLKOUT0
                         net (fo=1, routed)           0.486    -1.207    MB_i/clk_wiz/inst/clk_out1_MB_clk_wiz_1
    BUFGCTRL_X0Y0        BUFG (Prop_bufg_I_O)         0.026    -1.181 r  MB_i/clk_wiz/inst/clkout1_buf/O
                         net (fo=2868, routed)        0.664    -0.517    MB_i/sha256_0/inst/clk
    SLICE_X7Y121         FDRE                                         r  MB_i/sha256_0/inst/hash_reg[226]/C
  -------------------------------------------------------------------    -------------------
    SLICE_X7Y121         FDRE (Prop_fdre_C_Q)         0.141    -0.376 r  MB_i/sha256_0/inst/hash_reg[226]/Q
                         net (fo=1, routed)           0.239    -0.137    MB_i/uart_0/inst/hash[226]
    SLICE_X5Y121         LUT6 (Prop_lut6_I0_O)        0.045    -0.092 r  MB_i/uart_0/inst/tx_data[2]_i_9/O
                         net (fo=1, routed)           0.361     0.269    MB_i/uart_0/inst/tx_data[2]_i_9_n_0
    SLICE_X2Y121         LUT6 (Prop_lut6_I1_O)        0.045     0.314 r  MB_i/uart_0/inst/tx_data[2]_i_3/O
                         net (fo=1, routed)           0.000     0.314    MB_i/uart_0/inst/tx_data[2]_i_3_n_0
    SLICE_X2Y121         MUXF7 (Prop_muxf7_I1_O)      0.064     0.378 r  MB_i/uart_0/inst/tx_data_reg[2]_i_1/O
                         net (fo=1, routed)           0.000     0.378    MB_i/uart_0/inst/tx_data_reg[2]_i_1_n_0
    SLICE_X2Y121         FDCE                                         r  MB_i/uart_0/inst/tx_data_reg[2]/D
  -------------------------------------------------------------------    -------------------

                         (clock clk_out2_MB_clk_wiz_1 rise edge)
                                                      0.000     0.000 r  
    W5                                                0.000     0.000 r  sys_clock (IN)
                         net (fo=0)                   0.000     0.000    MB_i/clk_wiz/inst/clk_in1
    W5                   IBUF (Prop_ibuf_I_O)         0.414     0.414 r  MB_i/clk_wiz/inst/clkin1_ibufg/O
                         net (fo=1, routed)           0.480     0.894    MB_i/clk_wiz/inst/clk_in1_MB_clk_wiz_1
    MMCME2_ADV_X1Y0      MMCME2_ADV (Prop_mmcme2_adv_CLKIN1_CLKOUT1)
                                                     -3.142    -2.248 r  MB_i/clk_wiz/inst/mmcm_adv_inst/CLKOUT1
                         net (fo=1, routed)           0.530    -1.718    MB_i/clk_wiz/inst/clk_out2_MB_clk_wiz_1
    BUFGCTRL_X0Y1        BUFG (Prop_bufg_I_O)         0.029    -1.689 r  MB_i/clk_wiz/inst/clkout2_buf/O
                         net (fo=596, routed)         0.938    -0.751    MB_i/uart_0/inst/clk
    SLICE_X2Y121         FDCE                                         r  MB_i/uart_0/inst/tx_data_reg[2]/C
                         clock pessimism              0.555    -0.196    
                         clock uncertainty            0.204     0.007    
    SLICE_X2Y121         FDCE (Hold_fdce_C_D)         0.134     0.141    MB_i/uart_0/inst/tx_data_reg[2]
  -------------------------------------------------------------------
                         required time                         -0.141    
                         arrival time                           0.378    
  -------------------------------------------------------------------
                         slack                                  0.237    

Slack (MET) :             0.251ns  (arrival time - required time)
  Source:                 MB_i/sha256_0/inst/hash_started_reg/C
                            (rising edge-triggered cell FDCE clocked by clk_out1_MB_clk_wiz_1  {rise@0.000ns fall@10.000ns period=20.000ns})
  Destination:            MB_i/uart_0/inst/hash_state_reg[0]/D
                            (rising edge-triggered cell FDCE clocked by clk_out2_MB_clk_wiz_1  {rise@0.000ns fall@5.000ns period=10.000ns})
  Path Group:             clk_out2_MB_clk_wiz_1
  Path Type:              Hold (Min at Fast Process Corner)
  Requirement:            0.000ns  (clk_out2_MB_clk_wiz_1 rise@0.000ns - clk_out1_MB_clk_wiz_1 rise@0.000ns)
  Data Path Delay:        0.867ns  (logic 0.231ns (26.642%)  route 0.636ns (73.358%))
  Logic Levels:           2  (LUT3=1 LUT6=1)
  Clock Path Skew:        0.293ns (DCD - SCD - CPR)
    Destination Clock Delay (DCD):    -0.774ns
    Source Clock Delay      (SCD):    -0.512ns
    Clock Pessimism Removal (CPR):    -0.555ns
  Clock Uncertainty:      0.204ns  ((TSJ^2 + DJ^2)^1/2) / 2 + PE
    Total System Jitter     (TSJ):    0.071ns
    Discrete Jitter          (DJ):    0.152ns
    Phase Error              (PE):    0.120ns

    Location             Delay type                Incr(ns)  Path(ns)    Netlist Resource(s)
  -------------------------------------------------------------------    -------------------
                         (clock clk_out1_MB_clk_wiz_1 rise edge)
                                                      0.000     0.000 r  
    W5                                                0.000     0.000 r  sys_clock (IN)
                         net (fo=0)                   0.000     0.000    MB_i/clk_wiz/inst/clk_in1
    W5                   IBUF (Prop_ibuf_I_O)         0.226     0.226 r  MB_i/clk_wiz/inst/clkin1_ibufg/O
                         net (fo=1, routed)           0.440     0.667    MB_i/clk_wiz/inst/clk_in1_MB_clk_wiz_1
    MMCME2_ADV_X1Y0      MMCME2_ADV (Prop_mmcme2_adv_CLKIN1_CLKOUT0)
                                                     -2.360    -1.693 r  MB_i/clk_wiz/inst/mmcm_adv_inst/CLKOUT0
                         net (fo=1, routed)           0.486    -1.207    MB_i/clk_wiz/inst/clk_out1_MB_clk_wiz_1
    BUFGCTRL_X0Y0        BUFG (Prop_bufg_I_O)         0.026    -1.181 r  MB_i/clk_wiz/inst/clkout1_buf/O
                         net (fo=2868, routed)        0.669    -0.512    MB_i/sha256_0/inst/clk
    SLICE_X5Y116         FDCE                                         r  MB_i/sha256_0/inst/hash_started_reg/C
  -------------------------------------------------------------------    -------------------
    SLICE_X5Y116         FDCE (Prop_fdce_C_Q)         0.141    -0.371 r  MB_i/sha256_0/inst/hash_started_reg/Q
                         net (fo=7, routed)           0.479     0.108    MB_i/uart_0/inst/hash_started
    SLICE_X10Y113        LUT3 (Prop_lut3_I0_O)        0.045     0.153 r  MB_i/uart_0/inst/hash_state[1]_i_5/O
                         net (fo=2, routed)           0.157     0.310    MB_i/uart_0/inst/hash_state[1]_i_5_n_0
    SLICE_X10Y115        LUT6 (Prop_lut6_I4_O)        0.045     0.355 r  MB_i/uart_0/inst/hash_state[0]_i_1/O
                         net (fo=1, routed)           0.000     0.355    MB_i/uart_0/inst/hash_state[0]_i_1_n_0
    SLICE_X10Y115        FDCE                                         r  MB_i/uart_0/inst/hash_state_reg[0]/D
  -------------------------------------------------------------------    -------------------

                         (clock clk_out2_MB_clk_wiz_1 rise edge)
                                                      0.000     0.000 r  
    W5                                                0.000     0.000 r  sys_clock (IN)
                         net (fo=0)                   0.000     0.000    MB_i/clk_wiz/inst/clk_in1
    W5                   IBUF (Prop_ibuf_I_O)         0.414     0.414 r  MB_i/clk_wiz/inst/clkin1_ibufg/O
                         net (fo=1, routed)           0.480     0.894    MB_i/clk_wiz/inst/clk_in1_MB_clk_wiz_1
    MMCME2_ADV_X1Y0      MMCME2_ADV (Prop_mmcme2_adv_CLKIN1_CLKOUT1)
                                                     -3.142    -2.248 r  MB_i/clk_wiz/inst/mmcm_adv_inst/CLKOUT1
                         net (fo=1, routed)           0.530    -1.718    MB_i/clk_wiz/inst/clk_out2_MB_clk_wiz_1
    BUFGCTRL_X0Y1        BUFG (Prop_bufg_I_O)         0.029    -1.689 r  MB_i/clk_wiz/inst/clkout2_buf/O
                         net (fo=596, routed)         0.915    -0.774    MB_i/uart_0/inst/clk
    SLICE_X10Y115        FDCE                                         r  MB_i/uart_0/inst/hash_state_reg[0]/C
                         clock pessimism              0.555    -0.219    
                         clock uncertainty            0.204    -0.016    
    SLICE_X10Y115        FDCE (Hold_fdce_C_D)         0.120     0.104    MB_i/uart_0/inst/hash_state_reg[0]
  -------------------------------------------------------------------
                         required time                         -0.104    
                         arrival time                           0.355    
  -------------------------------------------------------------------
                         slack                                  0.251    

Slack (MET) :             0.294ns  (arrival time - required time)
  Source:                 MB_i/sha256_0/inst/hash_reg[33]/C
                            (rising edge-triggered cell FDRE clocked by clk_out1_MB_clk_wiz_1  {rise@0.000ns fall@10.000ns period=20.000ns})
  Destination:            MB_i/uart_0/inst/tx_data_reg[1]/D
                            (rising edge-triggered cell FDCE clocked by clk_out2_MB_clk_wiz_1  {rise@0.000ns fall@5.000ns period=10.000ns})
  Path Group:             clk_out2_MB_clk_wiz_1
  Path Type:              Hold (Min at Fast Process Corner)
  Requirement:            0.000ns  (clk_out2_MB_clk_wiz_1 rise@0.000ns - clk_out1_MB_clk_wiz_1 rise@0.000ns)
  Data Path Delay:        0.950ns  (logic 0.293ns (30.850%)  route 0.657ns (69.150%))
  Logic Levels:           3  (LUT6=2 MUXF7=1)
  Clock Path Skew:        0.347ns (DCD - SCD - CPR)
    Destination Clock Delay (DCD):    -0.756ns
    Source Clock Delay      (SCD):    -0.548ns
    Clock Pessimism Removal (CPR):    -0.555ns
  Clock Uncertainty:      0.204ns  ((TSJ^2 + DJ^2)^1/2) / 2 + PE
    Total System Jitter     (TSJ):    0.071ns
    Discrete Jitter          (DJ):    0.152ns
    Phase Error              (PE):    0.120ns

    Location             Delay type                Incr(ns)  Path(ns)    Netlist Resource(s)
  -------------------------------------------------------------------    -------------------
                         (clock clk_out1_MB_clk_wiz_1 rise edge)
                                                      0.000     0.000 r  
    W5                                                0.000     0.000 r  sys_clock (IN)
                         net (fo=0)                   0.000     0.000    MB_i/clk_wiz/inst/clk_in1
    W5                   IBUF (Prop_ibuf_I_O)         0.226     0.226 r  MB_i/clk_wiz/inst/clkin1_ibufg/O
                         net (fo=1, routed)           0.440     0.667    MB_i/clk_wiz/inst/clk_in1_MB_clk_wiz_1
    MMCME2_ADV_X1Y0      MMCME2_ADV (Prop_mmcme2_adv_CLKIN1_CLKOUT0)
                                                     -2.360    -1.693 r  MB_i/clk_wiz/inst/mmcm_adv_inst/CLKOUT0
                         net (fo=1, routed)           0.486    -1.207    MB_i/clk_wiz/inst/clk_out1_MB_clk_wiz_1
    BUFGCTRL_X0Y0        BUFG (Prop_bufg_I_O)         0.026    -1.181 r  MB_i/clk_wiz/inst/clkout1_buf/O
                         net (fo=2868, routed)        0.633    -0.548    MB_i/sha256_0/inst/clk
    SLICE_X15Y124        FDRE                                         r  MB_i/sha256_0/inst/hash_reg[33]/C
  -------------------------------------------------------------------    -------------------
    SLICE_X15Y124        FDRE (Prop_fdre_C_Q)         0.141    -0.407 r  MB_i/sha256_0/inst/hash_reg[33]/Q
                         net (fo=1, routed)           0.224    -0.183    MB_i/uart_0/inst/hash[33]
    SLICE_X16Y124        LUT6 (Prop_lut6_I0_O)        0.045    -0.138 r  MB_i/uart_0/inst/tx_data[1]_i_4/O
                         net (fo=1, routed)           0.433     0.295    MB_i/uart_0/inst/tx_data[1]_i_4_n_0
    SLICE_X4Y123         LUT6 (Prop_lut6_I0_O)        0.045     0.340 r  MB_i/uart_0/inst/tx_data[1]_i_2/O
                         net (fo=1, routed)           0.000     0.340    MB_i/uart_0/inst/tx_data[1]_i_2_n_0
    SLICE_X4Y123         MUXF7 (Prop_muxf7_I0_O)      0.062     0.402 r  MB_i/uart_0/inst/tx_data_reg[1]_i_1/O
                         net (fo=1, routed)           0.000     0.402    MB_i/uart_0/inst/tx_data_reg[1]_i_1_n_0
    SLICE_X4Y123         FDCE                                         r  MB_i/uart_0/inst/tx_data_reg[1]/D
  -------------------------------------------------------------------    -------------------

                         (clock clk_out2_MB_clk_wiz_1 rise edge)
                                                      0.000     0.000 r  
    W5                                                0.000     0.000 r  sys_clock (IN)
                         net (fo=0)                   0.000     0.000    MB_i/clk_wiz/inst/clk_in1
    W5                   IBUF (Prop_ibuf_I_O)         0.414     0.414 r  MB_i/clk_wiz/inst/clkin1_ibufg/O
                         net (fo=1, routed)           0.480     0.894    MB_i/clk_wiz/inst/clk_in1_MB_clk_wiz_1
    MMCME2_ADV_X1Y0      MMCME2_ADV (Prop_mmcme2_adv_CLKIN1_CLKOUT1)
                                                     -3.142    -2.248 r  MB_i/clk_wiz/inst/mmcm_adv_inst/CLKOUT1
                         net (fo=1, routed)           0.530    -1.718    MB_i/clk_wiz/inst/clk_out2_MB_clk_wiz_1
    BUFGCTRL_X0Y1        BUFG (Prop_bufg_I_O)         0.029    -1.689 r  MB_i/clk_wiz/inst/clkout2_buf/O
                         net (fo=596, routed)         0.933    -0.756    MB_i/uart_0/inst/clk
    SLICE_X4Y123         FDCE                                         r  MB_i/uart_0/inst/tx_data_reg[1]/C
                         clock pessimism              0.555    -0.201    
                         clock uncertainty            0.204     0.002    
    SLICE_X4Y123         FDCE (Hold_fdce_C_D)         0.105     0.107    MB_i/uart_0/inst/tx_data_reg[1]
  -------------------------------------------------------------------
                         required time                         -0.107    
                         arrival time                           0.402    
  -------------------------------------------------------------------
                         slack                                  0.294    





--------------------------------------------------------------------------------------
Path Group:  (none)
From Clock:  clk_out2_MB_clk_wiz_1
  To Clock:  

Max Delay             1 Endpoint
Min Delay             1 Endpoint
--------------------------------------------------------------------------------------


Max Delay Paths
--------------------------------------------------------------------------------------
Slack:                    inf
  Source:                 MB_i/uart_0/inst/tx_reg/C
                            (rising edge-triggered cell FDPE clocked by clk_out2_MB_clk_wiz_1  {rise@0.000ns fall@5.000ns period=10.000ns})
  Destination:            tx_0
                            (output port)
  Path Group:             (none)
  Path Type:              Max at Slow Process Corner
  Data Path Delay:        5.816ns  (logic 3.974ns (68.322%)  route 1.842ns (31.678%))
  Logic Levels:           1  (OBUF=1)
  Clock Uncertainty:      0.169ns  ((TSJ^2 + DJ^2)^1/2) / 2 + PE
    Total System Jitter     (TSJ):    0.050ns
    Discrete Jitter          (DJ):    0.131ns
    Phase Error              (PE):    0.099ns

    Location             Delay type                Incr(ns)  Path(ns)    Netlist Resource(s)
  -------------------------------------------------------------------    -------------------
                         (clock clk_out2_MB_clk_wiz_1 rise edge)
                                                      0.000     0.000 r  
    W5                                                0.000     0.000 r  sys_clock (IN)
                         net (fo=0)                   0.000     0.000    MB_i/clk_wiz/inst/clk_in1
    W5                   IBUF (Prop_ibuf_I_O)         1.458     1.458 r  MB_i/clk_wiz/inst/clkin1_ibufg/O
                         net (fo=1, routed)           1.233     2.691    MB_i/clk_wiz/inst/clk_in1_MB_clk_wiz_1
    MMCME2_ADV_X1Y0      MMCME2_ADV (Prop_mmcme2_adv_CLKIN1_CLKOUT1)
                                                     -6.961    -4.269 r  MB_i/clk_wiz/inst/mmcm_adv_inst/CLKOUT1
                         net (fo=1, routed)           1.661    -2.608    MB_i/clk_wiz/inst/clk_out2_MB_clk_wiz_1
    BUFGCTRL_X0Y1        BUFG (Prop_bufg_I_O)         0.096    -2.512 r  MB_i/clk_wiz/inst/clkout2_buf/O
                         net (fo=596, routed)         1.803    -0.709    MB_i/uart_0/inst/clk
    SLICE_X4Y113         FDPE                                         r  MB_i/uart_0/inst/tx_reg/C
  -------------------------------------------------------------------    -------------------
    SLICE_X4Y113         FDPE (Prop_fdpe_C_Q)         0.456    -0.253 r  MB_i/uart_0/inst/tx_reg/Q
                         net (fo=2, routed)           1.842     1.590    tx_0_OBUF
    A18                  OBUF (Prop_obuf_I_O)         3.518     5.108 r  tx_0_OBUF_inst/O
                         net (fo=0)                   0.000     5.108    tx_0
    A18                                                               r  tx_0 (OUT)
  -------------------------------------------------------------------    -------------------





Min Delay Paths
--------------------------------------------------------------------------------------
Slack:                    inf
  Source:                 MB_i/uart_0/inst/tx_reg/C
                            (rising edge-triggered cell FDPE clocked by clk_out2_MB_clk_wiz_1  {rise@0.000ns fall@5.000ns period=10.000ns})
  Destination:            tx_0
                            (output port)
  Path Group:             (none)
  Path Type:              Min at Fast Process Corner
  Data Path Delay:        1.764ns  (logic 1.360ns (77.076%)  route 0.404ns (22.924%))
  Logic Levels:           1  (OBUF=1)
  Clock Uncertainty:      0.169ns  ((TSJ^2 + DJ^2)^1/2) / 2 + PE
    Total System Jitter     (TSJ):    0.050ns
    Discrete Jitter          (DJ):    0.131ns
    Phase Error              (PE):    0.099ns

    Location             Delay type                Incr(ns)  Path(ns)    Netlist Resource(s)
  -------------------------------------------------------------------    -------------------
                         (clock clk_out2_MB_clk_wiz_1 rise edge)
                                                      0.000     0.000 r  
    W5                                                0.000     0.000 r  sys_clock (IN)
                         net (fo=0)                   0.000     0.000    MB_i/clk_wiz/inst/clk_in1
    W5                   IBUF (Prop_ibuf_I_O)         0.226     0.226 r  MB_i/clk_wiz/inst/clkin1_ibufg/O
                         net (fo=1, routed)           0.440     0.667    MB_i/clk_wiz/inst/clk_in1_MB_clk_wiz_1
    MMCME2_ADV_X1Y0      MMCME2_ADV (Prop_mmcme2_adv_CLKIN1_CLKOUT1)
                                                     -2.360    -1.693 r  MB_i/clk_wiz/inst/mmcm_adv_inst/CLKOUT1
                         net (fo=1, routed)           0.486    -1.207    MB_i/clk_wiz/inst/clk_out2_MB_clk_wiz_1
    BUFGCTRL_X0Y1        BUFG (Prop_bufg_I_O)         0.026    -1.181 r  MB_i/clk_wiz/inst/clkout2_buf/O
                         net (fo=596, routed)         0.670    -0.511    MB_i/uart_0/inst/clk
    SLICE_X4Y113         FDPE                                         r  MB_i/uart_0/inst/tx_reg/C
  -------------------------------------------------------------------    -------------------
    SLICE_X4Y113         FDPE (Prop_fdpe_C_Q)         0.141    -0.370 r  MB_i/uart_0/inst/tx_reg/Q
                         net (fo=2, routed)           0.404     0.035    tx_0_OBUF
    A18                  OBUF (Prop_obuf_I_O)         1.219     1.253 r  tx_0_OBUF_inst/O
                         net (fo=0)                   0.000     1.253    tx_0
    A18                                                               r  tx_0 (OUT)
  -------------------------------------------------------------------    -------------------





--------------------------------------------------------------------------------------
Path Group:  (none)
From Clock:  clkfbout_MB_clk_wiz_1
  To Clock:  

Max Delay             1 Endpoint
Min Delay             1 Endpoint
--------------------------------------------------------------------------------------


Max Delay Paths
--------------------------------------------------------------------------------------
Slack:                    inf
  Source:                 MB_i/clk_wiz/inst/mmcm_adv_inst/CLKFBOUT
                            (clock source 'clkfbout_MB_clk_wiz_1'  {rise@0.000ns fall@5.000ns period=10.000ns})
  Destination:            MB_i/clk_wiz/inst/mmcm_adv_inst/CLKFBIN
  Path Group:             (none)
  Path Type:              Max at Fast Process Corner
  Data Path Delay:        1.375ns  (logic 0.029ns (2.109%)  route 1.346ns (97.891%))
  Logic Levels:           1  (BUFG=1)
  Clock Uncertainty:      0.148ns  ((TSJ^2 + DJ^2)^1/2) / 2 + PE
    Total System Jitter     (TSJ):    0.050ns
    Discrete Jitter          (DJ):    0.086ns
    Phase Error              (PE):    0.099ns

    Location             Delay type                Incr(ns)  Path(ns)    Netlist Resource(s)
  -------------------------------------------------------------------    -------------------
                         (clock clkfbout_MB_clk_wiz_1 fall edge)
                                                      5.000     5.000 f  
    W5                                                0.000     5.000 f  sys_clock (IN)
                         net (fo=0)                   0.000     5.000    MB_i/clk_wiz/inst/clk_in1
    W5                   IBUF (Prop_ibuf_I_O)         0.414     5.414 f  MB_i/clk_wiz/inst/clkin1_ibufg/O
                         net (fo=1, routed)           0.480     5.894    MB_i/clk_wiz/inst/clk_in1_MB_clk_wiz_1
  -------------------------------------------------------------------    -------------------
    MMCME2_ADV_X1Y0      MMCME2_ADV (Prop_mmcme2_adv_CLKIN1_CLKFBOUT)
                                                     -3.142     2.752 f  MB_i/clk_wiz/inst/mmcm_adv_inst/CLKFBOUT
                         net (fo=1, routed)           0.530     3.282    MB_i/clk_wiz/inst/clkfbout_MB_clk_wiz_1
    BUFGCTRL_X0Y2        BUFG (Prop_bufg_I_O)         0.029     3.311 f  MB_i/clk_wiz/inst/clkf_buf/O
                         net (fo=1, routed)           0.817     4.127    MB_i/clk_wiz/inst/clkfbout_buf_MB_clk_wiz_1
    MMCME2_ADV_X1Y0      MMCME2_ADV                                   f  MB_i/clk_wiz/inst/mmcm_adv_inst/CLKFBIN
  -------------------------------------------------------------------    -------------------





Min Delay Paths
--------------------------------------------------------------------------------------
Slack:                    inf
  Source:                 MB_i/clk_wiz/inst/mmcm_adv_inst/CLKFBOUT
                            (clock source 'clkfbout_MB_clk_wiz_1'  {rise@0.000ns fall@5.000ns period=10.000ns})
  Destination:            MB_i/clk_wiz/inst/mmcm_adv_inst/CLKFBIN
  Path Group:             (none)
  Path Type:              Min at Slow Process Corner
  Data Path Delay:        3.129ns  (logic 0.091ns (2.908%)  route 3.038ns (97.092%))
  Logic Levels:           1  (BUFG=1)
  Clock Uncertainty:      0.148ns  ((TSJ^2 + DJ^2)^1/2) / 2 + PE
    Total System Jitter     (TSJ):    0.050ns
    Discrete Jitter          (DJ):    0.086ns
    Phase Error              (PE):    0.099ns

    Location             Delay type                Incr(ns)  Path(ns)    Netlist Resource(s)
  -------------------------------------------------------------------    -------------------
                         (clock clkfbout_MB_clk_wiz_1 rise edge)
                                                      0.000     0.000 r  
    W5                                                0.000     0.000 r  sys_clock (IN)
                         net (fo=0)                   0.000     0.000    MB_i/clk_wiz/inst/clk_in1
    W5                   IBUF (Prop_ibuf_I_O)         1.388     1.388 r  MB_i/clk_wiz/inst/clkin1_ibufg/O
                         net (fo=1, routed)           1.162     2.550    MB_i/clk_wiz/inst/clk_in1_MB_clk_wiz_1
  -------------------------------------------------------------------    -------------------
    MMCME2_ADV_X1Y0      MMCME2_ADV (Prop_mmcme2_adv_CLKIN1_CLKFBOUT)
                                                     -7.217    -4.668 r  MB_i/clk_wiz/inst/mmcm_adv_inst/CLKFBOUT
                         net (fo=1, routed)           1.581    -3.086    MB_i/clk_wiz/inst/clkfbout_MB_clk_wiz_1
    BUFGCTRL_X0Y2        BUFG (Prop_bufg_I_O)         0.091    -2.995 r  MB_i/clk_wiz/inst/clkf_buf/O
                         net (fo=1, routed)           1.457    -1.538    MB_i/clk_wiz/inst/clkfbout_buf_MB_clk_wiz_1
    MMCME2_ADV_X1Y0      MMCME2_ADV                                   r  MB_i/clk_wiz/inst/mmcm_adv_inst/CLKFBIN
  -------------------------------------------------------------------    -------------------





--------------------------------------------------------------------------------------
Path Group:  (none)
From Clock:  
  To Clock:  clk_out1_MB_clk_wiz_1

Max Delay          3380 Endpoints
Min Delay          3380 Endpoints
--------------------------------------------------------------------------------------


Max Delay Paths
--------------------------------------------------------------------------------------
Slack:                    inf
  Source:                 reset
                            (input port)
  Destination:            MB_i/sha256_0/inst/W_reg[43][4]/CE
                            (rising edge-triggered cell FDRE clocked by clk_out1_MB_clk_wiz_1  {rise@0.000ns fall@10.000ns period=20.000ns})
  Path Group:             (none)
  Path Type:              Setup (Max at Slow Process Corner)
  Data Path Delay:        18.795ns  (logic 1.565ns (8.328%)  route 17.229ns (91.672%))
  Logic Levels:           2  (IBUF=1 LUT3=1)
  Clock Path Skew:        -1.393ns (DCD - SCD + CPR)
    Destination Clock Delay (DCD):    -1.393ns
    Source Clock Delay      (SCD):    0.000ns
    Clock Pessimism Removal (CPR):    0.000ns
  Clock Uncertainty:      0.178ns  ((TSJ^2 + DJ^2)^1/2) / 2 + PE
    Total System Jitter     (TSJ):    0.050ns
    Discrete Jitter          (DJ):    0.152ns
    Phase Error              (PE):    0.099ns

    Location             Delay type                Incr(ns)  Path(ns)    Netlist Resource(s)
  -------------------------------------------------------------------    -------------------
    U18                                               0.000     0.000 f  reset (IN)
                         net (fo=0)                   0.000     0.000    reset
    U18                  IBUF (Prop_ibuf_I_O)         1.441     1.441 f  reset_IBUF_inst/O
                         net (fo=1211, routed)       11.024    12.465    MB_i/sha256_0/inst/reset
    SLICE_X2Y137         LUT3 (Prop_lut3_I2_O)        0.124    12.589 r  MB_i/sha256_0/inst/W[43][31]_i_1/O
                         net (fo=32, routed)          6.206    18.795    MB_i/sha256_0/inst/W[43][31]_i_1_n_0
    SLICE_X52Y118        FDRE                                         r  MB_i/sha256_0/inst/W_reg[43][4]/CE
  -------------------------------------------------------------------    -------------------

                         (clock clk_out1_MB_clk_wiz_1 rise edge)
                                                      0.000     0.000 r  
    W5                                                0.000     0.000 r  sys_clock (IN)
                         net (fo=0)                   0.000     0.000    MB_i/clk_wiz/inst/clk_in1
    W5                   IBUF (Prop_ibuf_I_O)         1.388     1.388 r  MB_i/clk_wiz/inst/clkin1_ibufg/O
                         net (fo=1, routed)           1.162     2.550    MB_i/clk_wiz/inst/clk_in1_MB_clk_wiz_1
    MMCME2_ADV_X1Y0      MMCME2_ADV (Prop_mmcme2_adv_CLKIN1_CLKOUT0)
                                                     -7.217    -4.668 r  MB_i/clk_wiz/inst/mmcm_adv_inst/CLKOUT0
                         net (fo=1, routed)           1.581    -3.086    MB_i/clk_wiz/inst/clk_out1_MB_clk_wiz_1
    BUFGCTRL_X0Y0        BUFG (Prop_bufg_I_O)         0.091    -2.995 r  MB_i/clk_wiz/inst/clkout1_buf/O
                         net (fo=2868, routed)        1.602    -1.393    MB_i/sha256_0/inst/clk
    SLICE_X52Y118        FDRE                                         r  MB_i/sha256_0/inst/W_reg[43][4]/C

Slack:                    inf
  Source:                 reset
                            (input port)
  Destination:            MB_i/sha256_0/inst/W_reg[18][16]/CE
                            (rising edge-triggered cell FDRE clocked by clk_out1_MB_clk_wiz_1  {rise@0.000ns fall@10.000ns period=20.000ns})
  Path Group:             (none)
  Path Type:              Setup (Max at Slow Process Corner)
  Data Path Delay:        18.483ns  (logic 1.565ns (8.469%)  route 16.917ns (91.531%))
  Logic Levels:           2  (IBUF=1 LUT3=1)
  Clock Path Skew:        -1.386ns (DCD - SCD + CPR)
    Destination Clock Delay (DCD):    -1.386ns
    Source Clock Delay      (SCD):    0.000ns
    Clock Pessimism Removal (CPR):    0.000ns
  Clock Uncertainty:      0.178ns  ((TSJ^2 + DJ^2)^1/2) / 2 + PE
    Total System Jitter     (TSJ):    0.050ns
    Discrete Jitter          (DJ):    0.152ns
    Phase Error              (PE):    0.099ns

    Location             Delay type                Incr(ns)  Path(ns)    Netlist Resource(s)
  -------------------------------------------------------------------    -------------------
    U18                                               0.000     0.000 f  reset (IN)
                         net (fo=0)                   0.000     0.000    reset
    U18                  IBUF (Prop_ibuf_I_O)         1.441     1.441 f  reset_IBUF_inst/O
                         net (fo=1211, routed)       11.490    12.931    MB_i/sha256_0/inst/reset
    SLICE_X5Y138         LUT3 (Prop_lut3_I2_O)        0.124    13.055 r  MB_i/sha256_0/inst/W[18][31]_i_1/O
                         net (fo=32, routed)          5.427    18.483    MB_i/sha256_0/inst/W[18][31]_i_1_n_0
    SLICE_X42Y144        FDRE                                         r  MB_i/sha256_0/inst/W_reg[18][16]/CE
  -------------------------------------------------------------------    -------------------

                         (clock clk_out1_MB_clk_wiz_1 rise edge)
                                                      0.000     0.000 r  
    W5                                                0.000     0.000 r  sys_clock (IN)
                         net (fo=0)                   0.000     0.000    MB_i/clk_wiz/inst/clk_in1
    W5                   IBUF (Prop_ibuf_I_O)         1.388     1.388 r  MB_i/clk_wiz/inst/clkin1_ibufg/O
                         net (fo=1, routed)           1.162     2.550    MB_i/clk_wiz/inst/clk_in1_MB_clk_wiz_1
    MMCME2_ADV_X1Y0      MMCME2_ADV (Prop_mmcme2_adv_CLKIN1_CLKOUT0)
                                                     -7.217    -4.668 r  MB_i/clk_wiz/inst/mmcm_adv_inst/CLKOUT0
                         net (fo=1, routed)           1.581    -3.086    MB_i/clk_wiz/inst/clk_out1_MB_clk_wiz_1
    BUFGCTRL_X0Y0        BUFG (Prop_bufg_I_O)         0.091    -2.995 r  MB_i/clk_wiz/inst/clkout1_buf/O
                         net (fo=2868, routed)        1.609    -1.386    MB_i/sha256_0/inst/clk
    SLICE_X42Y144        FDRE                                         r  MB_i/sha256_0/inst/W_reg[18][16]/C

Slack:                    inf
  Source:                 reset
                            (input port)
  Destination:            MB_i/sha256_0/inst/W_reg[18][22]/CE
                            (rising edge-triggered cell FDRE clocked by clk_out1_MB_clk_wiz_1  {rise@0.000ns fall@10.000ns period=20.000ns})
  Path Group:             (none)
  Path Type:              Setup (Max at Slow Process Corner)
  Data Path Delay:        18.483ns  (logic 1.565ns (8.469%)  route 16.917ns (91.531%))
  Logic Levels:           2  (IBUF=1 LUT3=1)
  Clock Path Skew:        -1.386ns (DCD - SCD + CPR)
    Destination Clock Delay (DCD):    -1.386ns
    Source Clock Delay      (SCD):    0.000ns
    Clock Pessimism Removal (CPR):    0.000ns
  Clock Uncertainty:      0.178ns  ((TSJ^2 + DJ^2)^1/2) / 2 + PE
    Total System Jitter     (TSJ):    0.050ns
    Discrete Jitter          (DJ):    0.152ns
    Phase Error              (PE):    0.099ns

    Location             Delay type                Incr(ns)  Path(ns)    Netlist Resource(s)
  -------------------------------------------------------------------    -------------------
    U18                                               0.000     0.000 f  reset (IN)
                         net (fo=0)                   0.000     0.000    reset
    U18                  IBUF (Prop_ibuf_I_O)         1.441     1.441 f  reset_IBUF_inst/O
                         net (fo=1211, routed)       11.490    12.931    MB_i/sha256_0/inst/reset
    SLICE_X5Y138         LUT3 (Prop_lut3_I2_O)        0.124    13.055 r  MB_i/sha256_0/inst/W[18][31]_i_1/O
                         net (fo=32, routed)          5.427    18.483    MB_i/sha256_0/inst/W[18][31]_i_1_n_0
    SLICE_X42Y144        FDRE                                         r  MB_i/sha256_0/inst/W_reg[18][22]/CE
  -------------------------------------------------------------------    -------------------

                         (clock clk_out1_MB_clk_wiz_1 rise edge)
                                                      0.000     0.000 r  
    W5                                                0.000     0.000 r  sys_clock (IN)
                         net (fo=0)                   0.000     0.000    MB_i/clk_wiz/inst/clk_in1
    W5                   IBUF (Prop_ibuf_I_O)         1.388     1.388 r  MB_i/clk_wiz/inst/clkin1_ibufg/O
                         net (fo=1, routed)           1.162     2.550    MB_i/clk_wiz/inst/clk_in1_MB_clk_wiz_1
    MMCME2_ADV_X1Y0      MMCME2_ADV (Prop_mmcme2_adv_CLKIN1_CLKOUT0)
                                                     -7.217    -4.668 r  MB_i/clk_wiz/inst/mmcm_adv_inst/CLKOUT0
                         net (fo=1, routed)           1.581    -3.086    MB_i/clk_wiz/inst/clk_out1_MB_clk_wiz_1
    BUFGCTRL_X0Y0        BUFG (Prop_bufg_I_O)         0.091    -2.995 r  MB_i/clk_wiz/inst/clkout1_buf/O
                         net (fo=2868, routed)        1.609    -1.386    MB_i/sha256_0/inst/clk
    SLICE_X42Y144        FDRE                                         r  MB_i/sha256_0/inst/W_reg[18][22]/C

Slack:                    inf
  Source:                 reset
                            (input port)
  Destination:            MB_i/sha256_0/inst/W_reg[18][23]/CE
                            (rising edge-triggered cell FDRE clocked by clk_out1_MB_clk_wiz_1  {rise@0.000ns fall@10.000ns period=20.000ns})
  Path Group:             (none)
  Path Type:              Setup (Max at Slow Process Corner)
  Data Path Delay:        18.483ns  (logic 1.565ns (8.469%)  route 16.917ns (91.531%))
  Logic Levels:           2  (IBUF=1 LUT3=1)
  Clock Path Skew:        -1.386ns (DCD - SCD + CPR)
    Destination Clock Delay (DCD):    -1.386ns
    Source Clock Delay      (SCD):    0.000ns
    Clock Pessimism Removal (CPR):    0.000ns
  Clock Uncertainty:      0.178ns  ((TSJ^2 + DJ^2)^1/2) / 2 + PE
    Total System Jitter     (TSJ):    0.050ns
    Discrete Jitter          (DJ):    0.152ns
    Phase Error              (PE):    0.099ns

    Location             Delay type                Incr(ns)  Path(ns)    Netlist Resource(s)
  -------------------------------------------------------------------    -------------------
    U18                                               0.000     0.000 f  reset (IN)
                         net (fo=0)                   0.000     0.000    reset
    U18                  IBUF (Prop_ibuf_I_O)         1.441     1.441 f  reset_IBUF_inst/O
                         net (fo=1211, routed)       11.490    12.931    MB_i/sha256_0/inst/reset
    SLICE_X5Y138         LUT3 (Prop_lut3_I2_O)        0.124    13.055 r  MB_i/sha256_0/inst/W[18][31]_i_1/O
                         net (fo=32, routed)          5.427    18.483    MB_i/sha256_0/inst/W[18][31]_i_1_n_0
    SLICE_X42Y144        FDRE                                         r  MB_i/sha256_0/inst/W_reg[18][23]/CE
  -------------------------------------------------------------------    -------------------

                         (clock clk_out1_MB_clk_wiz_1 rise edge)
                                                      0.000     0.000 r  
    W5                                                0.000     0.000 r  sys_clock (IN)
                         net (fo=0)                   0.000     0.000    MB_i/clk_wiz/inst/clk_in1
    W5                   IBUF (Prop_ibuf_I_O)         1.388     1.388 r  MB_i/clk_wiz/inst/clkin1_ibufg/O
                         net (fo=1, routed)           1.162     2.550    MB_i/clk_wiz/inst/clk_in1_MB_clk_wiz_1
    MMCME2_ADV_X1Y0      MMCME2_ADV (Prop_mmcme2_adv_CLKIN1_CLKOUT0)
                                                     -7.217    -4.668 r  MB_i/clk_wiz/inst/mmcm_adv_inst/CLKOUT0
                         net (fo=1, routed)           1.581    -3.086    MB_i/clk_wiz/inst/clk_out1_MB_clk_wiz_1
    BUFGCTRL_X0Y0        BUFG (Prop_bufg_I_O)         0.091    -2.995 r  MB_i/clk_wiz/inst/clkout1_buf/O
                         net (fo=2868, routed)        1.609    -1.386    MB_i/sha256_0/inst/clk
    SLICE_X42Y144        FDRE                                         r  MB_i/sha256_0/inst/W_reg[18][23]/C

Slack:                    inf
  Source:                 reset
                            (input port)
  Destination:            MB_i/sha256_0/inst/W_reg[18][26]/CE
                            (rising edge-triggered cell FDRE clocked by clk_out1_MB_clk_wiz_1  {rise@0.000ns fall@10.000ns period=20.000ns})
  Path Group:             (none)
  Path Type:              Setup (Max at Slow Process Corner)
  Data Path Delay:        18.483ns  (logic 1.565ns (8.469%)  route 16.917ns (91.531%))
  Logic Levels:           2  (IBUF=1 LUT3=1)
  Clock Path Skew:        -1.386ns (DCD - SCD + CPR)
    Destination Clock Delay (DCD):    -1.386ns
    Source Clock Delay      (SCD):    0.000ns
    Clock Pessimism Removal (CPR):    0.000ns
  Clock Uncertainty:      0.178ns  ((TSJ^2 + DJ^2)^1/2) / 2 + PE
    Total System Jitter     (TSJ):    0.050ns
    Discrete Jitter          (DJ):    0.152ns
    Phase Error              (PE):    0.099ns

    Location             Delay type                Incr(ns)  Path(ns)    Netlist Resource(s)
  -------------------------------------------------------------------    -------------------
    U18                                               0.000     0.000 f  reset (IN)
                         net (fo=0)                   0.000     0.000    reset
    U18                  IBUF (Prop_ibuf_I_O)         1.441     1.441 f  reset_IBUF_inst/O
                         net (fo=1211, routed)       11.490    12.931    MB_i/sha256_0/inst/reset
    SLICE_X5Y138         LUT3 (Prop_lut3_I2_O)        0.124    13.055 r  MB_i/sha256_0/inst/W[18][31]_i_1/O
                         net (fo=32, routed)          5.427    18.483    MB_i/sha256_0/inst/W[18][31]_i_1_n_0
    SLICE_X42Y144        FDRE                                         r  MB_i/sha256_0/inst/W_reg[18][26]/CE
  -------------------------------------------------------------------    -------------------

                         (clock clk_out1_MB_clk_wiz_1 rise edge)
                                                      0.000     0.000 r  
    W5                                                0.000     0.000 r  sys_clock (IN)
                         net (fo=0)                   0.000     0.000    MB_i/clk_wiz/inst/clk_in1
    W5                   IBUF (Prop_ibuf_I_O)         1.388     1.388 r  MB_i/clk_wiz/inst/clkin1_ibufg/O
                         net (fo=1, routed)           1.162     2.550    MB_i/clk_wiz/inst/clk_in1_MB_clk_wiz_1
    MMCME2_ADV_X1Y0      MMCME2_ADV (Prop_mmcme2_adv_CLKIN1_CLKOUT0)
                                                     -7.217    -4.668 r  MB_i/clk_wiz/inst/mmcm_adv_inst/CLKOUT0
                         net (fo=1, routed)           1.581    -3.086    MB_i/clk_wiz/inst/clk_out1_MB_clk_wiz_1
    BUFGCTRL_X0Y0        BUFG (Prop_bufg_I_O)         0.091    -2.995 r  MB_i/clk_wiz/inst/clkout1_buf/O
                         net (fo=2868, routed)        1.609    -1.386    MB_i/sha256_0/inst/clk
    SLICE_X42Y144        FDRE                                         r  MB_i/sha256_0/inst/W_reg[18][26]/C

Slack:                    inf
  Source:                 reset
                            (input port)
  Destination:            MB_i/sha256_0/inst/W_reg[43][1]/CE
                            (rising edge-triggered cell FDRE clocked by clk_out1_MB_clk_wiz_1  {rise@0.000ns fall@10.000ns period=20.000ns})
  Path Group:             (none)
  Path Type:              Setup (Max at Slow Process Corner)
  Data Path Delay:        18.136ns  (logic 1.565ns (8.631%)  route 16.570ns (91.369%))
  Logic Levels:           2  (IBUF=1 LUT3=1)
  Clock Path Skew:        -1.401ns (DCD - SCD + CPR)
    Destination Clock Delay (DCD):    -1.401ns
    Source Clock Delay      (SCD):    0.000ns
    Clock Pessimism Removal (CPR):    0.000ns
  Clock Uncertainty:      0.178ns  ((TSJ^2 + DJ^2)^1/2) / 2 + PE
    Total System Jitter     (TSJ):    0.050ns
    Discrete Jitter          (DJ):    0.152ns
    Phase Error              (PE):    0.099ns

    Location             Delay type                Incr(ns)  Path(ns)    Netlist Resource(s)
  -------------------------------------------------------------------    -------------------
    U18                                               0.000     0.000 f  reset (IN)
                         net (fo=0)                   0.000     0.000    reset
    U18                  IBUF (Prop_ibuf_I_O)         1.441     1.441 f  reset_IBUF_inst/O
                         net (fo=1211, routed)       11.024    12.465    MB_i/sha256_0/inst/reset
    SLICE_X2Y137         LUT3 (Prop_lut3_I2_O)        0.124    12.589 r  MB_i/sha256_0/inst/W[43][31]_i_1/O
                         net (fo=32, routed)          5.547    18.136    MB_i/sha256_0/inst/W[43][31]_i_1_n_0
    SLICE_X45Y126        FDRE                                         r  MB_i/sha256_0/inst/W_reg[43][1]/CE
  -------------------------------------------------------------------    -------------------

                         (clock clk_out1_MB_clk_wiz_1 rise edge)
                                                      0.000     0.000 r  
    W5                                                0.000     0.000 r  sys_clock (IN)
                         net (fo=0)                   0.000     0.000    MB_i/clk_wiz/inst/clk_in1
    W5                   IBUF (Prop_ibuf_I_O)         1.388     1.388 r  MB_i/clk_wiz/inst/clkin1_ibufg/O
                         net (fo=1, routed)           1.162     2.550    MB_i/clk_wiz/inst/clk_in1_MB_clk_wiz_1
    MMCME2_ADV_X1Y0      MMCME2_ADV (Prop_mmcme2_adv_CLKIN1_CLKOUT0)
                                                     -7.217    -4.668 r  MB_i/clk_wiz/inst/mmcm_adv_inst/CLKOUT0
                         net (fo=1, routed)           1.581    -3.086    MB_i/clk_wiz/inst/clk_out1_MB_clk_wiz_1
    BUFGCTRL_X0Y0        BUFG (Prop_bufg_I_O)         0.091    -2.995 r  MB_i/clk_wiz/inst/clkout1_buf/O
                         net (fo=2868, routed)        1.594    -1.401    MB_i/sha256_0/inst/clk
    SLICE_X45Y126        FDRE                                         r  MB_i/sha256_0/inst/W_reg[43][1]/C

Slack:                    inf
  Source:                 reset
                            (input port)
  Destination:            MB_i/sha256_0/inst/W_reg[18][14]/CE
                            (rising edge-triggered cell FDRE clocked by clk_out1_MB_clk_wiz_1  {rise@0.000ns fall@10.000ns period=20.000ns})
  Path Group:             (none)
  Path Type:              Setup (Max at Slow Process Corner)
  Data Path Delay:        18.124ns  (logic 1.565ns (8.637%)  route 16.559ns (91.363%))
  Logic Levels:           2  (IBUF=1 LUT3=1)
  Clock Path Skew:        -1.392ns (DCD - SCD + CPR)
    Destination Clock Delay (DCD):    -1.392ns
    Source Clock Delay      (SCD):    0.000ns
    Clock Pessimism Removal (CPR):    0.000ns
  Clock Uncertainty:      0.178ns  ((TSJ^2 + DJ^2)^1/2) / 2 + PE
    Total System Jitter     (TSJ):    0.050ns
    Discrete Jitter          (DJ):    0.152ns
    Phase Error              (PE):    0.099ns

    Location             Delay type                Incr(ns)  Path(ns)    Netlist Resource(s)
  -------------------------------------------------------------------    -------------------
    U18                                               0.000     0.000 f  reset (IN)
                         net (fo=0)                   0.000     0.000    reset
    U18                  IBUF (Prop_ibuf_I_O)         1.441     1.441 f  reset_IBUF_inst/O
                         net (fo=1211, routed)       11.490    12.931    MB_i/sha256_0/inst/reset
    SLICE_X5Y138         LUT3 (Prop_lut3_I2_O)        0.124    13.055 r  MB_i/sha256_0/inst/W[18][31]_i_1/O
                         net (fo=32, routed)          5.068    18.124    MB_i/sha256_0/inst/W[18][31]_i_1_n_0
    SLICE_X38Y135        FDRE                                         r  MB_i/sha256_0/inst/W_reg[18][14]/CE
  -------------------------------------------------------------------    -------------------

                         (clock clk_out1_MB_clk_wiz_1 rise edge)
                                                      0.000     0.000 r  
    W5                                                0.000     0.000 r  sys_clock (IN)
                         net (fo=0)                   0.000     0.000    MB_i/clk_wiz/inst/clk_in1
    W5                   IBUF (Prop_ibuf_I_O)         1.388     1.388 r  MB_i/clk_wiz/inst/clkin1_ibufg/O
                         net (fo=1, routed)           1.162     2.550    MB_i/clk_wiz/inst/clk_in1_MB_clk_wiz_1
    MMCME2_ADV_X1Y0      MMCME2_ADV (Prop_mmcme2_adv_CLKIN1_CLKOUT0)
                                                     -7.217    -4.668 r  MB_i/clk_wiz/inst/mmcm_adv_inst/CLKOUT0
                         net (fo=1, routed)           1.581    -3.086    MB_i/clk_wiz/inst/clk_out1_MB_clk_wiz_1
    BUFGCTRL_X0Y0        BUFG (Prop_bufg_I_O)         0.091    -2.995 r  MB_i/clk_wiz/inst/clkout1_buf/O
                         net (fo=2868, routed)        1.603    -1.392    MB_i/sha256_0/inst/clk
    SLICE_X38Y135        FDRE                                         r  MB_i/sha256_0/inst/W_reg[18][14]/C

Slack:                    inf
  Source:                 reset
                            (input port)
  Destination:            MB_i/sha256_0/inst/W_reg[18][18]/CE
                            (rising edge-triggered cell FDRE clocked by clk_out1_MB_clk_wiz_1  {rise@0.000ns fall@10.000ns period=20.000ns})
  Path Group:             (none)
  Path Type:              Setup (Max at Slow Process Corner)
  Data Path Delay:        18.124ns  (logic 1.565ns (8.637%)  route 16.559ns (91.363%))
  Logic Levels:           2  (IBUF=1 LUT3=1)
  Clock Path Skew:        -1.392ns (DCD - SCD + CPR)
    Destination Clock Delay (DCD):    -1.392ns
    Source Clock Delay      (SCD):    0.000ns
    Clock Pessimism Removal (CPR):    0.000ns
  Clock Uncertainty:      0.178ns  ((TSJ^2 + DJ^2)^1/2) / 2 + PE
    Total System Jitter     (TSJ):    0.050ns
    Discrete Jitter          (DJ):    0.152ns
    Phase Error              (PE):    0.099ns

    Location             Delay type                Incr(ns)  Path(ns)    Netlist Resource(s)
  -------------------------------------------------------------------    -------------------
    U18                                               0.000     0.000 f  reset (IN)
                         net (fo=0)                   0.000     0.000    reset
    U18                  IBUF (Prop_ibuf_I_O)         1.441     1.441 f  reset_IBUF_inst/O
                         net (fo=1211, routed)       11.490    12.931    MB_i/sha256_0/inst/reset
    SLICE_X5Y138         LUT3 (Prop_lut3_I2_O)        0.124    13.055 r  MB_i/sha256_0/inst/W[18][31]_i_1/O
                         net (fo=32, routed)          5.068    18.124    MB_i/sha256_0/inst/W[18][31]_i_1_n_0
    SLICE_X38Y135        FDRE                                         r  MB_i/sha256_0/inst/W_reg[18][18]/CE
  -------------------------------------------------------------------    -------------------

                         (clock clk_out1_MB_clk_wiz_1 rise edge)
                                                      0.000     0.000 r  
    W5                                                0.000     0.000 r  sys_clock (IN)
                         net (fo=0)                   0.000     0.000    MB_i/clk_wiz/inst/clk_in1
    W5                   IBUF (Prop_ibuf_I_O)         1.388     1.388 r  MB_i/clk_wiz/inst/clkin1_ibufg/O
                         net (fo=1, routed)           1.162     2.550    MB_i/clk_wiz/inst/clk_in1_MB_clk_wiz_1
    MMCME2_ADV_X1Y0      MMCME2_ADV (Prop_mmcme2_adv_CLKIN1_CLKOUT0)
                                                     -7.217    -4.668 r  MB_i/clk_wiz/inst/mmcm_adv_inst/CLKOUT0
                         net (fo=1, routed)           1.581    -3.086    MB_i/clk_wiz/inst/clk_out1_MB_clk_wiz_1
    BUFGCTRL_X0Y0        BUFG (Prop_bufg_I_O)         0.091    -2.995 r  MB_i/clk_wiz/inst/clkout1_buf/O
                         net (fo=2868, routed)        1.603    -1.392    MB_i/sha256_0/inst/clk
    SLICE_X38Y135        FDRE                                         r  MB_i/sha256_0/inst/W_reg[18][18]/C

Slack:                    inf
  Source:                 reset
                            (input port)
  Destination:            MB_i/sha256_0/inst/W_reg[18][8]/CE
                            (rising edge-triggered cell FDRE clocked by clk_out1_MB_clk_wiz_1  {rise@0.000ns fall@10.000ns period=20.000ns})
  Path Group:             (none)
  Path Type:              Setup (Max at Slow Process Corner)
  Data Path Delay:        18.124ns  (logic 1.565ns (8.637%)  route 16.559ns (91.363%))
  Logic Levels:           2  (IBUF=1 LUT3=1)
  Clock Path Skew:        -1.392ns (DCD - SCD + CPR)
    Destination Clock Delay (DCD):    -1.392ns
    Source Clock Delay      (SCD):    0.000ns
    Clock Pessimism Removal (CPR):    0.000ns
  Clock Uncertainty:      0.178ns  ((TSJ^2 + DJ^2)^1/2) / 2 + PE
    Total System Jitter     (TSJ):    0.050ns
    Discrete Jitter          (DJ):    0.152ns
    Phase Error              (PE):    0.099ns

    Location             Delay type                Incr(ns)  Path(ns)    Netlist Resource(s)
  -------------------------------------------------------------------    -------------------
    U18                                               0.000     0.000 f  reset (IN)
                         net (fo=0)                   0.000     0.000    reset
    U18                  IBUF (Prop_ibuf_I_O)         1.441     1.441 f  reset_IBUF_inst/O
                         net (fo=1211, routed)       11.490    12.931    MB_i/sha256_0/inst/reset
    SLICE_X5Y138         LUT3 (Prop_lut3_I2_O)        0.124    13.055 r  MB_i/sha256_0/inst/W[18][31]_i_1/O
                         net (fo=32, routed)          5.068    18.124    MB_i/sha256_0/inst/W[18][31]_i_1_n_0
    SLICE_X38Y135        FDRE                                         r  MB_i/sha256_0/inst/W_reg[18][8]/CE
  -------------------------------------------------------------------    -------------------

                         (clock clk_out1_MB_clk_wiz_1 rise edge)
                                                      0.000     0.000 r  
    W5                                                0.000     0.000 r  sys_clock (IN)
                         net (fo=0)                   0.000     0.000    MB_i/clk_wiz/inst/clk_in1
    W5                   IBUF (Prop_ibuf_I_O)         1.388     1.388 r  MB_i/clk_wiz/inst/clkin1_ibufg/O
                         net (fo=1, routed)           1.162     2.550    MB_i/clk_wiz/inst/clk_in1_MB_clk_wiz_1
    MMCME2_ADV_X1Y0      MMCME2_ADV (Prop_mmcme2_adv_CLKIN1_CLKOUT0)
                                                     -7.217    -4.668 r  MB_i/clk_wiz/inst/mmcm_adv_inst/CLKOUT0
                         net (fo=1, routed)           1.581    -3.086    MB_i/clk_wiz/inst/clk_out1_MB_clk_wiz_1
    BUFGCTRL_X0Y0        BUFG (Prop_bufg_I_O)         0.091    -2.995 r  MB_i/clk_wiz/inst/clkout1_buf/O
                         net (fo=2868, routed)        1.603    -1.392    MB_i/sha256_0/inst/clk
    SLICE_X38Y135        FDRE                                         r  MB_i/sha256_0/inst/W_reg[18][8]/C

Slack:                    inf
  Source:                 reset
                            (input port)
  Destination:            MB_i/sha256_0/inst/W_reg[18][9]/CE
                            (rising edge-triggered cell FDRE clocked by clk_out1_MB_clk_wiz_1  {rise@0.000ns fall@10.000ns period=20.000ns})
  Path Group:             (none)
  Path Type:              Setup (Max at Slow Process Corner)
  Data Path Delay:        18.124ns  (logic 1.565ns (8.637%)  route 16.559ns (91.363%))
  Logic Levels:           2  (IBUF=1 LUT3=1)
  Clock Path Skew:        -1.392ns (DCD - SCD + CPR)
    Destination Clock Delay (DCD):    -1.392ns
    Source Clock Delay      (SCD):    0.000ns
    Clock Pessimism Removal (CPR):    0.000ns
  Clock Uncertainty:      0.178ns  ((TSJ^2 + DJ^2)^1/2) / 2 + PE
    Total System Jitter     (TSJ):    0.050ns
    Discrete Jitter          (DJ):    0.152ns
    Phase Error              (PE):    0.099ns

    Location             Delay type                Incr(ns)  Path(ns)    Netlist Resource(s)
  -------------------------------------------------------------------    -------------------
    U18                                               0.000     0.000 f  reset (IN)
                         net (fo=0)                   0.000     0.000    reset
    U18                  IBUF (Prop_ibuf_I_O)         1.441     1.441 f  reset_IBUF_inst/O
                         net (fo=1211, routed)       11.490    12.931    MB_i/sha256_0/inst/reset
    SLICE_X5Y138         LUT3 (Prop_lut3_I2_O)        0.124    13.055 r  MB_i/sha256_0/inst/W[18][31]_i_1/O
                         net (fo=32, routed)          5.068    18.124    MB_i/sha256_0/inst/W[18][31]_i_1_n_0
    SLICE_X38Y135        FDRE                                         r  MB_i/sha256_0/inst/W_reg[18][9]/CE
  -------------------------------------------------------------------    -------------------

                         (clock clk_out1_MB_clk_wiz_1 rise edge)
                                                      0.000     0.000 r  
    W5                                                0.000     0.000 r  sys_clock (IN)
                         net (fo=0)                   0.000     0.000    MB_i/clk_wiz/inst/clk_in1
    W5                   IBUF (Prop_ibuf_I_O)         1.388     1.388 r  MB_i/clk_wiz/inst/clkin1_ibufg/O
                         net (fo=1, routed)           1.162     2.550    MB_i/clk_wiz/inst/clk_in1_MB_clk_wiz_1
    MMCME2_ADV_X1Y0      MMCME2_ADV (Prop_mmcme2_adv_CLKIN1_CLKOUT0)
                                                     -7.217    -4.668 r  MB_i/clk_wiz/inst/mmcm_adv_inst/CLKOUT0
                         net (fo=1, routed)           1.581    -3.086    MB_i/clk_wiz/inst/clk_out1_MB_clk_wiz_1
    BUFGCTRL_X0Y0        BUFG (Prop_bufg_I_O)         0.091    -2.995 r  MB_i/clk_wiz/inst/clkout1_buf/O
                         net (fo=2868, routed)        1.603    -1.392    MB_i/sha256_0/inst/clk
    SLICE_X38Y135        FDRE                                         r  MB_i/sha256_0/inst/W_reg[18][9]/C





Min Delay Paths
--------------------------------------------------------------------------------------
Slack:                    inf
  Source:                 reset
                            (input port)
  Destination:            MB_i/sha256_0/inst/done_reg/CLR
                            (removal check against rising-edge clock clk_out1_MB_clk_wiz_1  {rise@0.000ns fall@10.000ns period=20.000ns})
  Path Group:             (none)
  Path Type:              Removal (Min at Fast Process Corner)
  Data Path Delay:        2.022ns  (logic 0.210ns (10.362%)  route 1.813ns (89.638%))
  Logic Levels:           1  (IBUF=1)
  Clock Path Skew:        -0.748ns (DCD - SCD - CPR)
    Destination Clock Delay (DCD):    -0.748ns
    Source Clock Delay      (SCD):    0.000ns
    Clock Pessimism Removal (CPR):    -0.000ns

    Location             Delay type                Incr(ns)  Path(ns)    Netlist Resource(s)
  -------------------------------------------------------------------    -------------------
    U18                                               0.000     0.000 f  reset (IN)
                         net (fo=0)                   0.000     0.000    reset
    U18                  IBUF (Prop_ibuf_I_O)         0.210     0.210 f  reset_IBUF_inst/O
                         net (fo=1211, routed)        1.813     2.022    MB_i/sha256_0/inst/reset
    SLICE_X5Y116         FDCE                                         f  MB_i/sha256_0/inst/done_reg/CLR
  -------------------------------------------------------------------    -------------------

                         (clock clk_out1_MB_clk_wiz_1 rise edge)
                                                      0.000     0.000 r  
    W5                                                0.000     0.000 r  sys_clock (IN)
                         net (fo=0)                   0.000     0.000    MB_i/clk_wiz/inst/clk_in1
    W5                   IBUF (Prop_ibuf_I_O)         0.414     0.414 r  MB_i/clk_wiz/inst/clkin1_ibufg/O
                         net (fo=1, routed)           0.480     0.894    MB_i/clk_wiz/inst/clk_in1_MB_clk_wiz_1
    MMCME2_ADV_X1Y0      MMCME2_ADV (Prop_mmcme2_adv_CLKIN1_CLKOUT0)
                                                     -3.142    -2.248 r  MB_i/clk_wiz/inst/mmcm_adv_inst/CLKOUT0
                         net (fo=1, routed)           0.530    -1.718    MB_i/clk_wiz/inst/clk_out1_MB_clk_wiz_1
    BUFGCTRL_X0Y0        BUFG (Prop_bufg_I_O)         0.029    -1.689 r  MB_i/clk_wiz/inst/clkout1_buf/O
                         net (fo=2868, routed)        0.941    -0.748    MB_i/sha256_0/inst/clk
    SLICE_X5Y116         FDCE                                         r  MB_i/sha256_0/inst/done_reg/C

Slack:                    inf
  Source:                 reset
                            (input port)
  Destination:            MB_i/sha256_0/inst/hash_started_reg/CLR
                            (removal check against rising-edge clock clk_out1_MB_clk_wiz_1  {rise@0.000ns fall@10.000ns period=20.000ns})
  Path Group:             (none)
  Path Type:              Removal (Min at Fast Process Corner)
  Data Path Delay:        2.022ns  (logic 0.210ns (10.362%)  route 1.813ns (89.638%))
  Logic Levels:           1  (IBUF=1)
  Clock Path Skew:        -0.748ns (DCD - SCD - CPR)
    Destination Clock Delay (DCD):    -0.748ns
    Source Clock Delay      (SCD):    0.000ns
    Clock Pessimism Removal (CPR):    -0.000ns

    Location             Delay type                Incr(ns)  Path(ns)    Netlist Resource(s)
  -------------------------------------------------------------------    -------------------
    U18                                               0.000     0.000 f  reset (IN)
                         net (fo=0)                   0.000     0.000    reset
    U18                  IBUF (Prop_ibuf_I_O)         0.210     0.210 f  reset_IBUF_inst/O
                         net (fo=1211, routed)        1.813     2.022    MB_i/sha256_0/inst/reset
    SLICE_X5Y116         FDCE                                         f  MB_i/sha256_0/inst/hash_started_reg/CLR
  -------------------------------------------------------------------    -------------------

                         (clock clk_out1_MB_clk_wiz_1 rise edge)
                                                      0.000     0.000 r  
    W5                                                0.000     0.000 r  sys_clock (IN)
                         net (fo=0)                   0.000     0.000    MB_i/clk_wiz/inst/clk_in1
    W5                   IBUF (Prop_ibuf_I_O)         0.414     0.414 r  MB_i/clk_wiz/inst/clkin1_ibufg/O
                         net (fo=1, routed)           0.480     0.894    MB_i/clk_wiz/inst/clk_in1_MB_clk_wiz_1
    MMCME2_ADV_X1Y0      MMCME2_ADV (Prop_mmcme2_adv_CLKIN1_CLKOUT0)
                                                     -3.142    -2.248 r  MB_i/clk_wiz/inst/mmcm_adv_inst/CLKOUT0
                         net (fo=1, routed)           0.530    -1.718    MB_i/clk_wiz/inst/clk_out1_MB_clk_wiz_1
    BUFGCTRL_X0Y0        BUFG (Prop_bufg_I_O)         0.029    -1.689 r  MB_i/clk_wiz/inst/clkout1_buf/O
                         net (fo=2868, routed)        0.941    -0.748    MB_i/sha256_0/inst/clk
    SLICE_X5Y116         FDCE                                         r  MB_i/sha256_0/inst/hash_started_reg/C

Slack:                    inf
  Source:                 reset
                            (input port)
  Destination:            MB_i/sha256_0/inst/FSM_onehot_state_reg[0]/PRE
                            (removal check against rising-edge clock clk_out1_MB_clk_wiz_1  {rise@0.000ns fall@10.000ns period=20.000ns})
  Path Group:             (none)
  Path Type:              Removal (Min at Fast Process Corner)
  Data Path Delay:        2.153ns  (logic 0.210ns (9.733%)  route 1.943ns (90.267%))
  Logic Levels:           1  (IBUF=1)
  Clock Path Skew:        -0.748ns (DCD - SCD - CPR)
    Destination Clock Delay (DCD):    -0.748ns
    Source Clock Delay      (SCD):    0.000ns
    Clock Pessimism Removal (CPR):    -0.000ns

    Location             Delay type                Incr(ns)  Path(ns)    Netlist Resource(s)
  -------------------------------------------------------------------    -------------------
    U18                                               0.000     0.000 f  reset (IN)
                         net (fo=0)                   0.000     0.000    reset
    U18                  IBUF (Prop_ibuf_I_O)         0.210     0.210 f  reset_IBUF_inst/O
                         net (fo=1211, routed)        1.943     2.153    MB_i/sha256_0/inst/reset
    SLICE_X6Y116         FDPE                                         f  MB_i/sha256_0/inst/FSM_onehot_state_reg[0]/PRE
  -------------------------------------------------------------------    -------------------

                         (clock clk_out1_MB_clk_wiz_1 rise edge)
                                                      0.000     0.000 r  
    W5                                                0.000     0.000 r  sys_clock (IN)
                         net (fo=0)                   0.000     0.000    MB_i/clk_wiz/inst/clk_in1
    W5                   IBUF (Prop_ibuf_I_O)         0.414     0.414 r  MB_i/clk_wiz/inst/clkin1_ibufg/O
                         net (fo=1, routed)           0.480     0.894    MB_i/clk_wiz/inst/clk_in1_MB_clk_wiz_1
    MMCME2_ADV_X1Y0      MMCME2_ADV (Prop_mmcme2_adv_CLKIN1_CLKOUT0)
                                                     -3.142    -2.248 r  MB_i/clk_wiz/inst/mmcm_adv_inst/CLKOUT0
                         net (fo=1, routed)           0.530    -1.718    MB_i/clk_wiz/inst/clk_out1_MB_clk_wiz_1
    BUFGCTRL_X0Y0        BUFG (Prop_bufg_I_O)         0.029    -1.689 r  MB_i/clk_wiz/inst/clkout1_buf/O
                         net (fo=2868, routed)        0.941    -0.748    MB_i/sha256_0/inst/clk
    SLICE_X6Y116         FDPE                                         r  MB_i/sha256_0/inst/FSM_onehot_state_reg[0]/C

Slack:                    inf
  Source:                 reset
                            (input port)
  Destination:            MB_i/sha256_0/inst/FSM_onehot_state_reg[0]_rep/PRE
                            (removal check against rising-edge clock clk_out1_MB_clk_wiz_1  {rise@0.000ns fall@10.000ns period=20.000ns})
  Path Group:             (none)
  Path Type:              Removal (Min at Fast Process Corner)
  Data Path Delay:        2.153ns  (logic 0.210ns (9.733%)  route 1.943ns (90.267%))
  Logic Levels:           1  (IBUF=1)
  Clock Path Skew:        -0.748ns (DCD - SCD - CPR)
    Destination Clock Delay (DCD):    -0.748ns
    Source Clock Delay      (SCD):    0.000ns
    Clock Pessimism Removal (CPR):    -0.000ns

    Location             Delay type                Incr(ns)  Path(ns)    Netlist Resource(s)
  -------------------------------------------------------------------    -------------------
    U18                                               0.000     0.000 f  reset (IN)
                         net (fo=0)                   0.000     0.000    reset
    U18                  IBUF (Prop_ibuf_I_O)         0.210     0.210 f  reset_IBUF_inst/O
                         net (fo=1211, routed)        1.943     2.153    MB_i/sha256_0/inst/reset
    SLICE_X7Y116         FDPE                                         f  MB_i/sha256_0/inst/FSM_onehot_state_reg[0]_rep/PRE
  -------------------------------------------------------------------    -------------------

                         (clock clk_out1_MB_clk_wiz_1 rise edge)
                                                      0.000     0.000 r  
    W5                                                0.000     0.000 r  sys_clock (IN)
                         net (fo=0)                   0.000     0.000    MB_i/clk_wiz/inst/clk_in1
    W5                   IBUF (Prop_ibuf_I_O)         0.414     0.414 r  MB_i/clk_wiz/inst/clkin1_ibufg/O
                         net (fo=1, routed)           0.480     0.894    MB_i/clk_wiz/inst/clk_in1_MB_clk_wiz_1
    MMCME2_ADV_X1Y0      MMCME2_ADV (Prop_mmcme2_adv_CLKIN1_CLKOUT0)
                                                     -3.142    -2.248 r  MB_i/clk_wiz/inst/mmcm_adv_inst/CLKOUT0
                         net (fo=1, routed)           0.530    -1.718    MB_i/clk_wiz/inst/clk_out1_MB_clk_wiz_1
    BUFGCTRL_X0Y0        BUFG (Prop_bufg_I_O)         0.029    -1.689 r  MB_i/clk_wiz/inst/clkout1_buf/O
                         net (fo=2868, routed)        0.941    -0.748    MB_i/sha256_0/inst/clk
    SLICE_X7Y116         FDPE                                         r  MB_i/sha256_0/inst/FSM_onehot_state_reg[0]_rep/C

Slack:                    inf
  Source:                 reset
                            (input port)
  Destination:            MB_i/sha256_0/inst/FSM_onehot_state_reg[0]_rep__0/PRE
                            (removal check against rising-edge clock clk_out1_MB_clk_wiz_1  {rise@0.000ns fall@10.000ns period=20.000ns})
  Path Group:             (none)
  Path Type:              Removal (Min at Fast Process Corner)
  Data Path Delay:        2.153ns  (logic 0.210ns (9.733%)  route 1.943ns (90.267%))
  Logic Levels:           1  (IBUF=1)
  Clock Path Skew:        -0.748ns (DCD - SCD - CPR)
    Destination Clock Delay (DCD):    -0.748ns
    Source Clock Delay      (SCD):    0.000ns
    Clock Pessimism Removal (CPR):    -0.000ns

    Location             Delay type                Incr(ns)  Path(ns)    Netlist Resource(s)
  -------------------------------------------------------------------    -------------------
    U18                                               0.000     0.000 f  reset (IN)
                         net (fo=0)                   0.000     0.000    reset
    U18                  IBUF (Prop_ibuf_I_O)         0.210     0.210 f  reset_IBUF_inst/O
                         net (fo=1211, routed)        1.943     2.153    MB_i/sha256_0/inst/reset
    SLICE_X6Y116         FDPE                                         f  MB_i/sha256_0/inst/FSM_onehot_state_reg[0]_rep__0/PRE
  -------------------------------------------------------------------    -------------------

                         (clock clk_out1_MB_clk_wiz_1 rise edge)
                                                      0.000     0.000 r  
    W5                                                0.000     0.000 r  sys_clock (IN)
                         net (fo=0)                   0.000     0.000    MB_i/clk_wiz/inst/clk_in1
    W5                   IBUF (Prop_ibuf_I_O)         0.414     0.414 r  MB_i/clk_wiz/inst/clkin1_ibufg/O
                         net (fo=1, routed)           0.480     0.894    MB_i/clk_wiz/inst/clk_in1_MB_clk_wiz_1
    MMCME2_ADV_X1Y0      MMCME2_ADV (Prop_mmcme2_adv_CLKIN1_CLKOUT0)
                                                     -3.142    -2.248 r  MB_i/clk_wiz/inst/mmcm_adv_inst/CLKOUT0
                         net (fo=1, routed)           0.530    -1.718    MB_i/clk_wiz/inst/clk_out1_MB_clk_wiz_1
    BUFGCTRL_X0Y0        BUFG (Prop_bufg_I_O)         0.029    -1.689 r  MB_i/clk_wiz/inst/clkout1_buf/O
                         net (fo=2868, routed)        0.941    -0.748    MB_i/sha256_0/inst/clk
    SLICE_X6Y116         FDPE                                         r  MB_i/sha256_0/inst/FSM_onehot_state_reg[0]_rep__0/C

Slack:                    inf
  Source:                 reset
                            (input port)
  Destination:            MB_i/sha256_0/inst/FSM_onehot_state_reg[1]/CLR
                            (removal check against rising-edge clock clk_out1_MB_clk_wiz_1  {rise@0.000ns fall@10.000ns period=20.000ns})
  Path Group:             (none)
  Path Type:              Removal (Min at Fast Process Corner)
  Data Path Delay:        2.153ns  (logic 0.210ns (9.733%)  route 1.943ns (90.267%))
  Logic Levels:           1  (IBUF=1)
  Clock Path Skew:        -0.748ns (DCD - SCD - CPR)
    Destination Clock Delay (DCD):    -0.748ns
    Source Clock Delay      (SCD):    0.000ns
    Clock Pessimism Removal (CPR):    -0.000ns

    Location             Delay type                Incr(ns)  Path(ns)    Netlist Resource(s)
  -------------------------------------------------------------------    -------------------
    U18                                               0.000     0.000 f  reset (IN)
                         net (fo=0)                   0.000     0.000    reset
    U18                  IBUF (Prop_ibuf_I_O)         0.210     0.210 f  reset_IBUF_inst/O
                         net (fo=1211, routed)        1.943     2.153    MB_i/sha256_0/inst/reset
    SLICE_X6Y116         FDCE                                         f  MB_i/sha256_0/inst/FSM_onehot_state_reg[1]/CLR
  -------------------------------------------------------------------    -------------------

                         (clock clk_out1_MB_clk_wiz_1 rise edge)
                                                      0.000     0.000 r  
    W5                                                0.000     0.000 r  sys_clock (IN)
                         net (fo=0)                   0.000     0.000    MB_i/clk_wiz/inst/clk_in1
    W5                   IBUF (Prop_ibuf_I_O)         0.414     0.414 r  MB_i/clk_wiz/inst/clkin1_ibufg/O
                         net (fo=1, routed)           0.480     0.894    MB_i/clk_wiz/inst/clk_in1_MB_clk_wiz_1
    MMCME2_ADV_X1Y0      MMCME2_ADV (Prop_mmcme2_adv_CLKIN1_CLKOUT0)
                                                     -3.142    -2.248 r  MB_i/clk_wiz/inst/mmcm_adv_inst/CLKOUT0
                         net (fo=1, routed)           0.530    -1.718    MB_i/clk_wiz/inst/clk_out1_MB_clk_wiz_1
    BUFGCTRL_X0Y0        BUFG (Prop_bufg_I_O)         0.029    -1.689 r  MB_i/clk_wiz/inst/clkout1_buf/O
                         net (fo=2868, routed)        0.941    -0.748    MB_i/sha256_0/inst/clk
    SLICE_X6Y116         FDCE                                         r  MB_i/sha256_0/inst/FSM_onehot_state_reg[1]/C

Slack:                    inf
  Source:                 reset
                            (input port)
  Destination:            MB_i/sha256_0/inst/FSM_onehot_state_reg[2]/CLR
                            (removal check against rising-edge clock clk_out1_MB_clk_wiz_1  {rise@0.000ns fall@10.000ns period=20.000ns})
  Path Group:             (none)
  Path Type:              Removal (Min at Fast Process Corner)
  Data Path Delay:        2.153ns  (logic 0.210ns (9.733%)  route 1.943ns (90.267%))
  Logic Levels:           1  (IBUF=1)
  Clock Path Skew:        -0.748ns (DCD - SCD - CPR)
    Destination Clock Delay (DCD):    -0.748ns
    Source Clock Delay      (SCD):    0.000ns
    Clock Pessimism Removal (CPR):    -0.000ns

    Location             Delay type                Incr(ns)  Path(ns)    Netlist Resource(s)
  -------------------------------------------------------------------    -------------------
    U18                                               0.000     0.000 f  reset (IN)
                         net (fo=0)                   0.000     0.000    reset
    U18                  IBUF (Prop_ibuf_I_O)         0.210     0.210 f  reset_IBUF_inst/O
                         net (fo=1211, routed)        1.943     2.153    MB_i/sha256_0/inst/reset
    SLICE_X6Y116         FDCE                                         f  MB_i/sha256_0/inst/FSM_onehot_state_reg[2]/CLR
  -------------------------------------------------------------------    -------------------

                         (clock clk_out1_MB_clk_wiz_1 rise edge)
                                                      0.000     0.000 r  
    W5                                                0.000     0.000 r  sys_clock (IN)
                         net (fo=0)                   0.000     0.000    MB_i/clk_wiz/inst/clk_in1
    W5                   IBUF (Prop_ibuf_I_O)         0.414     0.414 r  MB_i/clk_wiz/inst/clkin1_ibufg/O
                         net (fo=1, routed)           0.480     0.894    MB_i/clk_wiz/inst/clk_in1_MB_clk_wiz_1
    MMCME2_ADV_X1Y0      MMCME2_ADV (Prop_mmcme2_adv_CLKIN1_CLKOUT0)
                                                     -3.142    -2.248 r  MB_i/clk_wiz/inst/mmcm_adv_inst/CLKOUT0
                         net (fo=1, routed)           0.530    -1.718    MB_i/clk_wiz/inst/clk_out1_MB_clk_wiz_1
    BUFGCTRL_X0Y0        BUFG (Prop_bufg_I_O)         0.029    -1.689 r  MB_i/clk_wiz/inst/clkout1_buf/O
                         net (fo=2868, routed)        0.941    -0.748    MB_i/sha256_0/inst/clk
    SLICE_X6Y116         FDCE                                         r  MB_i/sha256_0/inst/FSM_onehot_state_reg[2]/C

Slack:                    inf
  Source:                 reset
                            (input port)
  Destination:            MB_i/sha256_0/inst/FSM_onehot_state_reg[2]_rep/CLR
                            (removal check against rising-edge clock clk_out1_MB_clk_wiz_1  {rise@0.000ns fall@10.000ns period=20.000ns})
  Path Group:             (none)
  Path Type:              Removal (Min at Fast Process Corner)
  Data Path Delay:        2.153ns  (logic 0.210ns (9.733%)  route 1.943ns (90.267%))
  Logic Levels:           1  (IBUF=1)
  Clock Path Skew:        -0.748ns (DCD - SCD - CPR)
    Destination Clock Delay (DCD):    -0.748ns
    Source Clock Delay      (SCD):    0.000ns
    Clock Pessimism Removal (CPR):    -0.000ns

    Location             Delay type                Incr(ns)  Path(ns)    Netlist Resource(s)
  -------------------------------------------------------------------    -------------------
    U18                                               0.000     0.000 f  reset (IN)
                         net (fo=0)                   0.000     0.000    reset
    U18                  IBUF (Prop_ibuf_I_O)         0.210     0.210 f  reset_IBUF_inst/O
                         net (fo=1211, routed)        1.943     2.153    MB_i/sha256_0/inst/reset
    SLICE_X7Y116         FDCE                                         f  MB_i/sha256_0/inst/FSM_onehot_state_reg[2]_rep/CLR
  -------------------------------------------------------------------    -------------------

                         (clock clk_out1_MB_clk_wiz_1 rise edge)
                                                      0.000     0.000 r  
    W5                                                0.000     0.000 r  sys_clock (IN)
                         net (fo=0)                   0.000     0.000    MB_i/clk_wiz/inst/clk_in1
    W5                   IBUF (Prop_ibuf_I_O)         0.414     0.414 r  MB_i/clk_wiz/inst/clkin1_ibufg/O
                         net (fo=1, routed)           0.480     0.894    MB_i/clk_wiz/inst/clk_in1_MB_clk_wiz_1
    MMCME2_ADV_X1Y0      MMCME2_ADV (Prop_mmcme2_adv_CLKIN1_CLKOUT0)
                                                     -3.142    -2.248 r  MB_i/clk_wiz/inst/mmcm_adv_inst/CLKOUT0
                         net (fo=1, routed)           0.530    -1.718    MB_i/clk_wiz/inst/clk_out1_MB_clk_wiz_1
    BUFGCTRL_X0Y0        BUFG (Prop_bufg_I_O)         0.029    -1.689 r  MB_i/clk_wiz/inst/clkout1_buf/O
                         net (fo=2868, routed)        0.941    -0.748    MB_i/sha256_0/inst/clk
    SLICE_X7Y116         FDCE                                         r  MB_i/sha256_0/inst/FSM_onehot_state_reg[2]_rep/C

Slack:                    inf
  Source:                 reset
                            (input port)
  Destination:            MB_i/sha256_0/inst/a_reg[6]/PRE
                            (removal check against rising-edge clock clk_out1_MB_clk_wiz_1  {rise@0.000ns fall@10.000ns period=20.000ns})
  Path Group:             (none)
  Path Type:              Removal (Min at Fast Process Corner)
  Data Path Delay:        2.313ns  (logic 0.210ns (9.059%)  route 2.103ns (90.941%))
  Logic Levels:           1  (IBUF=1)
  Clock Path Skew:        -0.750ns (DCD - SCD - CPR)
    Destination Clock Delay (DCD):    -0.750ns
    Source Clock Delay      (SCD):    0.000ns
    Clock Pessimism Removal (CPR):    -0.000ns

    Location             Delay type                Incr(ns)  Path(ns)    Netlist Resource(s)
  -------------------------------------------------------------------    -------------------
    U18                                               0.000     0.000 f  reset (IN)
                         net (fo=0)                   0.000     0.000    reset
    U18                  IBUF (Prop_ibuf_I_O)         0.210     0.210 f  reset_IBUF_inst/O
                         net (fo=1211, routed)        2.103     2.313    MB_i/sha256_0/inst/reset
    SLICE_X7Y118         FDPE                                         f  MB_i/sha256_0/inst/a_reg[6]/PRE
  -------------------------------------------------------------------    -------------------

                         (clock clk_out1_MB_clk_wiz_1 rise edge)
                                                      0.000     0.000 r  
    W5                                                0.000     0.000 r  sys_clock (IN)
                         net (fo=0)                   0.000     0.000    MB_i/clk_wiz/inst/clk_in1
    W5                   IBUF (Prop_ibuf_I_O)         0.414     0.414 r  MB_i/clk_wiz/inst/clkin1_ibufg/O
                         net (fo=1, routed)           0.480     0.894    MB_i/clk_wiz/inst/clk_in1_MB_clk_wiz_1
    MMCME2_ADV_X1Y0      MMCME2_ADV (Prop_mmcme2_adv_CLKIN1_CLKOUT0)
                                                     -3.142    -2.248 r  MB_i/clk_wiz/inst/mmcm_adv_inst/CLKOUT0
                         net (fo=1, routed)           0.530    -1.718    MB_i/clk_wiz/inst/clk_out1_MB_clk_wiz_1
    BUFGCTRL_X0Y0        BUFG (Prop_bufg_I_O)         0.029    -1.689 r  MB_i/clk_wiz/inst/clkout1_buf/O
                         net (fo=2868, routed)        0.939    -0.750    MB_i/sha256_0/inst/clk
    SLICE_X7Y118         FDPE                                         r  MB_i/sha256_0/inst/a_reg[6]/C

Slack:                    inf
  Source:                 reset
                            (input port)
  Destination:            MB_i/sha256_0/inst/b_reg[0]/PRE
                            (removal check against rising-edge clock clk_out1_MB_clk_wiz_1  {rise@0.000ns fall@10.000ns period=20.000ns})
  Path Group:             (none)
  Path Type:              Removal (Min at Fast Process Corner)
  Data Path Delay:        2.313ns  (logic 0.210ns (9.059%)  route 2.103ns (90.941%))
  Logic Levels:           1  (IBUF=1)
  Clock Path Skew:        -0.750ns (DCD - SCD - CPR)
    Destination Clock Delay (DCD):    -0.750ns
    Source Clock Delay      (SCD):    0.000ns
    Clock Pessimism Removal (CPR):    -0.000ns

    Location             Delay type                Incr(ns)  Path(ns)    Netlist Resource(s)
  -------------------------------------------------------------------    -------------------
    U18                                               0.000     0.000 f  reset (IN)
                         net (fo=0)                   0.000     0.000    reset
    U18                  IBUF (Prop_ibuf_I_O)         0.210     0.210 f  reset_IBUF_inst/O
                         net (fo=1211, routed)        2.103     2.313    MB_i/sha256_0/inst/reset
    SLICE_X5Y118         FDPE                                         f  MB_i/sha256_0/inst/b_reg[0]/PRE
  -------------------------------------------------------------------    -------------------

                         (clock clk_out1_MB_clk_wiz_1 rise edge)
                                                      0.000     0.000 r  
    W5                                                0.000     0.000 r  sys_clock (IN)
                         net (fo=0)                   0.000     0.000    MB_i/clk_wiz/inst/clk_in1
    W5                   IBUF (Prop_ibuf_I_O)         0.414     0.414 r  MB_i/clk_wiz/inst/clkin1_ibufg/O
                         net (fo=1, routed)           0.480     0.894    MB_i/clk_wiz/inst/clk_in1_MB_clk_wiz_1
    MMCME2_ADV_X1Y0      MMCME2_ADV (Prop_mmcme2_adv_CLKIN1_CLKOUT0)
                                                     -3.142    -2.248 r  MB_i/clk_wiz/inst/mmcm_adv_inst/CLKOUT0
                         net (fo=1, routed)           0.530    -1.718    MB_i/clk_wiz/inst/clk_out1_MB_clk_wiz_1
    BUFGCTRL_X0Y0        BUFG (Prop_bufg_I_O)         0.029    -1.689 r  MB_i/clk_wiz/inst/clkout1_buf/O
                         net (fo=2868, routed)        0.939    -0.750    MB_i/sha256_0/inst/clk
    SLICE_X5Y118         FDPE                                         r  MB_i/sha256_0/inst/b_reg[0]/C





--------------------------------------------------------------------------------------
Path Group:  (none)
From Clock:  
  To Clock:  clk_out2_MB_clk_wiz_1

Max Delay          1158 Endpoints
Min Delay          1158 Endpoints
--------------------------------------------------------------------------------------


Max Delay Paths
--------------------------------------------------------------------------------------
Slack:                    inf
  Source:                 reset
                            (input port)
  Destination:            MB_i/uart_0/inst/message_block_reg[272]/CLR
                            (recovery check against rising-edge clock clk_out2_MB_clk_wiz_1  {rise@0.000ns fall@5.000ns period=10.000ns})
  Path Group:             (none)
  Path Type:              Recovery (Max at Slow Process Corner)
  Data Path Delay:        14.371ns  (logic 1.441ns (10.029%)  route 12.930ns (89.971%))
  Logic Levels:           1  (IBUF=1)
  Clock Path Skew:        -1.384ns (DCD - SCD + CPR)
    Destination Clock Delay (DCD):    -1.384ns
    Source Clock Delay      (SCD):    0.000ns
    Clock Pessimism Removal (CPR):    0.000ns
  Clock Uncertainty:      0.169ns  ((TSJ^2 + DJ^2)^1/2) / 2 + PE
    Total System Jitter     (TSJ):    0.050ns
    Discrete Jitter          (DJ):    0.131ns
    Phase Error              (PE):    0.099ns

    Location             Delay type                Incr(ns)  Path(ns)    Netlist Resource(s)
  -------------------------------------------------------------------    -------------------
    U18                                               0.000     0.000 f  reset (IN)
                         net (fo=0)                   0.000     0.000    reset
    U18                  IBUF (Prop_ibuf_I_O)         1.441     1.441 f  reset_IBUF_inst/O
                         net (fo=1211, routed)       12.930    14.371    MB_i/uart_0/inst/reset
    SLICE_X52Y142        FDCE                                         f  MB_i/uart_0/inst/message_block_reg[272]/CLR
  -------------------------------------------------------------------    -------------------

                         (clock clk_out2_MB_clk_wiz_1 rise edge)
                                                      0.000     0.000 r  
    W5                                                0.000     0.000 r  sys_clock (IN)
                         net (fo=0)                   0.000     0.000    MB_i/clk_wiz/inst/clk_in1
    W5                   IBUF (Prop_ibuf_I_O)         1.388     1.388 r  MB_i/clk_wiz/inst/clkin1_ibufg/O
                         net (fo=1, routed)           1.162     2.550    MB_i/clk_wiz/inst/clk_in1_MB_clk_wiz_1
    MMCME2_ADV_X1Y0      MMCME2_ADV (Prop_mmcme2_adv_CLKIN1_CLKOUT1)
                                                     -7.217    -4.668 r  MB_i/clk_wiz/inst/mmcm_adv_inst/CLKOUT1
                         net (fo=1, routed)           1.581    -3.086    MB_i/clk_wiz/inst/clk_out2_MB_clk_wiz_1
    BUFGCTRL_X0Y1        BUFG (Prop_bufg_I_O)         0.091    -2.995 r  MB_i/clk_wiz/inst/clkout2_buf/O
                         net (fo=596, routed)         1.611    -1.384    MB_i/uart_0/inst/clk
    SLICE_X52Y142        FDCE                                         r  MB_i/uart_0/inst/message_block_reg[272]/C

Slack:                    inf
  Source:                 reset
                            (input port)
  Destination:            MB_i/uart_0/inst/message_block_reg[278]/CLR
                            (recovery check against rising-edge clock clk_out2_MB_clk_wiz_1  {rise@0.000ns fall@5.000ns period=10.000ns})
  Path Group:             (none)
  Path Type:              Recovery (Max at Slow Process Corner)
  Data Path Delay:        14.371ns  (logic 1.441ns (10.029%)  route 12.930ns (89.971%))
  Logic Levels:           1  (IBUF=1)
  Clock Path Skew:        -1.384ns (DCD - SCD + CPR)
    Destination Clock Delay (DCD):    -1.384ns
    Source Clock Delay      (SCD):    0.000ns
    Clock Pessimism Removal (CPR):    0.000ns
  Clock Uncertainty:      0.169ns  ((TSJ^2 + DJ^2)^1/2) / 2 + PE
    Total System Jitter     (TSJ):    0.050ns
    Discrete Jitter          (DJ):    0.131ns
    Phase Error              (PE):    0.099ns

    Location             Delay type                Incr(ns)  Path(ns)    Netlist Resource(s)
  -------------------------------------------------------------------    -------------------
    U18                                               0.000     0.000 f  reset (IN)
                         net (fo=0)                   0.000     0.000    reset
    U18                  IBUF (Prop_ibuf_I_O)         1.441     1.441 f  reset_IBUF_inst/O
                         net (fo=1211, routed)       12.930    14.371    MB_i/uart_0/inst/reset
    SLICE_X52Y142        FDCE                                         f  MB_i/uart_0/inst/message_block_reg[278]/CLR
  -------------------------------------------------------------------    -------------------

                         (clock clk_out2_MB_clk_wiz_1 rise edge)
                                                      0.000     0.000 r  
    W5                                                0.000     0.000 r  sys_clock (IN)
                         net (fo=0)                   0.000     0.000    MB_i/clk_wiz/inst/clk_in1
    W5                   IBUF (Prop_ibuf_I_O)         1.388     1.388 r  MB_i/clk_wiz/inst/clkin1_ibufg/O
                         net (fo=1, routed)           1.162     2.550    MB_i/clk_wiz/inst/clk_in1_MB_clk_wiz_1
    MMCME2_ADV_X1Y0      MMCME2_ADV (Prop_mmcme2_adv_CLKIN1_CLKOUT1)
                                                     -7.217    -4.668 r  MB_i/clk_wiz/inst/mmcm_adv_inst/CLKOUT1
                         net (fo=1, routed)           1.581    -3.086    MB_i/clk_wiz/inst/clk_out2_MB_clk_wiz_1
    BUFGCTRL_X0Y1        BUFG (Prop_bufg_I_O)         0.091    -2.995 r  MB_i/clk_wiz/inst/clkout2_buf/O
                         net (fo=596, routed)         1.611    -1.384    MB_i/uart_0/inst/clk
    SLICE_X52Y142        FDCE                                         r  MB_i/uart_0/inst/message_block_reg[278]/C

Slack:                    inf
  Source:                 reset
                            (input port)
  Destination:            MB_i/uart_0/inst/message_block_reg[279]/CLR
                            (recovery check against rising-edge clock clk_out2_MB_clk_wiz_1  {rise@0.000ns fall@5.000ns period=10.000ns})
  Path Group:             (none)
  Path Type:              Recovery (Max at Slow Process Corner)
  Data Path Delay:        14.371ns  (logic 1.441ns (10.029%)  route 12.930ns (89.971%))
  Logic Levels:           1  (IBUF=1)
  Clock Path Skew:        -1.384ns (DCD - SCD + CPR)
    Destination Clock Delay (DCD):    -1.384ns
    Source Clock Delay      (SCD):    0.000ns
    Clock Pessimism Removal (CPR):    0.000ns
  Clock Uncertainty:      0.169ns  ((TSJ^2 + DJ^2)^1/2) / 2 + PE
    Total System Jitter     (TSJ):    0.050ns
    Discrete Jitter          (DJ):    0.131ns
    Phase Error              (PE):    0.099ns

    Location             Delay type                Incr(ns)  Path(ns)    Netlist Resource(s)
  -------------------------------------------------------------------    -------------------
    U18                                               0.000     0.000 f  reset (IN)
                         net (fo=0)                   0.000     0.000    reset
    U18                  IBUF (Prop_ibuf_I_O)         1.441     1.441 f  reset_IBUF_inst/O
                         net (fo=1211, routed)       12.930    14.371    MB_i/uart_0/inst/reset
    SLICE_X52Y142        FDCE                                         f  MB_i/uart_0/inst/message_block_reg[279]/CLR
  -------------------------------------------------------------------    -------------------

                         (clock clk_out2_MB_clk_wiz_1 rise edge)
                                                      0.000     0.000 r  
    W5                                                0.000     0.000 r  sys_clock (IN)
                         net (fo=0)                   0.000     0.000    MB_i/clk_wiz/inst/clk_in1
    W5                   IBUF (Prop_ibuf_I_O)         1.388     1.388 r  MB_i/clk_wiz/inst/clkin1_ibufg/O
                         net (fo=1, routed)           1.162     2.550    MB_i/clk_wiz/inst/clk_in1_MB_clk_wiz_1
    MMCME2_ADV_X1Y0      MMCME2_ADV (Prop_mmcme2_adv_CLKIN1_CLKOUT1)
                                                     -7.217    -4.668 r  MB_i/clk_wiz/inst/mmcm_adv_inst/CLKOUT1
                         net (fo=1, routed)           1.581    -3.086    MB_i/clk_wiz/inst/clk_out2_MB_clk_wiz_1
    BUFGCTRL_X0Y1        BUFG (Prop_bufg_I_O)         0.091    -2.995 r  MB_i/clk_wiz/inst/clkout2_buf/O
                         net (fo=596, routed)         1.611    -1.384    MB_i/uart_0/inst/clk
    SLICE_X52Y142        FDCE                                         r  MB_i/uart_0/inst/message_block_reg[279]/C

Slack:                    inf
  Source:                 reset
                            (input port)
  Destination:            MB_i/uart_0/inst/message_block_reg[368]/CLR
                            (recovery check against rising-edge clock clk_out2_MB_clk_wiz_1  {rise@0.000ns fall@5.000ns period=10.000ns})
  Path Group:             (none)
  Path Type:              Recovery (Max at Slow Process Corner)
  Data Path Delay:        14.371ns  (logic 1.441ns (10.029%)  route 12.930ns (89.971%))
  Logic Levels:           1  (IBUF=1)
  Clock Path Skew:        -1.384ns (DCD - SCD + CPR)
    Destination Clock Delay (DCD):    -1.384ns
    Source Clock Delay      (SCD):    0.000ns
    Clock Pessimism Removal (CPR):    0.000ns
  Clock Uncertainty:      0.169ns  ((TSJ^2 + DJ^2)^1/2) / 2 + PE
    Total System Jitter     (TSJ):    0.050ns
    Discrete Jitter          (DJ):    0.131ns
    Phase Error              (PE):    0.099ns

    Location             Delay type                Incr(ns)  Path(ns)    Netlist Resource(s)
  -------------------------------------------------------------------    -------------------
    U18                                               0.000     0.000 f  reset (IN)
                         net (fo=0)                   0.000     0.000    reset
    U18                  IBUF (Prop_ibuf_I_O)         1.441     1.441 f  reset_IBUF_inst/O
                         net (fo=1211, routed)       12.930    14.371    MB_i/uart_0/inst/reset
    SLICE_X53Y142        FDCE                                         f  MB_i/uart_0/inst/message_block_reg[368]/CLR
  -------------------------------------------------------------------    -------------------

                         (clock clk_out2_MB_clk_wiz_1 rise edge)
                                                      0.000     0.000 r  
    W5                                                0.000     0.000 r  sys_clock (IN)
                         net (fo=0)                   0.000     0.000    MB_i/clk_wiz/inst/clk_in1
    W5                   IBUF (Prop_ibuf_I_O)         1.388     1.388 r  MB_i/clk_wiz/inst/clkin1_ibufg/O
                         net (fo=1, routed)           1.162     2.550    MB_i/clk_wiz/inst/clk_in1_MB_clk_wiz_1
    MMCME2_ADV_X1Y0      MMCME2_ADV (Prop_mmcme2_adv_CLKIN1_CLKOUT1)
                                                     -7.217    -4.668 r  MB_i/clk_wiz/inst/mmcm_adv_inst/CLKOUT1
                         net (fo=1, routed)           1.581    -3.086    MB_i/clk_wiz/inst/clk_out2_MB_clk_wiz_1
    BUFGCTRL_X0Y1        BUFG (Prop_bufg_I_O)         0.091    -2.995 r  MB_i/clk_wiz/inst/clkout2_buf/O
                         net (fo=596, routed)         1.611    -1.384    MB_i/uart_0/inst/clk
    SLICE_X53Y142        FDCE                                         r  MB_i/uart_0/inst/message_block_reg[368]/C

Slack:                    inf
  Source:                 reset
                            (input port)
  Destination:            MB_i/uart_0/inst/message_block_reg[374]/CLR
                            (recovery check against rising-edge clock clk_out2_MB_clk_wiz_1  {rise@0.000ns fall@5.000ns period=10.000ns})
  Path Group:             (none)
  Path Type:              Recovery (Max at Slow Process Corner)
  Data Path Delay:        14.371ns  (logic 1.441ns (10.029%)  route 12.930ns (89.971%))
  Logic Levels:           1  (IBUF=1)
  Clock Path Skew:        -1.384ns (DCD - SCD + CPR)
    Destination Clock Delay (DCD):    -1.384ns
    Source Clock Delay      (SCD):    0.000ns
    Clock Pessimism Removal (CPR):    0.000ns
  Clock Uncertainty:      0.169ns  ((TSJ^2 + DJ^2)^1/2) / 2 + PE
    Total System Jitter     (TSJ):    0.050ns
    Discrete Jitter          (DJ):    0.131ns
    Phase Error              (PE):    0.099ns

    Location             Delay type                Incr(ns)  Path(ns)    Netlist Resource(s)
  -------------------------------------------------------------------    -------------------
    U18                                               0.000     0.000 f  reset (IN)
                         net (fo=0)                   0.000     0.000    reset
    U18                  IBUF (Prop_ibuf_I_O)         1.441     1.441 f  reset_IBUF_inst/O
                         net (fo=1211, routed)       12.930    14.371    MB_i/uart_0/inst/reset
    SLICE_X53Y142        FDCE                                         f  MB_i/uart_0/inst/message_block_reg[374]/CLR
  -------------------------------------------------------------------    -------------------

                         (clock clk_out2_MB_clk_wiz_1 rise edge)
                                                      0.000     0.000 r  
    W5                                                0.000     0.000 r  sys_clock (IN)
                         net (fo=0)                   0.000     0.000    MB_i/clk_wiz/inst/clk_in1
    W5                   IBUF (Prop_ibuf_I_O)         1.388     1.388 r  MB_i/clk_wiz/inst/clkin1_ibufg/O
                         net (fo=1, routed)           1.162     2.550    MB_i/clk_wiz/inst/clk_in1_MB_clk_wiz_1
    MMCME2_ADV_X1Y0      MMCME2_ADV (Prop_mmcme2_adv_CLKIN1_CLKOUT1)
                                                     -7.217    -4.668 r  MB_i/clk_wiz/inst/mmcm_adv_inst/CLKOUT1
                         net (fo=1, routed)           1.581    -3.086    MB_i/clk_wiz/inst/clk_out2_MB_clk_wiz_1
    BUFGCTRL_X0Y1        BUFG (Prop_bufg_I_O)         0.091    -2.995 r  MB_i/clk_wiz/inst/clkout2_buf/O
                         net (fo=596, routed)         1.611    -1.384    MB_i/uart_0/inst/clk
    SLICE_X53Y142        FDCE                                         r  MB_i/uart_0/inst/message_block_reg[374]/C

Slack:                    inf
  Source:                 reset
                            (input port)
  Destination:            MB_i/uart_0/inst/message_block_reg[375]/CLR
                            (recovery check against rising-edge clock clk_out2_MB_clk_wiz_1  {rise@0.000ns fall@5.000ns period=10.000ns})
  Path Group:             (none)
  Path Type:              Recovery (Max at Slow Process Corner)
  Data Path Delay:        14.371ns  (logic 1.441ns (10.029%)  route 12.930ns (89.971%))
  Logic Levels:           1  (IBUF=1)
  Clock Path Skew:        -1.384ns (DCD - SCD + CPR)
    Destination Clock Delay (DCD):    -1.384ns
    Source Clock Delay      (SCD):    0.000ns
    Clock Pessimism Removal (CPR):    0.000ns
  Clock Uncertainty:      0.169ns  ((TSJ^2 + DJ^2)^1/2) / 2 + PE
    Total System Jitter     (TSJ):    0.050ns
    Discrete Jitter          (DJ):    0.131ns
    Phase Error              (PE):    0.099ns

    Location             Delay type                Incr(ns)  Path(ns)    Netlist Resource(s)
  -------------------------------------------------------------------    -------------------
    U18                                               0.000     0.000 f  reset (IN)
                         net (fo=0)                   0.000     0.000    reset
    U18                  IBUF (Prop_ibuf_I_O)         1.441     1.441 f  reset_IBUF_inst/O
                         net (fo=1211, routed)       12.930    14.371    MB_i/uart_0/inst/reset
    SLICE_X53Y142        FDCE                                         f  MB_i/uart_0/inst/message_block_reg[375]/CLR
  -------------------------------------------------------------------    -------------------

                         (clock clk_out2_MB_clk_wiz_1 rise edge)
                                                      0.000     0.000 r  
    W5                                                0.000     0.000 r  sys_clock (IN)
                         net (fo=0)                   0.000     0.000    MB_i/clk_wiz/inst/clk_in1
    W5                   IBUF (Prop_ibuf_I_O)         1.388     1.388 r  MB_i/clk_wiz/inst/clkin1_ibufg/O
                         net (fo=1, routed)           1.162     2.550    MB_i/clk_wiz/inst/clk_in1_MB_clk_wiz_1
    MMCME2_ADV_X1Y0      MMCME2_ADV (Prop_mmcme2_adv_CLKIN1_CLKOUT1)
                                                     -7.217    -4.668 r  MB_i/clk_wiz/inst/mmcm_adv_inst/CLKOUT1
                         net (fo=1, routed)           1.581    -3.086    MB_i/clk_wiz/inst/clk_out2_MB_clk_wiz_1
    BUFGCTRL_X0Y1        BUFG (Prop_bufg_I_O)         0.091    -2.995 r  MB_i/clk_wiz/inst/clkout2_buf/O
                         net (fo=596, routed)         1.611    -1.384    MB_i/uart_0/inst/clk
    SLICE_X53Y142        FDCE                                         r  MB_i/uart_0/inst/message_block_reg[375]/C

Slack:                    inf
  Source:                 reset
                            (input port)
  Destination:            MB_i/uart_0/inst/message_block_reg[215]/CLR
                            (recovery check against rising-edge clock clk_out2_MB_clk_wiz_1  {rise@0.000ns fall@5.000ns period=10.000ns})
  Path Group:             (none)
  Path Type:              Recovery (Max at Slow Process Corner)
  Data Path Delay:        14.080ns  (logic 1.441ns (10.237%)  route 12.639ns (89.763%))
  Logic Levels:           1  (IBUF=1)
  Clock Path Skew:        -1.383ns (DCD - SCD + CPR)
    Destination Clock Delay (DCD):    -1.383ns
    Source Clock Delay      (SCD):    0.000ns
    Clock Pessimism Removal (CPR):    0.000ns
  Clock Uncertainty:      0.169ns  ((TSJ^2 + DJ^2)^1/2) / 2 + PE
    Total System Jitter     (TSJ):    0.050ns
    Discrete Jitter          (DJ):    0.131ns
    Phase Error              (PE):    0.099ns

    Location             Delay type                Incr(ns)  Path(ns)    Netlist Resource(s)
  -------------------------------------------------------------------    -------------------
    U18                                               0.000     0.000 f  reset (IN)
                         net (fo=0)                   0.000     0.000    reset
    U18                  IBUF (Prop_ibuf_I_O)         1.441     1.441 f  reset_IBUF_inst/O
                         net (fo=1211, routed)       12.639    14.080    MB_i/uart_0/inst/reset
    SLICE_X50Y145        FDCE                                         f  MB_i/uart_0/inst/message_block_reg[215]/CLR
  -------------------------------------------------------------------    -------------------

                         (clock clk_out2_MB_clk_wiz_1 rise edge)
                                                      0.000     0.000 r  
    W5                                                0.000     0.000 r  sys_clock (IN)
                         net (fo=0)                   0.000     0.000    MB_i/clk_wiz/inst/clk_in1
    W5                   IBUF (Prop_ibuf_I_O)         1.388     1.388 r  MB_i/clk_wiz/inst/clkin1_ibufg/O
                         net (fo=1, routed)           1.162     2.550    MB_i/clk_wiz/inst/clk_in1_MB_clk_wiz_1
    MMCME2_ADV_X1Y0      MMCME2_ADV (Prop_mmcme2_adv_CLKIN1_CLKOUT1)
                                                     -7.217    -4.668 r  MB_i/clk_wiz/inst/mmcm_adv_inst/CLKOUT1
                         net (fo=1, routed)           1.581    -3.086    MB_i/clk_wiz/inst/clk_out2_MB_clk_wiz_1
    BUFGCTRL_X0Y1        BUFG (Prop_bufg_I_O)         0.091    -2.995 r  MB_i/clk_wiz/inst/clkout2_buf/O
                         net (fo=596, routed)         1.612    -1.383    MB_i/uart_0/inst/clk
    SLICE_X50Y145        FDCE                                         r  MB_i/uart_0/inst/message_block_reg[215]/C

Slack:                    inf
  Source:                 reset
                            (input port)
  Destination:            MB_i/uart_0/inst/byte_count_reg[3]/CLR
                            (recovery check against rising-edge clock clk_out2_MB_clk_wiz_1  {rise@0.000ns fall@5.000ns period=10.000ns})
  Path Group:             (none)
  Path Type:              Recovery (Max at Slow Process Corner)
  Data Path Delay:        14.044ns  (logic 1.441ns (10.263%)  route 12.603ns (89.737%))
  Logic Levels:           1  (IBUF=1)
  Clock Path Skew:        -1.383ns (DCD - SCD + CPR)
    Destination Clock Delay (DCD):    -1.383ns
    Source Clock Delay      (SCD):    0.000ns
    Clock Pessimism Removal (CPR):    0.000ns
  Clock Uncertainty:      0.169ns  ((TSJ^2 + DJ^2)^1/2) / 2 + PE
    Total System Jitter     (TSJ):    0.050ns
    Discrete Jitter          (DJ):    0.131ns
    Phase Error              (PE):    0.099ns

    Location             Delay type                Incr(ns)  Path(ns)    Netlist Resource(s)
  -------------------------------------------------------------------    -------------------
    U18                                               0.000     0.000 f  reset (IN)
                         net (fo=0)                   0.000     0.000    reset
    U18                  IBUF (Prop_ibuf_I_O)         1.441     1.441 f  reset_IBUF_inst/O
                         net (fo=1211, routed)       12.603    14.044    MB_i/uart_0/inst/reset
    SLICE_X48Y143        FDCE                                         f  MB_i/uart_0/inst/byte_count_reg[3]/CLR
  -------------------------------------------------------------------    -------------------

                         (clock clk_out2_MB_clk_wiz_1 rise edge)
                                                      0.000     0.000 r  
    W5                                                0.000     0.000 r  sys_clock (IN)
                         net (fo=0)                   0.000     0.000    MB_i/clk_wiz/inst/clk_in1
    W5                   IBUF (Prop_ibuf_I_O)         1.388     1.388 r  MB_i/clk_wiz/inst/clkin1_ibufg/O
                         net (fo=1, routed)           1.162     2.550    MB_i/clk_wiz/inst/clk_in1_MB_clk_wiz_1
    MMCME2_ADV_X1Y0      MMCME2_ADV (Prop_mmcme2_adv_CLKIN1_CLKOUT1)
                                                     -7.217    -4.668 r  MB_i/clk_wiz/inst/mmcm_adv_inst/CLKOUT1
                         net (fo=1, routed)           1.581    -3.086    MB_i/clk_wiz/inst/clk_out2_MB_clk_wiz_1
    BUFGCTRL_X0Y1        BUFG (Prop_bufg_I_O)         0.091    -2.995 r  MB_i/clk_wiz/inst/clkout2_buf/O
                         net (fo=596, routed)         1.612    -1.383    MB_i/uart_0/inst/clk
    SLICE_X48Y143        FDCE                                         r  MB_i/uart_0/inst/byte_count_reg[3]/C

Slack:                    inf
  Source:                 reset
                            (input port)
  Destination:            MB_i/uart_0/inst/byte_count_reg[3]_rep/CLR
                            (recovery check against rising-edge clock clk_out2_MB_clk_wiz_1  {rise@0.000ns fall@5.000ns period=10.000ns})
  Path Group:             (none)
  Path Type:              Recovery (Max at Slow Process Corner)
  Data Path Delay:        14.044ns  (logic 1.441ns (10.263%)  route 12.603ns (89.737%))
  Logic Levels:           1  (IBUF=1)
  Clock Path Skew:        -1.383ns (DCD - SCD + CPR)
    Destination Clock Delay (DCD):    -1.383ns
    Source Clock Delay      (SCD):    0.000ns
    Clock Pessimism Removal (CPR):    0.000ns
  Clock Uncertainty:      0.169ns  ((TSJ^2 + DJ^2)^1/2) / 2 + PE
    Total System Jitter     (TSJ):    0.050ns
    Discrete Jitter          (DJ):    0.131ns
    Phase Error              (PE):    0.099ns

    Location             Delay type                Incr(ns)  Path(ns)    Netlist Resource(s)
  -------------------------------------------------------------------    -------------------
    U18                                               0.000     0.000 f  reset (IN)
                         net (fo=0)                   0.000     0.000    reset
    U18                  IBUF (Prop_ibuf_I_O)         1.441     1.441 f  reset_IBUF_inst/O
                         net (fo=1211, routed)       12.603    14.044    MB_i/uart_0/inst/reset
    SLICE_X48Y143        FDCE                                         f  MB_i/uart_0/inst/byte_count_reg[3]_rep/CLR
  -------------------------------------------------------------------    -------------------

                         (clock clk_out2_MB_clk_wiz_1 rise edge)
                                                      0.000     0.000 r  
    W5                                                0.000     0.000 r  sys_clock (IN)
                         net (fo=0)                   0.000     0.000    MB_i/clk_wiz/inst/clk_in1
    W5                   IBUF (Prop_ibuf_I_O)         1.388     1.388 r  MB_i/clk_wiz/inst/clkin1_ibufg/O
                         net (fo=1, routed)           1.162     2.550    MB_i/clk_wiz/inst/clk_in1_MB_clk_wiz_1
    MMCME2_ADV_X1Y0      MMCME2_ADV (Prop_mmcme2_adv_CLKIN1_CLKOUT1)
                                                     -7.217    -4.668 r  MB_i/clk_wiz/inst/mmcm_adv_inst/CLKOUT1
                         net (fo=1, routed)           1.581    -3.086    MB_i/clk_wiz/inst/clk_out2_MB_clk_wiz_1
    BUFGCTRL_X0Y1        BUFG (Prop_bufg_I_O)         0.091    -2.995 r  MB_i/clk_wiz/inst/clkout2_buf/O
                         net (fo=596, routed)         1.612    -1.383    MB_i/uart_0/inst/clk
    SLICE_X48Y143        FDCE                                         r  MB_i/uart_0/inst/byte_count_reg[3]_rep/C

Slack:                    inf
  Source:                 reset
                            (input port)
  Destination:            MB_i/uart_0/inst/byte_count_reg[4]/CLR
                            (recovery check against rising-edge clock clk_out2_MB_clk_wiz_1  {rise@0.000ns fall@5.000ns period=10.000ns})
  Path Group:             (none)
  Path Type:              Recovery (Max at Slow Process Corner)
  Data Path Delay:        14.044ns  (logic 1.441ns (10.263%)  route 12.603ns (89.737%))
  Logic Levels:           1  (IBUF=1)
  Clock Path Skew:        -1.383ns (DCD - SCD + CPR)
    Destination Clock Delay (DCD):    -1.383ns
    Source Clock Delay      (SCD):    0.000ns
    Clock Pessimism Removal (CPR):    0.000ns
  Clock Uncertainty:      0.169ns  ((TSJ^2 + DJ^2)^1/2) / 2 + PE
    Total System Jitter     (TSJ):    0.050ns
    Discrete Jitter          (DJ):    0.131ns
    Phase Error              (PE):    0.099ns

    Location             Delay type                Incr(ns)  Path(ns)    Netlist Resource(s)
  -------------------------------------------------------------------    -------------------
    U18                                               0.000     0.000 f  reset (IN)
                         net (fo=0)                   0.000     0.000    reset
    U18                  IBUF (Prop_ibuf_I_O)         1.441     1.441 f  reset_IBUF_inst/O
                         net (fo=1211, routed)       12.603    14.044    MB_i/uart_0/inst/reset
    SLICE_X48Y143        FDCE                                         f  MB_i/uart_0/inst/byte_count_reg[4]/CLR
  -------------------------------------------------------------------    -------------------

                         (clock clk_out2_MB_clk_wiz_1 rise edge)
                                                      0.000     0.000 r  
    W5                                                0.000     0.000 r  sys_clock (IN)
                         net (fo=0)                   0.000     0.000    MB_i/clk_wiz/inst/clk_in1
    W5                   IBUF (Prop_ibuf_I_O)         1.388     1.388 r  MB_i/clk_wiz/inst/clkin1_ibufg/O
                         net (fo=1, routed)           1.162     2.550    MB_i/clk_wiz/inst/clk_in1_MB_clk_wiz_1
    MMCME2_ADV_X1Y0      MMCME2_ADV (Prop_mmcme2_adv_CLKIN1_CLKOUT1)
                                                     -7.217    -4.668 r  MB_i/clk_wiz/inst/mmcm_adv_inst/CLKOUT1
                         net (fo=1, routed)           1.581    -3.086    MB_i/clk_wiz/inst/clk_out2_MB_clk_wiz_1
    BUFGCTRL_X0Y1        BUFG (Prop_bufg_I_O)         0.091    -2.995 r  MB_i/clk_wiz/inst/clkout2_buf/O
                         net (fo=596, routed)         1.612    -1.383    MB_i/uart_0/inst/clk
    SLICE_X48Y143        FDCE                                         r  MB_i/uart_0/inst/byte_count_reg[4]/C





Min Delay Paths
--------------------------------------------------------------------------------------
Slack:                    inf
  Source:                 rx_0
                            (input port)
  Destination:            MB_i/uart_0/inst/bit_count_reg[3]/D
                            (rising edge-triggered cell FDCE clocked by clk_out2_MB_clk_wiz_1  {rise@0.000ns fall@5.000ns period=10.000ns})
  Path Group:             (none)
  Path Type:              Hold (Min at Fast Process Corner)
  Data Path Delay:        0.912ns  (logic 0.269ns (29.529%)  route 0.643ns (70.471%))
  Logic Levels:           2  (IBUF=1 LUT6=1)
  Clock Path Skew:        -0.773ns (DCD - SCD - CPR)
    Destination Clock Delay (DCD):    -0.773ns
    Source Clock Delay      (SCD):    0.000ns
    Clock Pessimism Removal (CPR):    -0.000ns

    Location             Delay type                Incr(ns)  Path(ns)    Netlist Resource(s)
  -------------------------------------------------------------------    -------------------
    B18                                               0.000     0.000 r  rx_0 (IN)
                         net (fo=0)                   0.000     0.000    rx_0
    B18                  IBUF (Prop_ibuf_I_O)         0.224     0.224 r  rx_0_IBUF_inst/O
                         net (fo=18, routed)          0.643     0.867    MB_i/uart_0/inst/rx
    SLICE_X12Y112        LUT6 (Prop_lut6_I0_O)        0.045     0.912 r  MB_i/uart_0/inst/bit_count[3]_i_2/O
                         net (fo=1, routed)           0.000     0.912    MB_i/uart_0/inst/bit_count[3]_i_2_n_0
    SLICE_X12Y112        FDCE                                         r  MB_i/uart_0/inst/bit_count_reg[3]/D
  -------------------------------------------------------------------    -------------------

                         (clock clk_out2_MB_clk_wiz_1 rise edge)
                                                      0.000     0.000 r  
    W5                                                0.000     0.000 r  sys_clock (IN)
                         net (fo=0)                   0.000     0.000    MB_i/clk_wiz/inst/clk_in1
    W5                   IBUF (Prop_ibuf_I_O)         0.414     0.414 r  MB_i/clk_wiz/inst/clkin1_ibufg/O
                         net (fo=1, routed)           0.480     0.894    MB_i/clk_wiz/inst/clk_in1_MB_clk_wiz_1
    MMCME2_ADV_X1Y0      MMCME2_ADV (Prop_mmcme2_adv_CLKIN1_CLKOUT1)
                                                     -3.142    -2.248 r  MB_i/clk_wiz/inst/mmcm_adv_inst/CLKOUT1
                         net (fo=1, routed)           0.530    -1.718    MB_i/clk_wiz/inst/clk_out2_MB_clk_wiz_1
    BUFGCTRL_X0Y1        BUFG (Prop_bufg_I_O)         0.029    -1.689 r  MB_i/clk_wiz/inst/clkout2_buf/O
                         net (fo=596, routed)         0.916    -0.773    MB_i/uart_0/inst/clk
    SLICE_X12Y112        FDCE                                         r  MB_i/uart_0/inst/bit_count_reg[3]/C

Slack:                    inf
  Source:                 rx_0
                            (input port)
  Destination:            MB_i/uart_0/inst/state_reg[0]/D
                            (rising edge-triggered cell FDCE clocked by clk_out2_MB_clk_wiz_1  {rise@0.000ns fall@5.000ns period=10.000ns})
  Path Group:             (none)
  Path Type:              Hold (Min at Fast Process Corner)
  Data Path Delay:        0.941ns  (logic 0.269ns (28.602%)  route 0.672ns (71.398%))
  Logic Levels:           2  (IBUF=1 LUT5=1)
  Clock Path Skew:        -0.772ns (DCD - SCD - CPR)
    Destination Clock Delay (DCD):    -0.772ns
    Source Clock Delay      (SCD):    0.000ns
    Clock Pessimism Removal (CPR):    -0.000ns

    Location             Delay type                Incr(ns)  Path(ns)    Netlist Resource(s)
  -------------------------------------------------------------------    -------------------
    B18                                               0.000     0.000 f  rx_0 (IN)
                         net (fo=0)                   0.000     0.000    rx_0
    B18                  IBUF (Prop_ibuf_I_O)         0.224     0.224 f  rx_0_IBUF_inst/O
                         net (fo=18, routed)          0.672     0.896    MB_i/uart_0/inst/rx
    SLICE_X11Y112        LUT5 (Prop_lut5_I3_O)        0.045     0.941 r  MB_i/uart_0/inst/state[0]_i_1/O
                         net (fo=1, routed)           0.000     0.941    MB_i/uart_0/inst/state[0]_i_1_n_0
    SLICE_X11Y112        FDCE                                         r  MB_i/uart_0/inst/state_reg[0]/D
  -------------------------------------------------------------------    -------------------

                         (clock clk_out2_MB_clk_wiz_1 rise edge)
                                                      0.000     0.000 r  
    W5                                                0.000     0.000 r  sys_clock (IN)
                         net (fo=0)                   0.000     0.000    MB_i/clk_wiz/inst/clk_in1
    W5                   IBUF (Prop_ibuf_I_O)         0.414     0.414 r  MB_i/clk_wiz/inst/clkin1_ibufg/O
                         net (fo=1, routed)           0.480     0.894    MB_i/clk_wiz/inst/clk_in1_MB_clk_wiz_1
    MMCME2_ADV_X1Y0      MMCME2_ADV (Prop_mmcme2_adv_CLKIN1_CLKOUT1)
                                                     -3.142    -2.248 r  MB_i/clk_wiz/inst/mmcm_adv_inst/CLKOUT1
                         net (fo=1, routed)           0.530    -1.718    MB_i/clk_wiz/inst/clk_out2_MB_clk_wiz_1
    BUFGCTRL_X0Y1        BUFG (Prop_bufg_I_O)         0.029    -1.689 r  MB_i/clk_wiz/inst/clkout2_buf/O
                         net (fo=596, routed)         0.917    -0.772    MB_i/uart_0/inst/clk
    SLICE_X11Y112        FDCE                                         r  MB_i/uart_0/inst/state_reg[0]/C

Slack:                    inf
  Source:                 rx_0
                            (input port)
  Destination:            MB_i/uart_0/inst/state_reg[1]/D
                            (rising edge-triggered cell FDCE clocked by clk_out2_MB_clk_wiz_1  {rise@0.000ns fall@5.000ns period=10.000ns})
  Path Group:             (none)
  Path Type:              Hold (Min at Fast Process Corner)
  Data Path Delay:        0.942ns  (logic 0.270ns (28.678%)  route 0.672ns (71.322%))
  Logic Levels:           2  (IBUF=1 LUT4=1)
  Clock Path Skew:        -0.772ns (DCD - SCD - CPR)
    Destination Clock Delay (DCD):    -0.772ns
    Source Clock Delay      (SCD):    0.000ns
    Clock Pessimism Removal (CPR):    -0.000ns

    Location             Delay type                Incr(ns)  Path(ns)    Netlist Resource(s)
  -------------------------------------------------------------------    -------------------
    B18                                               0.000     0.000 f  rx_0 (IN)
                         net (fo=0)                   0.000     0.000    rx_0
    B18                  IBUF (Prop_ibuf_I_O)         0.224     0.224 f  rx_0_IBUF_inst/O
                         net (fo=18, routed)          0.672     0.896    MB_i/uart_0/inst/rx
    SLICE_X11Y112        LUT4 (Prop_lut4_I1_O)        0.046     0.942 r  MB_i/uart_0/inst/state[1]_i_1/O
                         net (fo=1, routed)           0.000     0.942    MB_i/uart_0/inst/state[1]_i_1_n_0
    SLICE_X11Y112        FDCE                                         r  MB_i/uart_0/inst/state_reg[1]/D
  -------------------------------------------------------------------    -------------------

                         (clock clk_out2_MB_clk_wiz_1 rise edge)
                                                      0.000     0.000 r  
    W5                                                0.000     0.000 r  sys_clock (IN)
                         net (fo=0)                   0.000     0.000    MB_i/clk_wiz/inst/clk_in1
    W5                   IBUF (Prop_ibuf_I_O)         0.414     0.414 r  MB_i/clk_wiz/inst/clkin1_ibufg/O
                         net (fo=1, routed)           0.480     0.894    MB_i/clk_wiz/inst/clk_in1_MB_clk_wiz_1
    MMCME2_ADV_X1Y0      MMCME2_ADV (Prop_mmcme2_adv_CLKIN1_CLKOUT1)
                                                     -3.142    -2.248 r  MB_i/clk_wiz/inst/mmcm_adv_inst/CLKOUT1
                         net (fo=1, routed)           0.530    -1.718    MB_i/clk_wiz/inst/clk_out2_MB_clk_wiz_1
    BUFGCTRL_X0Y1        BUFG (Prop_bufg_I_O)         0.029    -1.689 r  MB_i/clk_wiz/inst/clkout2_buf/O
                         net (fo=596, routed)         0.917    -0.772    MB_i/uart_0/inst/clk
    SLICE_X11Y112        FDCE                                         r  MB_i/uart_0/inst/state_reg[1]/C

Slack:                    inf
  Source:                 rx_0
                            (input port)
  Destination:            MB_i/uart_0/inst/data_byte_reg[1]/D
                            (rising edge-triggered cell FDCE clocked by clk_out2_MB_clk_wiz_1  {rise@0.000ns fall@5.000ns period=10.000ns})
  Path Group:             (none)
  Path Type:              Hold (Min at Fast Process Corner)
  Data Path Delay:        1.022ns  (logic 0.269ns (26.355%)  route 0.752ns (73.645%))
  Logic Levels:           2  (IBUF=1 LUT5=1)
  Clock Path Skew:        -0.774ns (DCD - SCD - CPR)
    Destination Clock Delay (DCD):    -0.774ns
    Source Clock Delay      (SCD):    0.000ns
    Clock Pessimism Removal (CPR):    -0.000ns

    Location             Delay type                Incr(ns)  Path(ns)    Netlist Resource(s)
  -------------------------------------------------------------------    -------------------
    B18                                               0.000     0.000 r  rx_0 (IN)
                         net (fo=0)                   0.000     0.000    rx_0
    B18                  IBUF (Prop_ibuf_I_O)         0.224     0.224 r  rx_0_IBUF_inst/O
                         net (fo=18, routed)          0.752     0.977    MB_i/uart_0/inst/rx
    SLICE_X13Y114        LUT5 (Prop_lut5_I0_O)        0.045     1.022 r  MB_i/uart_0/inst/data_byte[1]_i_1/O
                         net (fo=1, routed)           0.000     1.022    MB_i/uart_0/inst/data_byte[1]_i_1_n_0
    SLICE_X13Y114        FDCE                                         r  MB_i/uart_0/inst/data_byte_reg[1]/D
  -------------------------------------------------------------------    -------------------

                         (clock clk_out2_MB_clk_wiz_1 rise edge)
                                                      0.000     0.000 r  
    W5                                                0.000     0.000 r  sys_clock (IN)
                         net (fo=0)                   0.000     0.000    MB_i/clk_wiz/inst/clk_in1
    W5                   IBUF (Prop_ibuf_I_O)         0.414     0.414 r  MB_i/clk_wiz/inst/clkin1_ibufg/O
                         net (fo=1, routed)           0.480     0.894    MB_i/clk_wiz/inst/clk_in1_MB_clk_wiz_1
    MMCME2_ADV_X1Y0      MMCME2_ADV (Prop_mmcme2_adv_CLKIN1_CLKOUT1)
                                                     -3.142    -2.248 r  MB_i/clk_wiz/inst/mmcm_adv_inst/CLKOUT1
                         net (fo=1, routed)           0.530    -1.718    MB_i/clk_wiz/inst/clk_out2_MB_clk_wiz_1
    BUFGCTRL_X0Y1        BUFG (Prop_bufg_I_O)         0.029    -1.689 r  MB_i/clk_wiz/inst/clkout2_buf/O
                         net (fo=596, routed)         0.915    -0.774    MB_i/uart_0/inst/clk
    SLICE_X13Y114        FDCE                                         r  MB_i/uart_0/inst/data_byte_reg[1]/C

Slack:                    inf
  Source:                 rx_0
                            (input port)
  Destination:            MB_i/uart_0/inst/data_byte_reg[2]/D
                            (rising edge-triggered cell FDCE clocked by clk_out2_MB_clk_wiz_1  {rise@0.000ns fall@5.000ns period=10.000ns})
  Path Group:             (none)
  Path Type:              Hold (Min at Fast Process Corner)
  Data Path Delay:        1.023ns  (logic 0.269ns (26.329%)  route 0.753ns (73.671%))
  Logic Levels:           2  (IBUF=1 LUT5=1)
  Clock Path Skew:        -0.774ns (DCD - SCD - CPR)
    Destination Clock Delay (DCD):    -0.774ns
    Source Clock Delay      (SCD):    0.000ns
    Clock Pessimism Removal (CPR):    -0.000ns

    Location             Delay type                Incr(ns)  Path(ns)    Netlist Resource(s)
  -------------------------------------------------------------------    -------------------
    B18                                               0.000     0.000 r  rx_0 (IN)
                         net (fo=0)                   0.000     0.000    rx_0
    B18                  IBUF (Prop_ibuf_I_O)         0.224     0.224 r  rx_0_IBUF_inst/O
                         net (fo=18, routed)          0.753     0.978    MB_i/uart_0/inst/rx
    SLICE_X13Y114        LUT5 (Prop_lut5_I0_O)        0.045     1.023 r  MB_i/uart_0/inst/data_byte[2]_i_1/O
                         net (fo=1, routed)           0.000     1.023    MB_i/uart_0/inst/data_byte[2]_i_1_n_0
    SLICE_X13Y114        FDCE                                         r  MB_i/uart_0/inst/data_byte_reg[2]/D
  -------------------------------------------------------------------    -------------------

                         (clock clk_out2_MB_clk_wiz_1 rise edge)
                                                      0.000     0.000 r  
    W5                                                0.000     0.000 r  sys_clock (IN)
                         net (fo=0)                   0.000     0.000    MB_i/clk_wiz/inst/clk_in1
    W5                   IBUF (Prop_ibuf_I_O)         0.414     0.414 r  MB_i/clk_wiz/inst/clkin1_ibufg/O
                         net (fo=1, routed)           0.480     0.894    MB_i/clk_wiz/inst/clk_in1_MB_clk_wiz_1
    MMCME2_ADV_X1Y0      MMCME2_ADV (Prop_mmcme2_adv_CLKIN1_CLKOUT1)
                                                     -3.142    -2.248 r  MB_i/clk_wiz/inst/mmcm_adv_inst/CLKOUT1
                         net (fo=1, routed)           0.530    -1.718    MB_i/clk_wiz/inst/clk_out2_MB_clk_wiz_1
    BUFGCTRL_X0Y1        BUFG (Prop_bufg_I_O)         0.029    -1.689 r  MB_i/clk_wiz/inst/clkout2_buf/O
                         net (fo=596, routed)         0.915    -0.774    MB_i/uart_0/inst/clk
    SLICE_X13Y114        FDCE                                         r  MB_i/uart_0/inst/data_byte_reg[2]/C

Slack:                    inf
  Source:                 rx_0
                            (input port)
  Destination:            MB_i/uart_0/inst/clk_count_reg[2]/CE
                            (rising edge-triggered cell FDCE clocked by clk_out2_MB_clk_wiz_1  {rise@0.000ns fall@5.000ns period=10.000ns})
  Path Group:             (none)
  Path Type:              Hold (Min at Fast Process Corner)
  Data Path Delay:        1.055ns  (logic 0.269ns (25.528%)  route 0.786ns (74.472%))
  Logic Levels:           2  (IBUF=1 LUT4=1)
  Clock Path Skew:        -0.770ns (DCD - SCD - CPR)
    Destination Clock Delay (DCD):    -0.770ns
    Source Clock Delay      (SCD):    0.000ns
    Clock Pessimism Removal (CPR):    -0.000ns

    Location             Delay type                Incr(ns)  Path(ns)    Netlist Resource(s)
  -------------------------------------------------------------------    -------------------
    B18                                               0.000     0.000 f  rx_0 (IN)
                         net (fo=0)                   0.000     0.000    rx_0
    B18                  IBUF (Prop_ibuf_I_O)         0.224     0.224 f  rx_0_IBUF_inst/O
                         net (fo=18, routed)          0.635     0.859    MB_i/uart_0/inst/rx
    SLICE_X11Y112        LUT4 (Prop_lut4_I0_O)        0.045     0.904 r  MB_i/uart_0/inst/clk_count[15]_i_1/O
                         net (fo=16, routed)          0.151     1.055    MB_i/uart_0/inst/clk_count[15]_i_1_n_0
    SLICE_X9Y111         FDCE                                         r  MB_i/uart_0/inst/clk_count_reg[2]/CE
  -------------------------------------------------------------------    -------------------

                         (clock clk_out2_MB_clk_wiz_1 rise edge)
                                                      0.000     0.000 r  
    W5                                                0.000     0.000 r  sys_clock (IN)
                         net (fo=0)                   0.000     0.000    MB_i/clk_wiz/inst/clk_in1
    W5                   IBUF (Prop_ibuf_I_O)         0.414     0.414 r  MB_i/clk_wiz/inst/clkin1_ibufg/O
                         net (fo=1, routed)           0.480     0.894    MB_i/clk_wiz/inst/clk_in1_MB_clk_wiz_1
    MMCME2_ADV_X1Y0      MMCME2_ADV (Prop_mmcme2_adv_CLKIN1_CLKOUT1)
                                                     -3.142    -2.248 r  MB_i/clk_wiz/inst/mmcm_adv_inst/CLKOUT1
                         net (fo=1, routed)           0.530    -1.718    MB_i/clk_wiz/inst/clk_out2_MB_clk_wiz_1
    BUFGCTRL_X0Y1        BUFG (Prop_bufg_I_O)         0.029    -1.689 r  MB_i/clk_wiz/inst/clkout2_buf/O
                         net (fo=596, routed)         0.919    -0.770    MB_i/uart_0/inst/clk
    SLICE_X9Y111         FDCE                                         r  MB_i/uart_0/inst/clk_count_reg[2]/C

Slack:                    inf
  Source:                 rx_0
                            (input port)
  Destination:            MB_i/uart_0/inst/clk_count_reg[3]/CE
                            (rising edge-triggered cell FDCE clocked by clk_out2_MB_clk_wiz_1  {rise@0.000ns fall@5.000ns period=10.000ns})
  Path Group:             (none)
  Path Type:              Hold (Min at Fast Process Corner)
  Data Path Delay:        1.055ns  (logic 0.269ns (25.528%)  route 0.786ns (74.472%))
  Logic Levels:           2  (IBUF=1 LUT4=1)
  Clock Path Skew:        -0.770ns (DCD - SCD - CPR)
    Destination Clock Delay (DCD):    -0.770ns
    Source Clock Delay      (SCD):    0.000ns
    Clock Pessimism Removal (CPR):    -0.000ns

    Location             Delay type                Incr(ns)  Path(ns)    Netlist Resource(s)
  -------------------------------------------------------------------    -------------------
    B18                                               0.000     0.000 f  rx_0 (IN)
                         net (fo=0)                   0.000     0.000    rx_0
    B18                  IBUF (Prop_ibuf_I_O)         0.224     0.224 f  rx_0_IBUF_inst/O
                         net (fo=18, routed)          0.635     0.859    MB_i/uart_0/inst/rx
    SLICE_X11Y112        LUT4 (Prop_lut4_I0_O)        0.045     0.904 r  MB_i/uart_0/inst/clk_count[15]_i_1/O
                         net (fo=16, routed)          0.151     1.055    MB_i/uart_0/inst/clk_count[15]_i_1_n_0
    SLICE_X9Y111         FDCE                                         r  MB_i/uart_0/inst/clk_count_reg[3]/CE
  -------------------------------------------------------------------    -------------------

                         (clock clk_out2_MB_clk_wiz_1 rise edge)
                                                      0.000     0.000 r  
    W5                                                0.000     0.000 r  sys_clock (IN)
                         net (fo=0)                   0.000     0.000    MB_i/clk_wiz/inst/clk_in1
    W5                   IBUF (Prop_ibuf_I_O)         0.414     0.414 r  MB_i/clk_wiz/inst/clkin1_ibufg/O
                         net (fo=1, routed)           0.480     0.894    MB_i/clk_wiz/inst/clk_in1_MB_clk_wiz_1
    MMCME2_ADV_X1Y0      MMCME2_ADV (Prop_mmcme2_adv_CLKIN1_CLKOUT1)
                                                     -3.142    -2.248 r  MB_i/clk_wiz/inst/mmcm_adv_inst/CLKOUT1
                         net (fo=1, routed)           0.530    -1.718    MB_i/clk_wiz/inst/clk_out2_MB_clk_wiz_1
    BUFGCTRL_X0Y1        BUFG (Prop_bufg_I_O)         0.029    -1.689 r  MB_i/clk_wiz/inst/clkout2_buf/O
                         net (fo=596, routed)         0.919    -0.770    MB_i/uart_0/inst/clk
    SLICE_X9Y111         FDCE                                         r  MB_i/uart_0/inst/clk_count_reg[3]/C

Slack:                    inf
  Source:                 rx_0
                            (input port)
  Destination:            MB_i/uart_0/inst/clk_count_reg[4]/CE
                            (rising edge-triggered cell FDCE clocked by clk_out2_MB_clk_wiz_1  {rise@0.000ns fall@5.000ns period=10.000ns})
  Path Group:             (none)
  Path Type:              Hold (Min at Fast Process Corner)
  Data Path Delay:        1.055ns  (logic 0.269ns (25.528%)  route 0.786ns (74.472%))
  Logic Levels:           2  (IBUF=1 LUT4=1)
  Clock Path Skew:        -0.770ns (DCD - SCD - CPR)
    Destination Clock Delay (DCD):    -0.770ns
    Source Clock Delay      (SCD):    0.000ns
    Clock Pessimism Removal (CPR):    -0.000ns

    Location             Delay type                Incr(ns)  Path(ns)    Netlist Resource(s)
  -------------------------------------------------------------------    -------------------
    B18                                               0.000     0.000 f  rx_0 (IN)
                         net (fo=0)                   0.000     0.000    rx_0
    B18                  IBUF (Prop_ibuf_I_O)         0.224     0.224 f  rx_0_IBUF_inst/O
                         net (fo=18, routed)          0.635     0.859    MB_i/uart_0/inst/rx
    SLICE_X11Y112        LUT4 (Prop_lut4_I0_O)        0.045     0.904 r  MB_i/uart_0/inst/clk_count[15]_i_1/O
                         net (fo=16, routed)          0.151     1.055    MB_i/uart_0/inst/clk_count[15]_i_1_n_0
    SLICE_X9Y111         FDCE                                         r  MB_i/uart_0/inst/clk_count_reg[4]/CE
  -------------------------------------------------------------------    -------------------

                         (clock clk_out2_MB_clk_wiz_1 rise edge)
                                                      0.000     0.000 r  
    W5                                                0.000     0.000 r  sys_clock (IN)
                         net (fo=0)                   0.000     0.000    MB_i/clk_wiz/inst/clk_in1
    W5                   IBUF (Prop_ibuf_I_O)         0.414     0.414 r  MB_i/clk_wiz/inst/clkin1_ibufg/O
                         net (fo=1, routed)           0.480     0.894    MB_i/clk_wiz/inst/clk_in1_MB_clk_wiz_1
    MMCME2_ADV_X1Y0      MMCME2_ADV (Prop_mmcme2_adv_CLKIN1_CLKOUT1)
                                                     -3.142    -2.248 r  MB_i/clk_wiz/inst/mmcm_adv_inst/CLKOUT1
                         net (fo=1, routed)           0.530    -1.718    MB_i/clk_wiz/inst/clk_out2_MB_clk_wiz_1
    BUFGCTRL_X0Y1        BUFG (Prop_bufg_I_O)         0.029    -1.689 r  MB_i/clk_wiz/inst/clkout2_buf/O
                         net (fo=596, routed)         0.919    -0.770    MB_i/uart_0/inst/clk
    SLICE_X9Y111         FDCE                                         r  MB_i/uart_0/inst/clk_count_reg[4]/C

Slack:                    inf
  Source:                 rx_0
                            (input port)
  Destination:            MB_i/uart_0/inst/clk_count_reg[5]/CE
                            (rising edge-triggered cell FDCE clocked by clk_out2_MB_clk_wiz_1  {rise@0.000ns fall@5.000ns period=10.000ns})
  Path Group:             (none)
  Path Type:              Hold (Min at Fast Process Corner)
  Data Path Delay:        1.055ns  (logic 0.269ns (25.528%)  route 0.786ns (74.472%))
  Logic Levels:           2  (IBUF=1 LUT4=1)
  Clock Path Skew:        -0.770ns (DCD - SCD - CPR)
    Destination Clock Delay (DCD):    -0.770ns
    Source Clock Delay      (SCD):    0.000ns
    Clock Pessimism Removal (CPR):    -0.000ns

    Location             Delay type                Incr(ns)  Path(ns)    Netlist Resource(s)
  -------------------------------------------------------------------    -------------------
    B18                                               0.000     0.000 f  rx_0 (IN)
                         net (fo=0)                   0.000     0.000    rx_0
    B18                  IBUF (Prop_ibuf_I_O)         0.224     0.224 f  rx_0_IBUF_inst/O
                         net (fo=18, routed)          0.635     0.859    MB_i/uart_0/inst/rx
    SLICE_X11Y112        LUT4 (Prop_lut4_I0_O)        0.045     0.904 r  MB_i/uart_0/inst/clk_count[15]_i_1/O
                         net (fo=16, routed)          0.151     1.055    MB_i/uart_0/inst/clk_count[15]_i_1_n_0
    SLICE_X9Y111         FDCE                                         r  MB_i/uart_0/inst/clk_count_reg[5]/CE
  -------------------------------------------------------------------    -------------------

                         (clock clk_out2_MB_clk_wiz_1 rise edge)
                                                      0.000     0.000 r  
    W5                                                0.000     0.000 r  sys_clock (IN)
                         net (fo=0)                   0.000     0.000    MB_i/clk_wiz/inst/clk_in1
    W5                   IBUF (Prop_ibuf_I_O)         0.414     0.414 r  MB_i/clk_wiz/inst/clkin1_ibufg/O
                         net (fo=1, routed)           0.480     0.894    MB_i/clk_wiz/inst/clk_in1_MB_clk_wiz_1
    MMCME2_ADV_X1Y0      MMCME2_ADV (Prop_mmcme2_adv_CLKIN1_CLKOUT1)
                                                     -3.142    -2.248 r  MB_i/clk_wiz/inst/mmcm_adv_inst/CLKOUT1
                         net (fo=1, routed)           0.530    -1.718    MB_i/clk_wiz/inst/clk_out2_MB_clk_wiz_1
    BUFGCTRL_X0Y1        BUFG (Prop_bufg_I_O)         0.029    -1.689 r  MB_i/clk_wiz/inst/clkout2_buf/O
                         net (fo=596, routed)         0.919    -0.770    MB_i/uart_0/inst/clk
    SLICE_X9Y111         FDCE                                         r  MB_i/uart_0/inst/clk_count_reg[5]/C

Slack:                    inf
  Source:                 rx_0
                            (input port)
  Destination:            MB_i/uart_0/inst/clk_count_reg[6]/CE
                            (rising edge-triggered cell FDCE clocked by clk_out2_MB_clk_wiz_1  {rise@0.000ns fall@5.000ns period=10.000ns})
  Path Group:             (none)
  Path Type:              Hold (Min at Fast Process Corner)
  Data Path Delay:        1.055ns  (logic 0.269ns (25.528%)  route 0.786ns (74.472%))
  Logic Levels:           2  (IBUF=1 LUT4=1)
  Clock Path Skew:        -0.770ns (DCD - SCD - CPR)
    Destination Clock Delay (DCD):    -0.770ns
    Source Clock Delay      (SCD):    0.000ns
    Clock Pessimism Removal (CPR):    -0.000ns

    Location             Delay type                Incr(ns)  Path(ns)    Netlist Resource(s)
  -------------------------------------------------------------------    -------------------
    B18                                               0.000     0.000 f  rx_0 (IN)
                         net (fo=0)                   0.000     0.000    rx_0
    B18                  IBUF (Prop_ibuf_I_O)         0.224     0.224 f  rx_0_IBUF_inst/O
                         net (fo=18, routed)          0.635     0.859    MB_i/uart_0/inst/rx
    SLICE_X11Y112        LUT4 (Prop_lut4_I0_O)        0.045     0.904 r  MB_i/uart_0/inst/clk_count[15]_i_1/O
                         net (fo=16, routed)          0.151     1.055    MB_i/uart_0/inst/clk_count[15]_i_1_n_0
    SLICE_X9Y111         FDCE                                         r  MB_i/uart_0/inst/clk_count_reg[6]/CE
  -------------------------------------------------------------------    -------------------

                         (clock clk_out2_MB_clk_wiz_1 rise edge)
                                                      0.000     0.000 r  
    W5                                                0.000     0.000 r  sys_clock (IN)
                         net (fo=0)                   0.000     0.000    MB_i/clk_wiz/inst/clk_in1
    W5                   IBUF (Prop_ibuf_I_O)         0.414     0.414 r  MB_i/clk_wiz/inst/clkin1_ibufg/O
                         net (fo=1, routed)           0.480     0.894    MB_i/clk_wiz/inst/clk_in1_MB_clk_wiz_1
    MMCME2_ADV_X1Y0      MMCME2_ADV (Prop_mmcme2_adv_CLKIN1_CLKOUT1)
                                                     -3.142    -2.248 r  MB_i/clk_wiz/inst/mmcm_adv_inst/CLKOUT1
                         net (fo=1, routed)           0.530    -1.718    MB_i/clk_wiz/inst/clk_out2_MB_clk_wiz_1
    BUFGCTRL_X0Y1        BUFG (Prop_bufg_I_O)         0.029    -1.689 r  MB_i/clk_wiz/inst/clkout2_buf/O
                         net (fo=596, routed)         0.919    -0.770    MB_i/uart_0/inst/clk
    SLICE_X9Y111         FDCE                                         r  MB_i/uart_0/inst/clk_count_reg[6]/C





