$date
   Fri Mar  7 16:27:05 2025
$end

$version
  2024.1.2
  $dumpfile ("sha256_tb.vcd") 
$end

$timescale
  1ps
$end

$scope module sha256_tb $end
$var reg 1 ! clk $end
$var reg 1 " rst $end
$var reg 1 # reset_hash $end
$var reg 1 $ large_hash $end
$var reg 1 % start $end
$var reg 512 & message_block [511:0] $end
$var wire 256 ' hash [255:0] $end
$var wire 1 ( done $end
$var reg 512 ) test_message1 [511:0] $end
$var reg 512 * test_message2 [511:0] $end
$scope module uut $end
$var wire 1 + clk $end
$var wire 1 , rst $end
$var wire 1 - reset_hash $end
$var wire 1 . large_hash $end
$var wire 1 / start $end
$var wire 512 0 message_block [511:0] $end
$var reg 256 1 hash [255:0] $end
$var reg 1 2 done $end
$var reg 2 3 state [1:0] $end
$var reg 6 4 round_count [5:0] $end
$var reg 32 5 H0 [31:0] $end
$var reg 32 6 H1 [31:0] $end
$var reg 32 7 H2 [31:0] $end
$var reg 32 8 H3 [31:0] $end
$var reg 32 9 H4 [31:0] $end
$var reg 32 : H5 [31:0] $end
$var reg 32 ; H6 [31:0] $end
$var reg 32 < H7 [31:0] $end
$var reg 32 = a [31:0] $end
$var reg 32 > b [31:0] $end
$var reg 32 ? c [31:0] $end
$var reg 32 @ d [31:0] $end
$var reg 32 A e [31:0] $end
$var reg 32 B f [31:0] $end
$var reg 32 C g [31:0] $end
$var reg 32 D h [31:0] $end
$var reg 32 E T1 [31:0] $end
$var reg 32 F T2 [31:0] $end
$var wire 32 G ch [31:0] $end
$var wire 32 H maj [31:0] $end
$var wire 32 I s0 [31:0] $end
$var wire 32 J s1 [31:0] $end
$var wire 32 K sigma0 [31:0] $end
$var wire 32 L sigma1 [31:0] $end
$var wire 32 M w_next [31:0] $end
$var wire 32 N t1_next [31:0] $end
$var wire 32 O t2_next [31:0] $end
$upscope $end
$upscope $end
$enddefinitions $end

#0
$dumpvars
0!
1"
0#
0$
0%
b0 &
bx '
0(
b1010100011010000110010100100000011011110110110001100100001000000111001001100001011001000110100101101111001000000110001101110010011000010110001101101011011011000110010101100100001000000111010001101111001000000110110001101001011001100110010100101100001000000111011101101000011010010111001101110000011001010111001001101001011011100110011100100000011100110110010101100011011100100110010101110100011100110010000001100110011100100110111101101101001000000110000100100000011001100110111101110010011001110110111101110100 )
b1110100011001010110111000100000011001010111001001100001001011101000000000000000000000000000000000000000000000000000000000000000000000000000000000000000000000000000000000000000000000000000000000000000000000000000000000000000000000000000000000000000000000000000000000000000000000000000000000000000000000000000000000000000000000000000000000000000000000000000000000000000000000000000000000000000000000000000000000000000000000000000000000000000000000000000000000000000000000000000000000000000000000000000001001000000 *
0+
1,
0-
0.
0/
b0 0
bx 1
02
b0 3
b0 4
b1101010000010011110011001100111 5
b10111011011001111010111010000101 6
b111100011011101111001101110010 7
b10100101010011111111010100111010 8
b1010001000011100101001001111111 9
b10011011000001010110100010001100 :
b11111100000111101100110101011 ;
b1011011111000001100110100011001 <
b1101010000010011110011001100111 =
b10111011011001111010111010000101 >
b111100011011101111001101110010 ?
b10100101010011111111010100111010 @
b1010001000011100101001001111111 A
b10011011000001010110100010001100 B
b11111100000111101100110101011 C
b1011011111000001100110100011001 D
bx E
bx F
b11111100001011100100110001100 G
b111010011011111110011001100111 H
b11001110001000001011010001111110 I
b110101100001110010011100101011 J
bx K
bx L
bx M
bx N
b1000100100001001101011100101 O
$end

#5000
1!
1+

#10000
0!
0+

#15000
1!
1+

#20000
0!
0+

#25000
1!
1+

#30000
0!
0+

#35000
1!
1+

#40000
0!
0+

#45000
1!
1+

#50000
0!
0+

#55000
1!
1+

#60000
0!
0+

#65000
1!
1+

#70000
0!
0+

#75000
1!
1+

#80000
0!
0+

#85000
1!
1+

#90000
0!
0+

#95000
1!
1+

#100000
0!
0"
0+
0,

#105000
1!
1+

#110000
0!
0+

#115000
1!
1+

#120000
0!
1%
b1010100011010000110010100100000011011110110110001100100001000000111001001100001011001000110100101101111001000000110001101110010011000010110001101101011011011000110010101100100001000000111010001101111001000000110110001101001011001100110010100101100001000000111011101101000011010010111001101110000011001010111001001101001011011100110011100100000011100110110010101100011011100100110010101110100011100110010000001100110011100100110111101101101001000000110000100100000011001100110111101110010011001110110111101110100 &
0+
1/
b1010100011010000110010100100000011011110110110001100100001000000111001001100001011001000110100101101111001000000110001101110010011000010110001101101011011011000110010101100100001000000111010001101111001000000110110001101001011001100110010100101100001000000111011101101000011010010111001101110000011001010111001001101001011011100110011100100000011100110110010101100011011100100110010101110100011100110010000001100110011100100110111101101101001000000110000100100000011001100110111101110010011001110110111101110100 0

#125000
1!
1+
b1 3
b1010100011010000110010100100000 M
b1000111111000000101001010001000 N

#130000
0!
0%
0+
0/

#135000
1!
1+
b1 4
b1010000011100001110110101101101 =
b1101010000010011110011001100111 >
b10111011011001111010111010000101 ?
b111100011011101111001101110010 @
b11101101001100000100011111000010 A
b1010001000011100101001001111111 B
b10011011000001010110100010001100 C
b11111100000111101100110101011 D
b1000111111000000101001010001000 E
b1000100100001001101011100101 F
b1010011000001010110101001001110 G
b1111010011000011110111001100101 H
b11111100110000110000110110011101 I
b1101011110010101000011001100001 J
b1101111011011000110010000100000 M
b10111110111101110111001100001011 N
b1110111001001001111110000000010 O

#140000
0!
0+

#145000
1!
1+
b10 4
b110110000111000110111100001101 =
b1010000011100001110110101101101 >
b1101010000010011110011001100111 ?
b10111011011001111010111010000101 @
b11111011011001100110011001111101 A
b11101101001100000100011111000010 B
b1010001000011100101001001111111 C
b10011011000001010110100010001100 D
b10111110111101110111001100001011 E
b1110111001001001111110000000010 F
b11101001001010000101011001000010 G
b1110010000110001110111101101101 H
b1000100010100101001111111111000 I
b10001011011000011100101110101000 J
b111110001000010011101010100000 L
b1110010011000010110010001101001 M
b110111101100011110101010101110 N
b10110110011010111000111101100101 O

#150000
0!
0+

#155000
1!
1+
b11 4
b11101110000111010111101000010011 =
b110110000111000110111100001101 >
b1010000011100001110110101101101 ?
b1101010000010011110011001100111 @
b11110011000110011001100100110011 A
b11111011011001100110011001111101 B
b11101101001100000100011111000010 C
b1010001000011100101001001111111 D
b110111101100011110101010101110 E
b10110110011010111000111101100101 F
b11111111001000000100011011110001 G
b1110110000111000110111100001101 H
b1011110111100000110000111010111 I
b1100101011111101001110010101110 J
b10111110100011111110000101000010 L
b1101111001000000110001101110010 M
b1110100000110111010100110101 N
b11010101000011001101000011100100 O

#160000
0!
0+

#165000
1!
1+
b100 4
b11100011100100000100011000011001 =
b11101110000111010111101000010011 >
b110110000111000110111100001101 ?
b1010000011100001110110101101101 @
b1111000100011010101101110011100 A
b11110011000110011001100100110011 B
b11111011011001100110011001111101 C
b11101101001100000100011111000010 D
b1110100000110111010100110101 E
b11010101000011001101000011100100 F
b11110011011010110011110101110001 G
b11100110000111000110111000011001 H
b1001001100110110101010001010 I
b1000100110000001110101011111001 J
b10011110101001010000111100100101 L
b1100001011000110110101101101100 M
b11000000000101101001110111110011 N
b11101111010011111101100010100011 O

#170000
0!
0+

#175000
1!
1+
b101 4
b10101111011001100111011010010110 =
b11100011100100000100011000011001 >
b11101110000111010111101000010011 ?
b110110000111000110111100001101 @
b10000100001111000101101100000 A
b1111000100011010101101110011100 B
b11110011000110011001100100110011 C
b11111011011001100110011001111101 D
b11000000000101101001110111110011 E
b11101111010011111101100010100011 F
b11110011100111010001101100010011 G
b11101111000101000111011000010011 H
b10000110101101101011110000101011 I
b10101111100001011011111011010100 J
b111101110011001011001001101100 L
b1100101011001000010000001110100 M
b1011101110111100111001011001001 N
b1110101110010110011001000111110 O

#180000
0!
0+

#185000
1!
1+
b110 4
b11010011101010011010010100000111 =
b10101111011001100111011010010110 >
b11100011100100000100011000011001 ?
b11101110000111010111101000010011 @
b10010011111110101110000111010110 A
b10000100001111000101101100000 B
b1111000100011010101101110011100 C
b11110011000110011001100100110011 D
b1011101110111100111001011001001 E
b1110101110010110011001000111110 F
b1111000100001111001101101001000 G
b11100011101000000110011000010111 H
b1111010010000001110101101000010 I
b10011101111011010111111110010010 J
b11011000110000111110010001000111 L
b1101111001000000110110001101001 M
b1010111011101010001100011010 N
b1011101111000010101000101011001 O

#190000
0!
0+

#195000
1!
1+
b111 4
b1101000110011111111010001110011 =
b11010011101010011010010100000111 >
b10101111011001100111011010010110 ?
b11100011100100000100011000011001 @
b11111001000011000001110100101101 A
b10010011111110101110000111010110 B
b10000100001111000101101100000 C
b1111000100011010101101110011100 D
b1010111011101010001100011010 E
b1011101111000010101000101011001 F
b10010001100010111000001101000100 G
b11101011111011111111010000010111 H
b1000110011110010111011011000000 I
b10010100010101011000011100001011 J
b10010100001011011110011100010110 L
b1100110011001010010110000100000 M
b10101111111011111111000011100000 N
b110010011010010110101011010111 O

#200000
0!
0+

#205000
1!
1+
b1000 4
b11100010010110010101101110110111 =
b1101000110011111111010001110011 >
b11010011101010011010010100000111 ?
b10101111011001100111011010010110 @
b10010011100000000011011011111001 A
b11111001000011000001110100101101 B
b10010011111110101110000111010110 C
b10000100001111000101101100000 D
b10101111111011111111000011100000 E
b110010011010010110101011010111 F
b10010001011110101101010100101111 G
b11100010110010011111010100110111 H
b1000000010001111001101110101110 I
b11111001011001110000110000010100 J
b111011101000100101001001101111 L
b1110111011010000110100101110011 M
b11101010110110011000000010101110 N
b100011000100011001000011100101 O

#210000
0!
0+

#215000
1!
1+
b1001 4
b1101111010110001000110010011 =
b11100010010110010101101110110111 >
b1101000110011111111010001110011 ?
b11010011101010011010010100000111 @
b10011010001111111111011101000100 A
b10010011100000000011011011111001 B
b11111001000011000001110100101101 C
b10010011111110101110000111010110 D
b11101010110110011000000010101110 E
b100011000100011001000011100101 F
b11110011000000000011111001101001 G
b1101000110010110101000110110011 H
b11100011101001001110011100001011 I
b11100101000000000001101001101110 J
b110011100011011010011010110101 L
b1110000011001010111001001101001 M
b11101110111001000000100000010111 N
b1001100011100000011100010111110 O

#220000
0!
0+

#225000
1!
1+
b1010 4
b111011010101000100000011010101 =
b1101111010110001000110010011 >
b11100010010110010101101110110111 ?
b1101000110011111111010001110011 @
b11000010100011011010110100011110 A
b10011010001111111111011101000100 B
b10010011100000000011011011111001 C
b11111001000011000001110100101101 D
b11101110111001000000100000010111 E
b1001100011100000011100010111110 F
b10010011000011011011011111100101 G
b101011010110010101000110010111 H
b11001011111111001111001111010 I
b10011110000001001110100001100000 J
b111001100010100000111101000011 L
b1101110011001110010000001110011 M
b10111100101101110110001110100011 N
b1000100110110001111000000010001 O

#230000
0!
0+

#235000
1!
1+
b1011 4
b1100100000101001110110100 =
b111011010101000100000011010101 >
b1101111010110001000110010011 ?
b11100010010110010101101110110111 @
b100101100001110101100000010110 A
b11000010100011011010110100011110 B
b10011010001111111111011101000100 C
b10010011100000000011011011111001 D
b10111100101101110110001110100011 E
b1000100110110001111000000010001 F
b10011010101111011010111101010110 G
b1001110100000101000110010101 H
b11011100100010101100100001101001 I
b10011001111111101010011010011001 J
b10111011001011000111101100010 L
b1100101011000110111001001100101 M
b10000010101011000111110100010000 N
b11100110010110110001100111111110 O

#240000
0!
0+

#245000
1!
1+
b1100 4
b1101001000001111001011100001110 =
b1100100000101001110110100 >
b111011010101000100000011010101 ?
b1101111010110001000110010011 @
b1100101000001011101100011000111 A
b100101100001110101100000010110 B
b11000010100011011010110100011110 C
b10011010001111111111011101000100 D
b10000010101011000111110100010000 E
b11100110010110110001100111111110 F
b10100111100011010111110100011110 G
b101001000101000101001110010100 H
b111100011011101001010001011011 I
b10000111100101001101010001101010 J
b1110100001011000100001100110111 L
b1110100011100110010000001100110 M
b10110000100100111100011010100110 N
b1100101100000101110011111101111 O

#250000
0!
0+

#255000
1!
1+
b1101 4
b10110000101101010111010010101 =
b1101001000001111001011100001110 >
b1100100000101001110110100 ?
b111011010101000100000011010101 @
b10111110011111101101100000111001 A
b1100101000001011101100011000111 B
b100101100001110101100000010110 C
b11000010100011011010110100011110 D
b10110000100100111100011010100110 E
b1100101100000101110011111101111 F
b100101100001011101100000000111 G
b1000101101001011110010100 H
b1101011100101110100111101001000 I
b11011110101000100010100001100100 J
b11010111011001110100011011000001 L
b1110010011011110110110100100000 M
b10111010000000111100110010100111 N
b1101100101011011110011011011100 O

#260000
0!
0+

#265000
1!
1+
b1110 4
b100110101100011011001110000011 =
b10110000101101010111010010101 >
b1101001000001111001011100001110 ?
b1100100000101001110110100 @
b11110101010110000000110101111100 A
b10111110011111101101100000111001 B
b1100101000001011101100011000111 C
b100101100001110101100000010110 D
b10111010000000111100110010100111 E
b1101100101011011110011011011100 F
b10110100010111011101100010111011 G
b100110000101111011011110000111 H
b10010011011110110101010111110111 I
b11110000010011010111010101001110 J
b11110100001000101110100001111111 L
b1100001001000000110011001101111 M
b11000111001011110001001100110101 N
b10111001100100110000110101111110 O

#270000
0!
0+

#275000
1!
1+
b1111 4
b10000000110000100010000010110011 =
b100110101100011011001110000011 >
b10110000101101010111010010101 ?
b1101001000001111001011100001110 @
b11001000101111110110011011101001 A
b11110101010110000000110101111100 B
b10111110011111101101100000111001 C
b1100101000001011101100011000111 D
b11000111001011110001001100110101 E
b10111001100100110000110101111110 F
b11110110010110001001110001111000 G
b110100100101010001010010011 H
b11101101001011100100000000111110 I
b100101101010001001111010010011 J
b1010011011011011100100101110100 K
b1011011001010001010110010100001 L
b1110010011001110110111101110100 M
b10110101000010100111010010111010 N
b11110011110000001110001011010001 O

#280000
0!
0+

#285000
1!
1+
b10000 4
b10101000110010110101011110001011 =
b10000000110000100010000010110011 >
b100110101100011011001110000011 ?
b10110000101101010111010010101 @
b11110000100100000101111001000 A
b11001000101111110110011011101001 B
b11110101010110000000110101111100 C
b10111110011111101101100000111001 D
b10110101000010100111010010111010 E
b11110011110000001110001011010001 F
b11101001010110100000011011111100 G
b10100000110000110011001110000011 H
b1111011001100011011110100011011 I
b1010000011111100110111001100001 J
b1010100001110110100111110010111 K
b111111111000100001010010101101 L
b1011000111010110011101111001101 M
b110101110111011111001100100100 N
b11011111101001111000010011110 O

#290000
0!
0+

#295000
1!
1+
b10001 4
b1010001110100101110001111000010 =
b10101000110010110101011110001011 >
b10000000110000100010000010110011 ?
b100110101100011011001110000011 @
b1001011111101001010000110111001 A
b11110000100100000101111001000 B
b11001000101111110110011011101001 C
b11110101010110000000110101111100 D
b110101110111011111001100100100 E
b11011111101001111000010011110 F
b10001010000110110100011111001000 G
b10000000110000100110001110000011 H
b11000001111010010011111100100000 I
b101000010101100111000010110111 J
b10000101101100101011001011011101 K
b1011010010010000010111010100100 L
b10111101110011100110011000010100 M
b1010101010101100111001110010101 N
b1000010101010111010001010100011 O

#300000
0!
0+

#305000
1!
1+
b10010 4
b10011000000000100001011000111000 =
b1010001110100101110001111000010 >
b10101000110010110101011110001011 ?
b10000000110000100010000010110011 @
b1111100000010000010011100011000 A
b1001011111101001010000110111001 B
b11110000100100000101111001000 C
b11001000101111110110011011101001 D
b1010101010101100111001110010101 E
b1000010101010111010001010100011 F
b1001010000100100010100111011000 G
b10011000110000100101011110001010 H
b10011111100111001010011111111110 I
b10000110111011000010110110100110 J
b11110001111001101101011101100000 K
b11111010100010010011110110100110 L
b11000100001101001110101111010100 M
b1101101101101000100100000000001 N
b111000010111101111111110001000 O

#310000
0!
0+

#315000
1!
1+
b10011 4
b10100110000100110100011110001001 =
b10011000000000100001011000111000 >
b1010001110100101110001111000010 ?
b10101000110010110101011110001011 @
b11101110011101100110100010110100 A
b1111100000010000010011100011000 B
b1001011111101001010000110111001 C
b11110000100100000101111001000 D
b1101101101101000100100000000001 E
b111000010111101111111110001000 F
b1101101100000001010000100011001 G
b10010000000100100100011110001000 H
b11000110101111100011111100000 I
b11111110000100000100110100011000 J
b1110001101011011001111100011 K
b11111111111001111011101011000111 L
b11110001101100001111001010000010 M
b10011111011000001000111001000111 N
b10101000111010100000111101101000 O

#320000
0!
0+

#325000
1!
1+
b10100 4
b1001000010010101001110110101111 =
b10100110000100110100011110001001 >
b10011000000000100001011000111000 ?
b1010001110100101110001111000010 @
b1001000001010111110010111010010 A
b11101110011101100110100010110100 B
b1111100000010000010011100011000 C
b1001011111101001010000110111001 D
b10011111011000001000111001000111 E
b10101000111010100000111101101000 F
b1111100001000100110001010011000 G
b10001000000000100001011110101001 H
b10101000111100101100000011110 I
b11100110100110110100001111001111 J
b11101100011110110101010100010111 K
b11101000101000011111011110100110 L
b10101000111100000010010101001001 M
b10000101100010111001100111011000 N
b10011101001000000110111111000111 O

#330000
0!
0+

#335000
1!
1+
b10101 4
b100010101011000000100110011111 =
b1001000010010101001110110101111 >
b10100110000100110100011110001001 ?
b10011000000000100001011000111000 @
b11010111010111100111110110011010 A
b1001000001010111110010111010010 B
b11101110011101100110100010110100 C
b1111100000010000010011100011000 D
b10000101100010111001100111011000 E
b10011101001000000110111111000111 F
b1101000001010100110010110110110 G
b100010000010100000110110001111 H
b110100011101000110101110001101 I
b1110111001110010101111101010010 J
b11000100001000000001011010011101 K
b1100111001011010100101011010010 L
b11110001110100011110100001010010 M
b10010111101100100101100100011100 N
b1010110011111100111100100011100 O

#340000
0!
0+

#345000
1!
1+
b10110 4
b11101110001100001101001000111000 =
b100010101011000000100110011111 >
b1001000010010101001110110101111 ?
b10100110000100110100011110001001 @
b101111101101000110111101010100 A
b11010111010111100111110110011010 B
b1001000001010111110010111010010 C
b11101110011101100110100010110100 D
b10010111101100100101100100011100 E
b1010110011111100111100100011100 F
b1000111000111111110110110010010 G
b1101010001010001001100110111111 H
b1101001000000111010011010110000 I
b1100000000011001000110100100111 J
b111000010000111011001000101 K
b10110001001111101110101101111 L
b11111110101110000010111110010001 M
b11110001000010111011110011011010 N
b11010011001011000100000001101111 O

#350000
0!
0+

#355000
1!
1+
b10111 4
b11000100001101111111110101001001 =
b11101110001100001101001000111000 >
b100010101011000000100110011111 ?
b1001000010010101001110110101111 @
b10010111000111110000010001100011 A
b101111101101000110111101010100 B
b11010111010111100111110110011010 C
b1001000001010111110010111010010 D
b11110001000010111011110011011010 E
b11010011001011000100000001101111 F
b1000111010101000111110111011000 G
b11100110001101001101100100011001 H
b1000100101101101111100111111101 I
b10001101101011001010111000111010 J
b11110010010111110000000000100110 K
b11001001000111110101001010101000 L
b1111010110011101011101010111011 M
b1110111101010101010101111001 N
b101010111010111101001100010110 O

#360000
0!
0+

#365000
1!
1+
b11000 4
b111001111000010010100010001111 =
b11000100001101111111110101001001 >
b11101110001100001101001000111000 ?
b100010101011000000100110011111 @
b1010111001111111111001100101000 A
b10010111000111110000010001100011 B
b101111101101000110111101010100 C
b11010111010111100111110110011010 D
b1110111101010101010101111001 E
b101010111010111101001100010110 F
b111111100111110000110001110100 G
b11101100001100011111100000001001 H
b1110101000111011100111001101 I
b1011011101011111000110000011001 J
b10000000011101100011100010110000 K
b10010000001010110111010000000 L
b11000111101100100111011010110111 M
b11010010100111011101111000110000 N
b11111010110101011011000111010110 O

#370000
0!
0+

#375000
1!
1+
b11001 4
b11001101011100111001000000000110 =
b111001111000010010100010001111 >
b11000100001101111111110101001001 ?
b11101110001100001101001000111000 @
b11110101010010011110011111001111 A
b1010111001111111111001100101000 B
b10010111000111110000010001100011 C
b101111101101000110111101010100 D
b11010010100111011101111000110000 E
b11111010110101011011000111010110 F
b1010111000111111110001100101000 G
b11001101011100111011100000001111 H
b11111101001010101001010010101000 I
b1100010110110000110100101011001 J
b100011000011001111000111010111 K
b10001010000101000110000110010000 L
b11100001101110111011000110100100 M
b1110011100110100011001111100110 N
b11001010100111100100110010110111 O

#380000
0!
0+

#385000
1!
1+
b11010 4
b111110001110001000000010011101 =
b11001101011100111001000000000110 >
b111001111000010010100010001111 ?
b11000100001101111111110101001001 @
b1100001110010110000011000011110 A
b11110101010010011110011111001111 B
b1010111001111111111001100101000 C
b10010111000111110000010001100011 D
b1110011100110100011001111100110 E
b11001010100111100100110010110111 F
b1110111011111011111011100101110 G
b111101011100011000000010001111 H
b10101001011001011010010100011011 I
b1011111110010000001101001001000 J
b11010111111111111000111110000 K
b1110101101111001111011110110010 L
b11110000110101001111110010010111 M
b1111001111010011101000111000 N
b11100110110101110010010110101010 O

#390000
0!
0+

#395000
1!
1+
b11011 4
b11110110000101000101111111100010 =
b111110001110001000000010011101 >
b11001101011100111001000000000110 ?
b111001111000010010100010001111 @
b11010011011101010011011110000001 A
b1100001110010110000011000011110 B
b11110101010010011110011111001111 C
b1010111001111111111001100101000 D
b1111001111010011101000111000 E
b11100110110101110010010110101010 F
b1100101010010011100011001001110 G
b11111110001100001001000010000110 H
b10011111011010010110010000010 I
b1001101111011000111101010010001 J
b1010011111110001111101010000 K
b10101110110111101000001000000110 L
b11000111101100010011100100000100 M
b10010001100000001110110011010010 N
b10010000111011011110100001000 O

#400000
0!
0+

#405000
1!
1+
b11100 4
b10100011100111101010100111011010 =
b11110110000101000101111111100010 >
b111110001110001000000010011101 ?
b11001101011100111001000000000110 @
b11001011011000100001010101100001 A
b11010011011101010011011110000001 B
b1100001110010110000011000011110 C
b11110101010010011110011111001111 D
b10010001100000001110110011010010 E
b10010000111011011110100001000 F
b11100011111010010001011100011111 G
b10110110000111001000100111011010 H
b10011100100101011101110000001101 I
b10011010000111100101010011110010 J
b10010101111000010010111111100101 K
b11100001111001010011001101001111 L
b11011110000010110110101111101100 M
b11000001111001100101110111111 N
b1010010101100100110010111100111 O

#410000
0!
0+

#415000
1!
1+
b11101 4
b1101010111011110011000110100110 =
b10100011100111101010100111011010 >
b11110110000101000101111111100010 ?
b111110001110001000000010011101 @
b11100101101100000101101111000101 A
b11001011011000100001010101100001 B
b11010011011101010011011110000001 C
b1100001110010110000011000011110 D
b11000001111001100101110111111 E
b1010010101100100110010111100111 F
b11010011011001010011010101000001 G
b11100010100111100011100111100010 H
b10101011010011100000001010111011 I
b10110111000001111001010110010110 J
b11001011011111011001010001001001 K
b10111011100100110001011101100000 L
b11111000001110000100100001011010 M
b10111010000101111010101010010110 N
b10001101111011000011110010011101 O

#420000
0!
0+

#425000
1!
1+
b11110 4
b1001000000000111110011100110011 =
b1101010111011110011000110100110 >
b10100011100111101010100111011010 ?
b11110110000101000101111111100010 @
b11111000010100000010101100110011 A
b11100101101100000101101111000101 B
b11001011011000100001010101100001 C
b11010011011101010011011110000001 D
b10111010000101111010101010010110 E
b10001101111011000011110010011101 F
b11100011001100100001111101000001 G
b1101010100011111010000110110010 H
b11100100000001100111010011110011 I
b10000001100010111101001101010101 J
b111101011101010011111110101001 K
b11011000101111000111011000011110 L
b11110010001000001101011011110001 M
b110001000111100110010001011001 N
b1001110100101100001011010100101 O

#430000
0!
0+

#435000
1!
1+
b11111 4
b1111111101101000111101011111110 =
b1001000000000111110011100110011 >
b1101010111011110011000110100110 ?
b10100011100111101010100111011010 @
b100111001100101100010000111011 A
b11111000010100000010101100110011 B
b11100101101100000101101111000101 C
b11001011011000100001010101100001 D
b110001000111100110010001011001 E
b1001110100101100001011010100101 F
b11100000100100000001101111110111 G
b1101010101001110111001110110110 H
b10011001111101010001101011100010 I
b11110010100110100011000011011011 J
b1011111010111111110011100110100 K
b101101000110000010110100001001 L
b11000110100100011111101001101000 M
b1111001010001111000011000000010 N
b100100111001000111010011000 O

#440000
0!
0+

#445000
1!
1+
b100000 4
b1111101111001000001010010011010 =
b1111111101101000111101011111110 >
b1001000000000111110011100110011 ?
b1101010111011110011000110100110 @
b11100111001100010111111011100 A
b100111001100101100010000111011 B
b11111000010100000010101100110011 C
b11100101101100000101101111000101 D
b1111001010001111000011000000010 E
b100100111001000111010011000 F
b11100100001100100000010000111011 G
b1111101101001000111011010111010 H
b10101011111110001000001111110001 I
b11111000111001111110101001110100 J
b10100111010001110111111101111101 K
b1110001100110100100111101100001 L
b1010011100010001011110001001111 M
b111110000010100001000101001000 N
b101001100111001111101010101011 O

#450000
0!
0+

#455000
1!
1+
b100001 4
b1100111101001110000101111110011 =
b1111101111001000001010010011010 >
b1111111101101000111101011111110 ?
b1001000000000111110011100110011 @
b10101000111110010100001011101110 A
b11100111001100010111111011100 B
b100111001100101100010000111011 C
b11111000010100000010101100110011 D
b111110000010100001000101001000 E
b101001100111001111101010101011 F
b1111111000101000011011011101 G
b1111111101001000001101011111010 H
b11010010111010011001001011010 I
b10011011110101111000110101110111 J
b10001011111110111100010110100000 K
b11000010010010001101111111100100 L
b11111100111010000000100000101111 M
b11001111000011010110100011101110 N
b10011010000000010100110101010100 O

#460000
0!
0+

#465000
1!
1+
b100010 4
b1101001000011101011011001000010 =
b1100111101001110000101111110011 >
b1111101111001000001010010011010 ?
b1111111101101000111101011111110 @
b10111000100010101000000100001 A
b10101000111110010100001011101110 B
b11100111001100010111111011100 C
b100111001100101100010000111011 D
b11001111000011010110100011101110 E
b10011010000000010100110101010100 F
b1000111101110110111111111100 G
b1101101101001100001011011010010 H
b10010100010011110110001000001 I
b1000110101101011011111100001 J
b100111011101011100001111011001 K
b1001001101110101010000110011010 L
b11111101000101101000101001001011 M
b10000011010000111110010001011111 N
b10000000001100000000001100010011 O

#470000
0!
0+

#475000
1!
1+
b100011 4
b11011100111110011101110010 =
b1101001000011101011011001000010 >
b1100111101001110000101111110011 ?
b1111101111001000001010010011010 @
b10111110000101111101011101 A
b10111000100010101000000100001 B
b10101000111110010100001011101110 C
b11100111001100010111111011100 D
b10000011010000111110010001011111 E
b10000000001100000000001100010011 F
b10101010000100010101000010100011 G
b1100011001001111010011101110010 H
b1110100110100010010101001001110 I
b11100011100001000001000011110111 J
b10001111000111011000111011011111 K
b101001011010011101111101011 L
b1100100000001110010100100111000 M
b1100001101110101100011111000001 N
b11010111111110001101000111000000 O

#480000
0!
0+

#485000
1!
1+
b100100 4
b111001101100111001100110000001 =
b11011100111110011101110010 >
b1101001000011101011011001000010 ?
b1100111101001110000101111110011 @
b11011111100111101101110001011011 A
b10111110000101111101011101 B
b10111000100010101000000100001 C
b10101000111110010100001011101110 D
b1100001101110101100011111000001 E
b11010111111110001101000111000000 F
b10100110010101110001111001 G
b101001001100111011011101000010 H
b1001100000000110010111100011010 I
b101011011010111010010101000101 J
b11000001110011010010001010101110 K
b10010100010100111100010010001011 L
b11110111010010010101010011011100 M
b110011010100100000110011011100 N
b1110101001101101110011001011100 O

#490000
0!
0+

#495000
1!
1+
b100101 4
b10101000100010001111001100111000 =
b111001101100111001100110000001 >
b11011100111110011101110010 ?
b1101001000011101011011001000010 @
b10011010111110010001100011001111 A
b11011111100111101101110001011011 B
b10111110000101111101011101 C
b10111000100010101000000100001 D
b110011010100100000110011011100 E
b1110101001101101110011001011100 F
b10011010100110000101111101011011 G
b101001101100111111001100110000 H
b10010000001010111001101000101011 I
b1011011000101001101110010001101 J
b110111110011100000101000000011 K
b1110001101000100011111101001001 L
b10001101011000110000100010001111 M
b10000100010111001111101010011 N
b10111001110111111000110101011011 O

#500000
0!
0+

#505000
1!
1+
b100110 4
b11001010011010110010110010101110 =
b10101000100010001111001100111000 >
b111001101100111001100110000001 ?
b11011100111110011101110010 @
b1111001100110100101010110010101 A
b10011010111110010001100011001111 B
b11011111100111101101110001011011 C
b10111110000101111101011101 D
b10000100010111001111101010011 E
b10111001110111111000110101011011 F
b10011110100111001001100011001111 G
b10101000101010111011100110101000 H
b1111011010111100010001101011011 I
b101010011000111001000010100000 J
b11010111000000101001010010010001 K
b10000000110010000011011100011000 L
b11101000101001111010110100010 M
b1101010110100000100011110011100 N
b100100000010011101110100000011 O

#510000
0!
0+

#515000
1!
1+
b100111 4
b10001110110110100010010010011111 =
b11001010011010110010110010101110 >
b10101000100010001111001100111000 ?
b111001101100111001100110000001 @
b1101110010001000010111100001110 A
b1111001100110100101010110010101 B
b10011010111110010001100011001111 C
b11011111100111101101110001011011 D
b1101010110100000100011110011100 E
b100100000010011101110100000011 F
b11111000101110010001010111000101 G
b10001010110010100010010010111110 H
b10101111110110001000000111001101 I
b11111010011000110101111100001110 J
b11101010110101001101101111010111 K
b11100101011101010110111111011111 L
b10011110101000011100001011000000 M
b11110011110100000001110011 N
b111010101000101010011010001011 O

#520000
0!
0+

#525000
1!
1+
b101000 4
b111110011100011110011011111110 =
b10001110110110100010010010011111 >
b11001010011010110010110010101110 ?
b10101000100010001111001100111000 @
b111101100000101101100111110100 A
b1101110010001000010111100001110 B
b1111001100110100101010110010101 C
b10011010111110010001100011001111 D
b11110011110100000001110011 E
b111010101000101010011010001011 F
b1101100000110000000110100000101 G
b10001110011110110010010010111110 H
b1111111111101100111001011001001 I
b101111000111010100000100100010 J
b10111001100111010011100100111001 K
b11100100011000100000100000010101 L
b1100010100110011100000000110100 M
b111011100010000000111111001011 N
b1110011100011001011110000111 O

#530000
0!
0+

#535000
1!
1+
b101001 4
b1001001111110011010011101010010 =
b111110011100011110011011111110 >
b10001110110110100010010010011111 ?
b11001010011010110010110010101110 @
b11100100000100010000001100000011 A
b111101100000101101100111110100 B
b1101110010001000010111100001110 C
b1111001100110100101010110010101 D
b111011100010000000111111001011 E
b1110011100011001011110000111 F
b101110010001000010110100001100 G
b1110111110011010011011011110 H
b1001110011100010110111100111110 I
b1100111011011010100011111011110 J
b1110110111101100101001011110 K
b11011001000111111111010011110100 L
b11000110110100001111101101000001 M
b1111110001101110010110000001011 N
b1011101011010110001011000011100 O

#540000
0!
0+

#545000
1!
1+
b101010 4
b11011011101000100100001000100111 =
b1001001111110011010011101010010 >
b111110011100011110011011111110 ?
b10001110110110100010010010011111 @
b1001000101000100101100010111001 A
b11100100000100010000001100000011 B
b111101100000101101100111110100 C
b1101110010001000010111100001110 D
b1111110001101110010110000001011 E
b1011101011010110001011000011100 F
b1110101000000001000000101000101 G
b1011011111100011110011001110110 H
b1101110110111101101001011110101 I
b10100011001001111100000110001101 J
b1011111001110000111010010111110 K
b11011000000001000001101101101111 L
b10001100000110001011010111111100 M
b11010100110100001011001101001100 N
b11001010110100001011100101101011 O

#550000
0!
0+

#555000
1!
1+
b101011 4
b10011111101000010110110010110111 =
b11011011101000100100001000100111 >
b1001001111110011010011101010010 ?
b111110011100011110011011111110 @
b1100011101010101101011111101011 A
b1001000101000100101100010111001 B
b11100100000100010000001100000011 C
b111101100000101101100111110100 D
b11010100110100001011001101001100 E
b11001010110100001011100101101011 F
b11000100101100110101000010101001 G
b11011011101000010110011000110111 H
b111111001100111100001011000 I
b10000101100010010010101110110100 J
b11000100001100100110000101000 K
b1100010111110010110111110001100 L
b111010011110100100100110010100 M
b10001001101001011111000110001000 N
b11100011100001111101111010001111 O

#560000
0!
0+

#565000
1!
1+
b101100 4
b1101101001011011101000000010111 =
b10011111101000010110110010110111 >
b11011011101000100100001000100111 ?
b1001001111110011010011101010010 @
b11001000000101111101100010000110 A
b1100011101010101101011111101011 B
b1001000101000100101100010111001 C
b11100100000100010000001100000011 D
b10001001101001011111000110001000 E
b11100011100001111101111010001111 F
b1000000101000101101000010111011 G
b11011111101000010100000000110111 H
b11101100101100000100000011011111 I
b101010001111011111101 J
b10111000111000011100011110010101 K
b1001100011000101101000110100010 L
b1110000101100110000110110110010 M
b1100111000011101110100010000110 N
b11001100010100011000000100010110 O

#570000
0!
0+

#575000
1!
1+
b101101 4
b110011011000000110100110011100 =
b1101101001011011101000000010111 >
b10011111101000010110110010110111 ?
b11011011101000100100001000100111 @
b10110001000010001000111111011000 A
b11001000000101111101100010000110 B
b1100011101010101101011111101011 C
b1001000101000100101100010111001 D
b1100111000011101110100010000110 E
b11001100010100011000000100010110 F
b11000010101000101101100010100011 G
b111111001000010110100010010111 H
b11000001100111111111000110101001 I
b11101100101011110111101110110 J
b11001000000111000010011111111011 K
b1101101111101100000010011100000 L
b1001011010111110110101011010111 M
b1001010110100111001000111001101 N
b110000010101101001000000 O

#580000
0!
0+

#585000
1!
1+
b101110 4
b1001011100101001110110000001101 =
b110011011000000110100110011100 >
b1101101001011011101000000010111 ?
b10011111101000010110110010110111 @
b100110011101011101001111110100 A
b10110001000010001000111111011000 B
b11001000000101111101100010000110 C
b1100011101010101101011111101011 D
b1001010110100111001000111001101 E
b110000010101101001000000 F
b11101000000000101000101111010010 G
b1101011001001001110100000011101 H
b1100001001111110101001010001010 I
b10010100111101001110001111100110 J
b10110111110001010010110100011101 K
b11100111011100110101101010001100 L
b101111111110110010000101011010 M
b100101010111001111010000010 N
b11001100011001000011101010100111 O

#590000
0!
0+

#595000
1!
1+
b101111 4
b11010001000011111101100100101001 =
b1001011100101001110110000001101 >
b110011011000000110100110011100 ?
b1101101001011011101000000010111 @
b10100100010011010000101100111001 A
b100110011101011101001111110100 B
b10110001000010001000111111011000 C
b11001000000101111101100010000110 D
b100101010111001111010000010 E
b11001100011001000011101010100111 F
b110101010001011000011111110000 G
b1010011000001001110100100001101 H
b10000010011010011101100101110000 I
b10100111001000000010000101011111 J
b10111011110001011101001000010011 K
b1011000001000111001101100011110 L
b111101000101010010011111001101 M
b11110001111111010100101000010010 N
b11010101011011101100001001111101 O

#600000
0!
0+

#605000
1!
1+
b110000 4
b11000111011011000000110010001111 =
b11010001000011111101100100101001 >
b1001011100101001110110000001101 ?
b110011011000000110100110011100 @
b1011111001010110001101000101001 A
b10100100010011010000101100111001 B
b100110011101011101001111110100 C
b10110001000010001000111111011000 D
b11110001111111010100101000010010 E
b11010101011011101100001001111101 F
b100100010111011100101111111101 G
b11000011000011001100110000001101 H
b100101100101110000011101011110 I
b1110101110110100101110110100100 J
b1000010011011110010111000101111 K
b11110100100011011010110011001010 L
b1010001010101101001001010001001 M
b10110110001111000000110100011000 N
b11101000101000111101001101101011 O

#610000
0!
0+

#615000
1!
1+
b110001 4
b10011110110111111110000010000011 =
b11000111011011000000110010001111 >
b11010001000011111101100100101001 ?
b1001011100101001110110000001101 @
b11101001100111000111011010110100 A
b1011111001010110001101000101001 B
b10100100010011010000101100111001 C
b100110011101011101001111110100 D
b10110110001111000000110100011000 E
b11101000101000111101001101101011 F
b1001101010010010001101100101001 G
b11010111010011111100100010001011 H
b10011100001010010000000010100100 I
b11001011000000000001100000100000 J
b101010110010100000001100011000 K
b110111000100000111110001100001 L
b11101010110110110011110110100100 M
b1000111110100011011000011101001 N
b1110011011110001100100100101111 O

#620000
0!
0+

#625000
1!
1+
b110010 4
b10111011010010100111101000011000 =
b10011110110111111110000010000011 >
b11000111011011000000110010001111 ?
b11010001000011111101100100101001 @
b10010011011001101001110011110110 A
b11101001100111000111011010110100 B
b1011111001010110001101000101001 C
b10100100010011010000101100111001 D
b1000111110100011011000011101001 E
b1110011011110001100100100101111 F
b11001101000011010001011010111101 G
b10011111010011100110100010001011 H
b11010111111111110010011000111000 I
b11110111110100011000110111101001 J
b10110110000001101111001001110100 K
b10011011000000011101011100100101 L
b10001000100110011001110101111000 M
b11001000011011100010010100011 N
b1110111010011011000111011000011 O

#630000
0!
0+

#635000
1!
1+
b110011 4
b10010000010110110101001101100110 =
b10111011010010100111101000011000 >
b10011110110111111110000010000011 ?
b11000111011011000000110010001111 @
b11101010000111011001110111001100 A
b10010011011001101001110011110110 B
b11101001100111000111011010110100 C
b1011111001010110001101000101001 D
b11001000011011100010010100011 E
b1110111010011011000111011000011 F
b10000011100001001111111011110100 G
b10011010010110110111001000000010 H
b1010010011011111100110001000010 I
b10000100111110111101001110110001 J
b11110010001100001000010111100000 K
b11111001010111000101111011111001 L
b11000000010001110001101111000011 M
b1011100101000111100010101000110 N
b11101100110010110011111001000100 O

#640000
0!
0+

#645000
1!
1+
b110100 4
b1001001011011110000001110001010 =
b10010000010110110101001101100110 >
b10111011010010100111101000011000 ?
b10011110110111111110000010000011 @
b100100000011111101000111010101 A
b11101010000111011001110111001100 B
b10010011011001101001110011110110 C
b11101001100111000111011010110100 D
b1011100101000111100010101000110 E
b11101100110010110011111001000100 F
b10110011011011011001110111100110 G
b10011001010010110101001100001010 H
b110010000001111010001010111111 I
b1101001110111000101010000101111 J
b11001100100101010100010001011000 K
b11111101001100010111001100111000 L
b1100011011110111011101000011 M
b1001100011100011110110010111111 N
b11001011010100101111010111001001 O

#650000
0!
0+

#655000
1!
1+
b110101 4
b10111110001001110001010001000 =
b1001001011011110000001110001010 >
b10010000010110110101001101100110 ?
b10111011010010100111101000011000 @
b11101011010100011100110101000010 A
b100100000011111101000111010101 B
b11101010000111011001110111001100 C
b10010011011001101001110011110110 D
b1001100011100011110110010111111 E
b11001011010100101111010111001001 F
b100000000011011101000111001100 G
b10001010011110100001110001010 H
b10001110111010011011011010 I
b1011000101101000110001111001 J
b1111010111100000011000000011010 K
b1101110101010011000100111101101 L
b10100110111101111110001111110000 M
b10110100010110111000100101110101 N
b10011100010101110101001100100 O

#660000
0!
0+

#665000
1!
1+
b110110 4
b11000111111001100111001111011001 =
b10111110001001110001010001000 >
b1001001011011110000001110001010 ?
b10010000010110110101001101100110 @
b1101111101001100000001110001101 A
b11101011010100011100110101000010 B
b100100000011111101000111010101 C
b11101010000111011001110111001100 D
b10110100010110111000100101110101 E
b10011100010101110101001100100 F
b1101011000010011101000101010000 G
b1000111111001100110001110001000 H
b1110110111110001100010011011010 I
b10010111000100101010101001111001 J
b11100010010110010101110001110101 K
b1010101010010101111110001100111 L
b10010001110011100111011001001011 M
b11011001101001010101101000101111 N
b10111110110111110010100001100010 O

#670000
0!
0+

#675000
1!
1+
b110111 4
b10011000100001001000001010010001 =
b11000111111001100111001111011001 >
b10111110001001110001010001000 ?
b1001001011011110000001110001010 @
b1101010000000001010110110010101 A
b1101111101001100000001110001101 B
b11101011010100011100110101000010 C
b100100000011111101000111010101 D
b11011001101001010101101000101111 E
b10111110110111110010100001100010 F
b11101011010100010100000111000111 G
b10010111110001001110001010011001 H
b1100000101001111010001011100010 I
b11100111010100111000100000010110 J
b10100100110110001001100100000 K
b1101101011111111101001011101 L
b10010010000110110001011000110 M
b1110001001001100110111001101011 N
b11111000011011001000010101111011 O

#680000
0!
0+

#685000
1!
1+
b111000 4
b1101001100100101111001111100110 =
b10011000100001001000001010010001 >
b11000111111001100111001111011001 ?
b10111110001001110001010001000 @
b10111010100101010111000111110101 A
b1101010000000001010110110010101 B
b1101111101001100000001110001101 C
b11101011010100011100110101000010 D
b1110001001001100110111001101011 E
b11111000011011001000010101111011 F
b1101111001000100010001110011101 G
b11001001100001101111001111010001 H
b1001110100110000110100111001000 I
b10100010111001011111110110110100 J
b10100101100001111100111100101010 K
b11110101110010001100100101000011 L
b11101000110001011001011001000101 M
b1011010101011110000011111000110 N
b11000000111110101110110011001 O

#690000
0!
0+

#695000
1!
1+
b111001 4
b1110010110011100110010101011111 =
b1101001100100101111001111100110 >
b10011000100001001000001010010001 ?
b11000111111001100111001111011001 @
b1110010011100111110101001001110 A
b10111010100101010111000111110101 B
b1101010000000001010110110010101 C
b1101111101001100000001110001101 D
b1011010101011110000011111000110 E
b11000000111110101110110011001 F
b111010000100010110010111010101 G
b1111000100001101110001111010111 H
b11001111110111010111001011101111 I
b1001001111100101010011011101101 J
b11000101111001000000010011010010 K
b11011101001111110101101110110001 L
b11110010100011011111100100111100 M
b1011110110111010110110011111010 N
b1001000011001000101011011000110 O

#700000
0!
0+

#705000
1!
1+
b111010 4
b10100111010000011100001111000000 =
b1110010110011100110010101011111 >
b1101001100100101111001111100110 ?
b10011000100001001000001010010001 @
b100110110000111110000011010011 A
b1110010011100111110101001001110 B
b10111010100101010111000111110101 C
b1101010000000001010110110010101 D
b1011110110111010110110011111010 E
b1001000011001000101011011000110 F
b10111010010101111111000101100110 G
b1100011110000101110001111000110 H
b110000110110100100100001100011 I
b110111000011111011111001101100 J
b10111101010111101011001100111111 K
b1111001110100000111100000011111 L
b10000011100011101111110100011101 M
b1100011101111111101001010011000 N
b10010100100111010010110000101001 O

#710000
0!
0+

#715000
1!
1+
b111011 4
b11111000010111001111111011000001 =
b10100111010000011100001111000000 >
b1110010110011100110010101011111 ?
b1101001100100101111001111100110 @
b11111100010001000101010100101001 A
b100110110000111110000011010011 B
b1110010011100111110101001001110 C
b10111010100101010111000111110101 D
b1100011101111111101001010011000 E
b10010100100111010010110000101001 F
b100110011100111110101001000111 G
b11110010010011001110011111000001 H
b11111011111000111111101010110110 I
b100000111001000000110100100000 J
b10101001100110111001101110000001 K
b1000011100001010100010001101001 L
b110100000010101010000011000001 M
b11000010101111110000110000100101 N
b11101110001100001110001001110111 O

#720000
0!
0+

#725000
1!
1+
b111100 4
b10110000111011111110111010011100 =
b11111000010111001111111011000001 >
b10100111010000011100001111000000 ?
b1110010110011100110010101011111 @
b101100010100100000000000001011 A
b11111100010001000101010100101001 B
b100110110000111110000011010011 C
b1110010011100111110101001001110 D
b11000010101111110000110000100101 E
b11101110001100001110001001110111 F
b101110110000011110000011011001 G
b10110000010011011110111011000000 H
b11100111011001000000111000011011 I
b100110101001100011111010110 J
b1111101010010001000000101011000 K
b10100001000011011001001000001001 L
b110110000000010000010100000011 M
b1101100110010101001011111111010 N
b10010111101100011111110011011011 O

#730000
0!
0+

#735000
1!
1+
b111101 4
b100011111001001010011010101 =
b10110000111011111110111010011100 >
b11111000010111001111111011000001 ?
b10100111010000011100001111000000 @
b11011111100110001111110101011001 A
b101100010100100000000000001011 B
b11111100010001000101010100101001 C
b100110110000111110000011010011 D
b1101100110010101001011111111010 E
b10010111101100011111110011011011 F
b101100010101000000000000101001 G
b10110000011111001111111011010101 H
b10101111001000101001011000000 I
b1110110011110000000101 J
b1111001111101100001100110010111 K
b100011101011011111000101100 L
b1011011100110011011100011100101 M
b1010011001111010100001011010001 N
b11000110011000010101000110010101 O

#740000
0!
0+

#745000
1!
1+
b111110 4
b11001100111101001010001100110 =
b100011111001001010011010101 >
b10110000111011111110111010011100 ?
b11111000010111001111111011000001 @
b11111010011111110000011010010001 A
b11011111100110001111110101011001 B
b101100010100100000000000001011 C
b11111100010001000101010100101001 D
b1010011001111010100001011010001 E
b11000110011000010101000110010101 F
b11011110000110000000010000011011 G
b10000111111101001010011010100 H
b1011111000001101111000110001011 I
b10101010010101011111101100000111 J
b11010100001010111100000111110011 K
b10100010001011000111110110000001 L
b10111000100101101100001110010100 M
b11111100010000101011101111010110 N
b1110000000001011000011001011111 O

#750000
0!
0+

#755000
1!
1+
b111111 4
b1101100010010000100001000110101 =
b11001100111101001010001100110 >
b100011111001001010011010101 ?
b10110000111011111110111010011100 @
b11110100100111111011101010010111 A
b11111010011111110000011010010001 B
b11011111100110001111110101011001 C
b101100010100100000000000001011 D
b11111100010000101011101111010110 E
b1110000000001011000011001011111 F
b11111011000111110100011111011001 G
b1100010111001001010001110101 H
b1101011101100011010011101111110 I
b1000010111100011010011011100111 J
b10111100001010100010101100100001 K
b11101011011110001110000011010001 L
b11001101011111011100101000000100 M
b11111110010100100011000111000001 N
b1111000000011100011101111110011 O

#760000
0!
0+

#765000
1!
1+
b10 3
b1110110011000000110110110110100 =
b1101100010010000100001000110101 >
b11001100111101001010001100110 ?
b100011111001001010011010101 @
b10101111010000100010000001011101 A
b11110100100111111011101010010111 B
b11111010011111110000011010010001 C
b11011111100110001111110101011001 D
b11111110010100100011000111000001 E
b1111000000011100011101111110011 F
b11110100001111110010011010010101 G
b1111100010010000100010000110100 H
b11110001100011010111100110110111 I
b11011100000110001100111000010010 J
b1000011111000000011010011110110 N
b1101101110101011011110111101011 O

#770000
0!
0+

#775000
1!
b1110000001101010010101000001101100100111101011111111000010111010010101100000110110000111110110001010100111001100100010100000111100000000010100000111001011011100100011111010010100100011001000110001101000000010111000000011110000111011011110011100101001110010 '
1(
1+
b1110000001101010010101000001101100100111101011111111000010111010010101100000110110000111110110001010100111001100100010100000111100000000010100000111001011011100100011111010010100100011001000110001101000000010111000000011110000111011011110011100101001110010 1
12
b0 3
b11100000011010100101010000011011 5
b100111101011111111000010111010 6
b1010110000011011000011111011000 7
b10101001110011001000101000001111 8
b10100000111001011011100 9
b10001111101001010010001100100011 :
b11010000000101110000000111100 ;
b111011011110011100101001110010 <

#780000
0!
0+

#785000
1!
1+

#790000
0!
0+

#795000
1!
1$
0(
1+
1.
02
b0 4
b11100000011010100101010000011011 =
b100111101011111111000010111010 >
b1010110000011011000011111011000 ?
b10101001110011001000101000001111 @
b10100000111001011011100 A
b10001111101001010010001100100011 B
b11010000000101110000000111100 C
b111011011110011100101001110010 D
b11010000000101010001000100000 G
b1100110001011111101010010011010 H
b11110001100101011111100111010101 I
b11101110000010010111000101 J
bx K
bx L
b1010100011010000110010100100000 M
b11110000001001110010011100001111 N
b1010111110001011100111001101111 O

#800000
0!
0+

#805000
1!
0$
1%
b1110100011001010110111000100000011001010111001001100001001011101000000000000000000000000000000000000000000000000000000000000000000000000000000000000000000000000000000000000000000000000000000000000000000000000000000000000000000000000000000000000000000000000000000000000000000000000000000000000000000000000000000000000000000000000000000000000000000000000000000000000000000000000000000000000000000000000000000000000000000000000000000000000000000000000000000000000000000000000000000000000000000000000000001001000000 &
1+
0.
1/
b1110100011001010110111000100000011001010111001001100001001011101000000000000000000000000000000000000000000000000000000000000000000000000000000000000000000000000000000000000000000000000000000000000000000000000000000000000000000000000000000000000000000000000000000000000000000000000000000000000000000000000000000000000000000000000000000000000000000000000000000000000000000000000000000000000000000000000000000000000000000000000000000000000000000000000000000000000000000000000000000000000000000000000000001001000000 0
b1 3
b1110100011001010110111000100000 M
b10000001001000011000000001111 N

#810000
0!
0+

#815000
1!
0%
1+
0/
b1 4
b1100111111010011111111001111110 =
b11100000011010100101010000011011 >
b100111101011111111000010111010 ?
b1010110000011011000011111011000 @
b10111001111100001011101000011110 A
b10100000111001011011100 B
b10001111101001010010001100100011 C
b11010000000101110000000111100 D
b10000001001000011000000001111 E
b1010111110001011100111001101111 F
b110010101010011001100111101 G
b1100111111010111111010000111010 H
b11001101111100001011100101001111 I
b11000001011011011111001110100011 J
b1100101011100100110000100101110 M
b10111000011011111010110011011011 N
b110101110111001010110110001001 O

#820000
0!
0+

#825000
1!
1+
b10 4
b11101110010011000101101001100100 =
b1100111111010011111111001111110 >
b11100000011010100101010000011011 ?
b100111101011111111000010111010 @
b1110011111010011010010110011 A
b10111001111100001011101000011110 B
b10100000111001011011100 C
b10001111101001010010001100100011 D
b10111000011011111010110011011011 E
b110101110111001010110110001001 F
b1000011100000111001001011110 G
b11100110011010000101111001111110 H
b11011001110111011111011101000010 I
b1100100110000100110001011110011 J
b11010110010010010110111100101 L
b10000000000000000000000000000000 M
b110010100110001111010001000011 N
b11000000010001100101010111000000 O

#830000
0!
0+

#835000
1!
1+
b11 4
b11110010110111110100101000000011 =
b11101110010011000101101001100100 >
b1100111111010011111111001111110 ?
b11100000011010100101010000011011 @
b1011010010010001110010011111101 A
b1110011111010011010010110011 B
b10111001111100001011101000011110 C
b10100000111001011011100 D
b110010100110001111010001000011 E
b11000000010001100101010111000000 F
b10101011111110000011111010110011 G
b11100110110011010101101001100110 H
b11010001100000000100101110110001 I
b1001110101100000001010000100010 J
b1111100101010111010001010001111 L
b0 M
b11100100101011101010000101010110 N
b10111000010011011010011000010111 O

#840000
0!
0+

#845000
1!
1+
b100 4
b10011100111111000100011101101101 =
b11110010110111110100101000000011 >
b11101110010011000101101001100100 ?
b1100111111010011111111001111110 @
b11000101000110001111010101110001 A
b1011010010010001110010011111101 B
b1110011111010011010010110011 C
b10111001111100001011101000011110 D
b11100100101011101010000101010110 E
b10111000010011011010011000010111 F
b1001010011011011110010011110011 G
b11111110110111000100101001100101 H
b10101101010011100100000001001010 I
b11100101010101100111100000101001 J
b1000000101000000000000 L
b100011000010111101100110010101 N
b10101100001010101000101010101111 O

#850000
0!
0+

#855000
1!
1+
b101 4
b11001111001101100110010001000100 =
b10011100111111000100011101101101 >
b11110010110111110100101000000011 ?
b11101110010011000101101001100100 @
b10001010111101011101100000010011 A
b11000101000110001111010101110001 B
b1011010010010001110010011111101 C
b1110011111010011010010110011 D
b100011000010111101100110010101 E
b10101100001010101000101010101111 F
b11010000000110001111010011111101 G
b11011110111111100100011001000101 H
b11001000011110101111001110011110 I
b110110101101101000000000011110 J
b0 L
b1101111001111011011101110111111 N
b10100111011110010011100111100011 O

#860000
0!
0+

#865000
1!
1+
b110 4
b10110101101101111010110100010 =
b11001111001101100110010001000100 >
b10011100111111000100011101101101 ?
b11110010110111110100101000000011 @
b1011101100010100001011000100011 A
b10001010111101011101100000010011 B
b11000101000110001111010101110001 C
b1011010010010001110010011111101 D
b1101111001111011011101110111111 E
b10100111011110010011100111100011 F
b10001000100100001111000101010011 G
b10011110101101100110010101100100 H
b11110011011010111000000010000101 I
b10001100000101101000100010110100 J
b1001011111110000110101000 N
b10010010001000011110010111101001 O

#870000
0!
0+

#875000
1!
1+
b111 4
b10010011010100011100011110010001 =
b10110101101101111010110100010 >
b11001111001101100110010001000100 ?
b10011100111111000100011101101101 @
b11110100000011110010101110101011 A
b1011101100010100001011000100011 B
b10001010111101011101100000010011 C
b11000101000110001111010101110001 D
b1001011111110000110101000 E
b10010010001000011110010111101001 F
b1011110111110101101001000110011 G
b10010111001101101110010110000000 H
b11111010001101010110100100111 I
b11011101001110110110100010110001 J
b10101100011010111000111100101010 N
b10110110011111011001001010100111 O

#880000
0!
0+

#885000
1!
1+
b1000 4
b1100010111010010010000111010001 =
b10010011010100011100011110010001 >
b10110101101101111010110100010 ?
b11001111001101100110010001000100 @
b1001001011001111101011010010111 A
b11110100000011110010101110101011 B
b1011101100010100001011000100011 C
b10001010111101011101100000010011 D
b10101100011010111000111100101010 E
b10110110011111011001001010100111 F
b1010100100011110000001010100011 G
b10010111100011110010110010001 H
b11110010101101100001101010110110 I
b111100001001111111100000000100 J
b11110011101101000111110101010010 N
b101101010000000000001000111 O

#890000
0!
0+

#895000
1!
1+
b1001 4
b11111001010111000111110110011001 =
b1100010111010010010000111010001 >
b10010011010100011100011110010001 ?
b10110101101101111010110100010 @
b11000010111010101110000110010110 A
b1001001011001111101011010010111 B
b11110100000011110010101110101011 C
b1011101100010100001011000100011 D
b11110011101101000111110101010010 E
b101101010000000000001000111 F
b1110100011001111100101010111111 G
b11110011010110010110010110010001 H
b11100011011011101011001001100000 I
b11100101000110011110110111011 J
b1000110000111100110011110 N
b11010110110010000001011111110001 O

#900000
0!
0+

#905000
1!
1+
b1010 4
b11010111111000001001000110001111 =
b11111001010111000111110110011001 >
b1100010111010010010000111010001 ?
b10010011010100011100011110010001 @
b10111110011110110111101000000 A
b11000010111010101110000110010110 B
b1001001011001111101011010010111 C
b11110100000011110010101110101011 D
b1000110000111100110011110 E
b11010110110010000001011111110001 F
b1001010111010101111000110010111 G
b11110011111010000011000110011001 H
b11111011110000001010010000111000 I
b1111111010100110010001011011 J
b1110011000101100000011101011011 N
b11101111101010001101010111010001 O

#910000
0!
0+

#915000
1!
1+
b1011 4
b1100010101111101101110100101100 =
b11010111111000001001000110001111 >
b11111001010111000111110110011001 ?
b1100010111010010010000111010001 @
b110011001111100111011101100 A
b10111110011110110111101000000 B
b11000010111010101110000110010110 C
b1001001011001111101011010010111 D
b1110011000101100000011101011011 E
b11101111101010001101010111010001 F
b11000110110011110110111101010010 G
b11110011111111001101110110001101 H
b1010101110000001001100110111 I
b1011110011111100010010111000001 J
b11000011110000011110100101101101 N
b11111110101101001111000011000100 O

#920000
0!
0+

#925000
1!
1+
b1100 4
b11000010011101101101101000110001 =
b1100010101111101101110100101100 >
b11010111111000001001000110001111 ?
b11111001010111000111110110011001 @
b100110101010110000101100111110 A
b110011001111100111011101100 B
b10111110011110110111101000000 C
b11000010111010101110000110010110 D
b11000011110000011110100101101101 E
b11111110101101001111000011000100 F
b10111011001110110111001101100 G
b11000010111101101101100100101101 H
b1111010011110110110001000110011 I
b11001010110110111110011001011110 J
b10111111011001001001111010100 N
b111101011100100011101101100000 O

#930000
0!
0+

#935000
1!
1+
b1101 4
b1010101010111101100111100110100 =
b11000010011101101101101000110001 >
b1100010101111101101110100101100 ?
b11010111111000001001000110001111 @
b10001010010010001000101101101 A
b100110101010110000101100111110 B
b110011001111100111011101100 C
b10111110011110110111101000000 D
b10111111011001001001111010100 E
b111101011100100011101101100000 F
b110001011111100111110101100 G
b1000010011111101101111100110100 H
b10111110010011100100001101110 I
b111101011011111011101111101111 J
b11011100010011011010110011011001 N
b1011010010010001010011110100010 O

#940000
0!
0+

#945000
1!
1+
b1110 4
b110110100101100101010001111011 =
b1010101010111101100111100110100 >
b11000010011101101101101000110001 ?
b1100010101111101101110100101100 @
b10110100001011100011111001101000 A
b10001010010010001000101101101 B
b100110101010110000101100111110 C
b110011001111100111011101100 D
b11011100010011011010110011011001 E
b1011010010010001010011110100010 F
b10010100010010001000101111110 G
b1010110010101101101111000110001 H
b110111001011011100110101110110 I
b1111000110110010000100101100100 J
b101101101001011111000001110101 N
b10001101100001001010101110100111 O

#950000
0!
0+

#955000
1!
1+
b1111 4
b10111011001010101001110000011100 =
b110110100101100101010001111011 >
b1010101010111101100111100110100 ?
b11000010011101101101101000110001 @
b10010000011001001100110110100001 A
b10110100001011100011111001101000 B
b10001010010010001000101101101 C
b100110101010110000101100111110 D
b101101101001011111000001110101 E
b10001101100001001010101110100111 F
b10010001001011010001110001101100 G
b110111000111101101110000111100 H
b1100100010111110000110010111111 I
b101010100111101100111 J
b10101111011000111101000000001 K
b1001000000 M
b1111001100010010110101011000101 N
b10011011011111011110100011111011 O

#960000
0!
0+

#965000
1!
1+
b10000 4
b10101000001110101001111000000 =
b10111011001010101001110000011100 >
b110110100101100101010001111011 ?
b1010101010111101100111100110100 @
b111100000000000100010011110110 A
b10010000011001001100110110100001 B
b10110100001011100011111001101000 C
b10001010010010001000101101101 D
b1111001100010010110101011000101 E
b10011011011111011110100011111011 F
b10010000001011100111111010101000 G
b110111000001100101010001011000 H
b10000110000011100111110010011110 I
b1000110000101011111101000000101 J
b11001000001011110011000110111011 K
b111100100101001001111111011011 M
b1000101111011001001110110110 N
b10111101000101001101000011110110 O

#970000
0!
0+

#975000
1!
1+
b10001 4
b11000101110100100110010010101100 =
b10101000001110101001111000000 >
b10111011001010101001110000011100 ?
b110110100101100101010001111011 @
b1011110000111000110001011101010 A
b111100000000000100010011110110 B
b10010000011001001100110110100001 C
b10110100001011100011111001101000 D
b1000101111011001001110110110 E
b10111101000101001101000011110110 F
b10011100011000001100110111100011 G
b10010101000000100101010010001100 H
b1011101100000000000010010101111 I
b11111010000000101100011100101000 J
b10001000000000010000000000000 K
b1011010000000000000000000 L
b1110111110110101000000100101110 M
b10110010001010101001110000100111 N
b11110010100000100101100100111011 O

#980000
0!
0+

#985000
1!
1+
b10010 4
b10100100101011001111010101100010 =
b11000101110100100110010010101100 >
b10101000001110101001111000000 ?
b10111011001010101001110000011100 @
b11101000110000001111000010100010 A
b1011110000111000110001011101010 B
b111100000000000100010011110110 C
b10010000011001001100110110100001 D
b10110010001010101001110000100111 E
b11110010100000100101100100111011 F
b1011100000000000110010011110110 G
b10000101100001100111010111100000 H
b10110001111010111001001010101101 I
b11111111100001100100101010101000 J
b0 K
b11011100000110011101110011111111 L
b1011100000110011101110011111111 M
b1010111110001101111100000000100 N
b110111011100100000100010001101 O

#990000
0!
0+

#995000
1!
1+
b10011 4
b10001111001110010000000010010001 =
b10100100101011001111010101100010 >
b11000101110100100110010010101100 ?
b10101000001110101001111000000 @
b10010111100011001010000100000 A
b11101000110000001111000010100010 B
b1011110000111000110001011101010 C
b111100000000000100010011110110 D
b1010111110001101111100000000100 E
b110111011100100000100010001101 F
b1001100110011001111001011101010 G
b10000101101110000110010010100000 H
b10000011010000000111111111010000 I
b1111100100000111000100001101011 J
b10000101011110000001110110110 L
b10000101011110000001110110110 M
b111010000011000110010111001101 N
b1000111110001110010001110000 O

#1000000
0!
0+

#1005000
1!
1+
b10100 4
b1000011000001010100101000111101 =
b10001111001110010000000010010001 >
b10100100101011001111010101100010 ?
b11000101110100100110010010101100 @
b1001111000100111011100110001101 A
b10010111100011001010000100000 B
b11101000110000001111000010100010 C
b1011110000111000110001011101010 D
b111010000011000110010111001101 E
b1000111110001110010001110000 F
b10100010110100011101000000100010 G
b10000111001011010100000000110001 H
b10100000000111011111110101001 I
b10001101010010010110101000110110 J
b11010101111101110100001111111000 L
b11010101111101110100001111111000 M
b10010010000110000000110110101001 N
b10011011001100001111111111011010 O

#1010000
0!
0+

#1015000
1!
1+
b10101 4
b101101010010010000110110000011 =
b1000011000001010100101000111101 >
b10001111001110010000000010010001 ?
b10100100101011001111010101100010 @
b1010111111010100111001001010101 A
b1001111000100111011100110001101 B
b10010111100011001010000100000 C
b11101000110000001111000010100010 D
b10010010000110000000110110101001 E
b10011011001100001111111111011010 F
b1000111000100111011010000100101 G
b1111000010010000100010010001 H
b10000011011111010010010110011101 I
b11101010110011000111111000101100 J
b1100001101010011110000110000010 L
b1100001101010011110000110000010 M
b11000110101111111000100100011111 N
b10010010100001100010111000101110 O

#1020000
0!
0+

#1025000
1!
1+
b10110 4
b1011001010001011011011101001101 =
b101101010010010000110110000011 >
b1000011000001010100101000111101 ?
b10001111001110010000000010010001 @
b1101011011011000111111010000001 A
b1010111111010100111001001010101 B
b1001111000100111011100110001101 C
b10010111100011001010000100000 D
b11000110101111111000100100011111 E
b10010010100001100010111000101110 F
b1000111011110111111001100001101 G
b1001001010001010000111100001101 H
b11111010111001101001001010011011 I
b1100011101111111001110011000000 J
b1001001101101100000110110010101 L
b1001001101101100000111111010101 M
b1100100100100111101110110011110 N
b1000100001010111010000110101000 O

#1030000
0!
0+

#1035000
1!
1+
b10111 4
b10101000101111110111111101000110 =
b1011001010001011011011101001101 >
b101101010010010000110110000011 ?
b1000011000001010100101000111101 @
b11110011110011001101111000101111 A
b1101011011011000111111010000001 B
b1010111111010100111001001010101 C
b1001111000100111011100110001101 D
b1100100100100111101110110011110 E
b1000100001010111010000110101000 F
b1100111011011100111111001010001 G
b101001010011010011111101000111 H
b10101101111001111000000010001000 I
b10011100010111100101110100011010 J
b11001100111010010001011010011001 L
b1001011111011011011001110100 M
b11010011010101111101010001000110 N
b11010111001101001011111111001111 O

#1040000
0!
0+

#1045000
1!
1+
b11000 4
b10101010100011001001010000010101 =
b10101000101111110111111101000110 >
b1011001010001011011011101001101 ?
b101101010010010000110110000011 @
b10110010111010001111010000011 A
b11110011110011001101111000101111 B
b1101011011011000111111010000001 C
b1010111111010100111001001010101 D
b11010011010101111101010001000110 E
b11010111001101001011111111001111 F
b1111011011011000111111000000011 G
b10101000100011011011011101000101 H
b11111000010111100010011111001011 I
b11110010101101001111111001010010 J
b11000110000000100110000001101110 L
b111101110111001110000110011100 M
b10011100001001110010000110011000 N
b10100000111010111101111100010000 O

#1050000
0!
0+

#1055000
1!
1+
b11001 4
b111101000100110000000010101000 =
b10101010100011001001010000010101 >
b10101000101111110111111101000110 ?
b1011001010001011011011101001101 @
b11001001011100000010111100011011 A
b10110010111010001111010000011 B
b11110011110011001101111000101111 C
b1101011011011000111111010000001 D
b10011100001001110010000110011000 E
b10100000111010111101111100010000 F
b110010110111001101111000100111 G
b10101000100111110001010000000100 H
b1000110000001111000100001000110 I
b110100010010110110001101011101 J
b1101101111101101101101011111100 L
b11001010000100001011011111111011 M
b1000100110101110011111001101101 N
b11101110101001101001110001001010 O

#1060000
0!
0+

#1065000
1!
1+
b11010 4
b110011011111011101101010110111 =
b111101000100110000000010101000 >
b10101010100011001001010000010101 ?
b10101000101111110111111101000110 @
b10011110000111001111010110111010 A
b11001001011100000010111100011011 B
b10110010111010001111010000011 C
b11110011110011001101111000101111 D
b1000100110101110011111001101101 E
b11101110101001101001110001001010 F
b10001000010100010010111100011011 G
b111011000111011001000010110101 H
b11101110000011000011000110001110 I
b1010011010100010110110100000111 J
b11101100111100101110111001101101 L
b11111101101000011111001000100011 M
b1111101000101001001010000111100 N
b101001001010011100001001000011 O

#1070000
0!
0+

#1075000
1!
1+
b11011 4
b10100110001111100101011001111111 =
b110011011111011101101010110111 >
b111101000100110000000010101000 ?
b10101010100011001001010000010101 @
b100101110101000001001110000010 A
b10011110000111001111010110111010 B
b11001001011100000010111100011011 C
b10110010111010001111010000011 D
b1111101000101001001010000111100 E
b101001001010011100001001000011 F
b11001100001101000011110110011011 G
b110111001111110101001010111111 H
b10100011001010110101101011110101 I
b10010010110110100010101111011110 J
b1001101001100000001100001100111 L
b100011001001110101110001011111 M
b1010111111011000110010000100010 N
b11011010011010101010110110110100 O

#1080000
0!
0+

#1085000
1!
1+
b11100 4
b110010010101110001000111010110 =
b10100110001111100101011001111111 >
b110011011111011101101010110111 ?
b111101000100110000000010101000 @
b10011110001111100000110111 A
b100101110101000001001110000010 B
b10011110000111001111010110111010 C
b11001001011100000010111100011011 D
b1010111111011000110010000100010 E
b11011010011010101010110110110100 F
b10011100010101000001010110001010 G
b110010011111110101001011110111 H
b1011110011000110000111000000100 I
b11100110100101011011011101111110 J
b11000111011010101110100100011000 L
b101001000101001100101010011010 M
b111100010011101101001010110000 N
b10010000111000100110000011111011 O

#1090000
0!
0+

#1095000
1!
1+
b11101 4
b11001101001100010011001110101011 =
b110010010101110001000111010110 >
b10100110001111100101011001111111 ?
b110011011111011101101010110111 @
b1111001011000011101001101011000 A
b10011110001111100000110111 B
b100101110101000001001110000010 C
b10011110000111001111010110111010 D
b111100010011101101001010110000 E
b10010000111000100110000011111011 F
b100111101001101000010010010 G
b10100110001101110001001111111111 H
b10101010110111001000101001010111 I
b10111010000000110000011101001011 J
b1000101101011001011110000100000 L
b10001111011000101100101111110101 M
b11000010000111110010101011010011 N
b1010001000100111001111001010110 O

#1100000
0!
0+

#1105000
1!
1+
b11110 4
b10011001100101100100100101001 =
b11001101001100010011001110101011 >
b110010010101110001000111010110 ?
b10100110001111100101011001111111 @
b11110101100111010000010110001010 A
b1111001011000011101001101011000 B
b10011110001111100000110111 C
b100101110101000001001110000010 D
b11000010000111110010101011010011 E
b1010001000100111001111001010110 F
b1110011011000011111100100111101 G
b10011001100110001000110101011 H
b11000110101000001000111110010000 I
b1010100000010100000001011001100 J
b10000000100100000000000001001100 K
b11111100000101000001010010011010 L
b10000110001000011100101101011010 M
b1111010001011000011111000110110 N
b11011001110100111010000100111011 O

#1110000
0!
0+

#1115000
1!
1+
b11111 4
b1010011111111111101111101110001 =
b10011001100101100100100101001 >
b11001101001100010011001110101011 ?
b110010010101110001000111010110 @
b100000011010101001010010110101 A
b11110101100111010000010110001010 B
b1111001011000011101001101011000 C
b10011110001111100000110111 D
b1111010001011000011111000110110 E
b11011001110100111010000100111011 F
b1111001000010010100011111001000 G
b1010011001100111101101100101001 H
b1010000000010001010110101101101 I
b1110111011011111111110110010000 J
b10010110000111010111010111100001 K
b111100101001111010111011101111 L
b10000101000100000100010101100 M
b10111101111010110111110100010 N
b10100011001111001000100010010110 O

#1120000
0!
0+

#1125000
1!
1+
b100000 4
b10111010111110011111100000111000 =
b1010011111111111101111101110001 >
b10011001100101100100100101001 ?
b11001101001100010011001110101011 @
b1001010000101001000000101111000 A
b100000011010101001010010110101 B
b11110101100111010000010110001010 C
b1111001011000011101001101011000 D
b10111101111010110111110100010 E
b10100011001111001000100010010110 F
b10110101100010011000010010110010 G
b10011111110111101100100111001 H
b1000100110110100101100101010 I
b11000100011000011010110010110000 J
b11110010010111110111100011010001 K
b11011100111001111001101110100110 L
b11010101111011000110110001001101 M
b11110000111100000111101110001100 N
b11100100101110010010001100011 O

#1130000
0!
0+

#1135000
1!
1+
b100001 4
b1101100001111001111111101111 =
b10111010111110011111100000111000 >
b1010011111111111101111101110001 ?
b10011001100101100100100101001 @
b10111110001000011010111100110111 A
b1001010000101001000000101111000 B
b100000011010101001010010110101 C
b11110101100111010000010110001010 D
b11110000111100000111101110001100 E
b11100100101110010010001100011 F
b1010010010101001000110110000 G
b11011111111111101111101111001 H
b100010011001100011011111110001 I
b101000110110001101100101010110 J
b10000010000001001101111100100000 K
b1000101010001111010001011000111 L
b111100110010001111010100111000 M
b10010011101001001000011100000000 N
b111110011001100001011101101010 O

#1140000
0!
0+

#1145000
1!
1+
b100010 4
b11010010000010101001111001101010 =
b1101100001111001111111101111 >
b10111010111110011111100000111000 ?
b1010011111111111101111101110001 @
b10100110110101110101000000101001 A
b10111110001000011010111100110111 B
b1001010000101001000000101111000 C
b100000011010101001010010110101 D
b10010011101001001000011100000000 E
b111110011001100001011101101010 F
b11101110000000011000000101110001 G
b10011010100010111001111001101010 H
b1101101101011011001110010000110 I
b11001000000001111001001101111001 J
b10101110110110010011101001011010 K
b10111011100110100010101101010000 L
b11101001101101001001111100001000 M
b1101010101001011011010100011 N
b1000001110010011101011110000 O

#1150000
0!
0+

#1155000
1!
1+
b100011 4
b10101100011011111000110010011 =
b11010010000010101001111001101010 >
b1101100001111001111111101111 ?
b10111010111110011111100000111000 @
b1100001010101001001011000010100 A
b10100110110101110101000000101001 B
b10111110001000011010111100110111 C
b1001010000101001000000101111000 D
b1101010101001011011010100011 E
b1000001110010011101011110000 F
b10111110011101010011100100100011 G
b10101100011111001111111101011 H
b1111110001111011001110001011101 I
b111001010000100111001011111010 J
b111011111010110011001110000101 K
b1100100001101000010101111000000 L
b11011001111000110010110110010101 M
b1101110111001110110100000111101 N
b10010011110011010011110001001000 O

#1160000
0!
0+

#1165000
1!
1+
b100100 4
b10101101001010010010000101 =
b10101100011011111000110010011 >
b11010010000010101001111001101010 ?
b1101100001111001111111101111 @
b101001111000010110000001110101 A
b1100001010101001001011000010100 B
b10100110110101110101000000101001 C
b10111110001000011010111100110111 D
b1101110111001110110100000111101 E
b10010011110011010011110001001000 F
b10100111010101100001000000011100 G
b10010100011001011010010000011 H
b10110110000101110010100010001110 I
b101010101100101000001100111001 J
b1110000100101101111011110011001 K
b11011100010111110000010011001011 L
b10110010010100000000110001010001 M
b10100111100001001100001000110001 N
b11001000101000111101110100010001 O

#1170000
0!
0+

#1175000
1!
1+
b100101 4
b1110000001010001001111101000010 =
b10101101001010010010000101 >
b10101100011011111000110010011 ?
b11010010000010101001111001101010 @
b10110101000011000110001000100000 A
b101001111000010110000001110101 B
b1100001010101001001011000010100 C
b10100110110101110101000000101001 D
b10100111100001001100001000110001 E
b11001000101000111101110100010001 F
b1100001010100001111010000110100 G
b10000101011001011010110000011 H
b11000100011001001010111101010100 I
b1000000111100111000000001011110 J
b100000010100001111111110001000 K
b11110011010011100010111100000110 L
b11111011011010101101101101101010 M
b10111010111100001010101011100000 N
b11010101000100010110010011010111 O

#1180000
0!
0+

#1185000
1!
1+
b100110 4
b10010000000000100000111110110111 =
b1110000001010001001111101000010 >
b10101101001010010010000101 ?
b10101100011011111000110010011 @
b10001100111110110100100101001010 A
b10110101000011000110001000100000 B
b101001111000010110000001110101 C
b1100001010101001001011000010100 D
b10111010111100001010101011100000 E
b11010101000100010110010011010111 F
b10100101000010000110000000110101 G
b10000001000001000111110000111 H
b10010001100000101101110110111101 I
b1111110110001101101011100001010 J
b10000100101000000100111111111101 K
b111100011100111101101100001 L
b11100110100001101110001111011111 M
b11101101011011010111101001100000 N
b10100001101000110110110101000100 O

#1190000
0!
0+

#1195000
1!
1+
b100111 4
b10001111000100001110011110100100 =
b10010000000000100000111110110111 >
b1110000001010001001111101000010 ?
b10101101001010010010000101 @
b10111110110110101111110011 A
b10001100111110110100100101001010 B
b10110101000011000110001000100000 C
b101001111000010110000001110101 D
b11101101011011010111101001100000 E
b10100001101000110110110101000100 F
b10110101111111110100100101000010 G
b10010000000000001000111110100110 H
b1011101011111101101001101010010 I
b11001111110111100100101101000011 J
b111101001110010101010000111 K
b110110111001101111100001101110 L
b11101111110000100010110110110 M
b1100000001010010110011100110101 N
b11101101011111110110001011111000 O

#1200000
0!
0+

#1205000
1!
1+
b101000 4
b1001101101010001100101000101101 =
b10001111000100001110011110100100 >
b10010000000000100000111110110111 ?
b1110000001010001001111101000010 @
b1100010110111100000101110111010 A
b10111110110110101111110011 B
b10001100111110110100100101001010 C
b10110101000011000110001000100000 D
b1100000001010010110011100110101 E
b11101101011111110110001011111000 F
b10001110111110110100101111110010 G
b10001101000000001100111110100101 H
b10100001001010001110101011111011 I
b11110001110000101111111011011110 J
b11000011001010001100010100010100 K
b10101101101011011010111000101011 L
b11101011011111000100101000010011 M
b11000100000001101101111110100100 N
b101110001010011011101010100000 O

#1210000
0!
0+

#1215000
1!
1+
b101001 4
b11110010001100001001101001000100 =
b1001101101010001100101000101101 >
b10001111000100001110011110100100 ?
b10010000000000100000111110110111 @
b110100001011110111111011100110 A
b1100010110111100000101110111010 B
b10111110110110101111110011 C
b10001100111110110100100101001010 D
b11000100000001101101111110100100 E
b101110001010011011101010100000 F
b100010110111100000101110110011 G
b11001111001100001100101000100100 H
b101100110000101010010011011101 I
b1010011101010010100101100001110 J
b100100110001111000001011001000 K
b101010011010101011001101010010 L
b10111101111000110100011101 M
b10101110100101001001001101110011 N
b11111011111100110110111100000001 O

#1220000
0!
0+

#1225000
1!
1+
b101010 4
b10101010100010000000001001110100 =
b11110010001100001001101001000100 >
b1001101101010001100101000101101 ?
b10001111000100001110011110100100 @
b111110100101101010001100101010 A
b110100001011110111111011100110 B
b1100010110111100000101110111010 C
b10111110110110101111110011 D
b10101110100101001001001101110011 E
b11111011111100110110111100000001 F
b1110100010011100010101010110010 G
b11101010101010001000101001100100 H
b11001000011101000011001110111 I
b10000110111011000001110101000111 J
b1101101001101010110110111111010 K
b10101100011100010101011111000011 L
b11110001001010111110010101110101 M
b10110001101011010010010011010001 N
b11101101110001000011011011 O

#1230000
0!
0+

#1235000
1!
1+
b101011 4
b10110101011001000011010110101100 =
b10101010100010000000001001110100 >
b11110010001100001001101001000100 ?
b1001101101010001100101000101101 @
b1000000101111100000110001110101 A
b111110100101101010001100101010 B
b110100001011110111111011100110 C
b1100010110111100000101110111010 D
b10110001101011010010010011010001 E
b11101101110001000011011011 F
b110100100101110111001010100010 G
b10110010001000000001001001100100 H
b10000111010100001010010011111 I
b100101011001101010101010000 J
b11110101100011101010000011 K
b110111001011011001110011000110 L
b10000011110110011111111111001 M
b1110100000010011110010101001000 N
b11000011000010100010011100000011 O

#1240000
0!
0+

#1245000
1!
1+
b101100 4
b110111000101000000110001001011 =
b10110101011001000011010110101100 >
b10101010100010000000001001110100 ?
b11110010001100001001101001000100 @
b11000001101100101010111101110101 A
b1000000101111100000110001110101 B
b111110100101101010001100101010 C
b110100001011110111111011100110 D
b1110100000010011110010101001000 E
b11000011000010100010011100000011 F
b1111110101101100000110001111111 G
b10110111000001000000010001101100 H
b11111111101011011001011101101110 I
b11100000111010010100011000001000 J
b1001000000011111111111100110001 K
b10001110001010000000110001001001 L
b11111010101101111011000101111110 M
b1100000000110010110101100000100 N
b10110110101100011001101111011010 O

#1250000
0!
0+

#1255000
1!
1+
b101101 4
b10110110010110000011011011110 =
b110111000101000000110001001011 >
b10110101011001000011010110101100 ?
b10101010100010000000001001110100 @
b1010010010010100000010101001000 A
b11000001101100101010111101110101 B
b1000000101111100000110001110101 C
b111110100101101010001100101010 D
b1100000000110010110101100000100 E
b10110110101100011001101111011010 F
b1000000101101100000110101110101 G
b110111010001000000010011001110 H
b10011111010110010000111110110100 I
b10101101010000011100010101111100 J
b11010111000111101101101101110101 K
b11111000000001111011010011111101 L
b1000101000100000100000001000110 M
b1001000001101111011110010000101 N
b11010110100111010001010010000010 O

#1260000
0!
0+

#1265000
1!
1+
b101110 4
b11110110101001101000100000111 =
b10110110010110000011011011110 >
b110111000101000000110001001011 ?
b10110101011001000011010110101100 @
b11110010101111111011111011111001 A
b1010010010010100000010101001000 B
b11000001101100101010111101110101 C
b1000000101111100000110001110101 D
b1001000001101111011110010000101 E
b11010110100111010001010010000010 F
b1010011000010100000010101001100 G
b10110110101000000010001001111 H
b11100110010011101111010011100 I
b1100111001010111101010111110101 J
b11011000000111100000000100101100 K
b101110101011100000111111100001 L
b10101010111001100010001000011101 M
b10011001111010000011111101011000 N
b110011100111011110001011101011 O

#1270000
0!
0+

#1275000
1!
1+
b101111 4
b11001101100001100010001001000011 =
b11110110101001101000100000111 >
b10110110010110000011011011110 ?
b110111000101000000110001001011 @
b1001111010011000111010100000100 A
b11110010101111111011111011111001 B
b1010010010010100000010101001000 C
b11000001101100101010111101110101 D
b10011001111010000011111101011000 E
b110011100111011110001011101011 F
b1010010000011100011010001001000 G
b11110110001100000001001000111 H
b11111001111101101110101110010111 I
b10111100011100101101001111101 J
b10011010000001010010000000101010 K
b101000001110101010111000111010 L
b10111110010111100010000100100011 M
b11111010000101111111111111001101 N
b11000101111001110110111011110 O

#1280000
0!
0+

#1285000
1!
1+
b110000 4
b10010110101001110110110101011 =
b11001101100001100010001001000011 >
b11110110101001101000100000111 ?
b10110110010110000011011011110 @
b110001001011000000110000011000 A
b1001111010011000111010100000100 B
b11110010101111111011111011111001 C
b1010010010010100000010101001000 D
b11111010000101111111111111001101 E
b11000101111001110110111011110 F
b11000011100111111011011011100001 G
b11110110101001110000100000011 H
b11111010010110110000000110000110 I
b1110101110001001001100110101001 J
b1001010101011101000000001111111 K
b11010101011001111101100110100111 L
b11111000111110100101001110010000 M
b10011110010011010110101001111000 N
b11001001011111110001010001001 O

#1290000
0!
0+

#1295000
1!
1+
b110001 4
b10110111011111010100110100000001 =
b10010110101001110110110101011 >
b11001101100001100010001001000011 ?
b11110110101001101000100000111 @
b10110101000110000111000101010110 A
b110001001011000000110000011000 B
b1001111010011000111010100000100 C
b11110010101111111011111011111001 D
b10011110010011010110101001111000 E
b11001001011111110001010001001 F
b1111011010011000000010000010000 G
b10010111110101000110110100000011 H
b11110000111001101110111001110111 I
b11111100001110100110100110010001 J
b101011001001111100000010110010 K
b11010100100110100011111101101100 L
b101101101101101101101011001011 M
b10110110001101000111001101101101 N
b10001000101110110101101101111010 O

#1300000
0!
0+

#1305000
1!
1+
b110010 4
b111110111011111100111011100111 =
b10110111011111010100110100000001 >
b10010110101001110110110101011 ?
b11001101100001100010001001000011 @
b11010101000010010100010001110100 A
b10110101000110000111000101010110 B
b110001001011000000110000011000 C
b1001111010011000111010100000100 D
b10110110001101000111001101101101 E
b10001000101110110101101101111010 F
b10110101001011000100100001011100 G
b110110111111011100110110100011 H
b111101110011001100000111100 I
b11011001011011001011111001010011 J
b11111011111010101101010110010001 K
b1100011100001000101110111110110 L
b1011001100111110001001010001000 M
b1011110110011010000010110000111 N
b111110101101110110010111011111 O

#1310000
0!
0+

#1315000
1!
1+
b110011 4
b10011101100001000110101101100110 =
b111110111011111100111011100111 >
b10110111011111010100110100000001 ?
b10010110101001110110110101011 @
b101100010100110010011111001010 A
b11010101000010010100010001110100 B
b10110101000110000111000101010110 C
b110001001011000000110000011000 D
b1011110110011010000010110000111 E
b111110101101110110010111011111 F
b10010101000010010101010001010100 G
b10111111111011010100111101100111 H
b11101101111110000110110010001100 I
b11111000011001110010001111101101 J
b10110110001110101100110100000110 K
b10110110001101111001111011011011 L
b1000001000011010100101011110100 M
b110100010110101000110000000010 N
b10101101111001011011101111110011 O

#1320000
0!
0+

#1325000
1!
1+
b110100 4
b11100010010000000100011111110101 =
b10011101100001000110101101100110 >
b111110111011111100111011100111 ?
b10110111011111010100110100000001 @
b1000111001011110111100110101101 A
b101100010100110010011111001010 B
b11010101000010010100010001110100 C
b10110101000110000111000101010110 D
b110100010110101000110000000010 E
b10101101111001011011101111110011 F
b10010100000000110010010111011000 G
b10111110110001000100111111100111 H
b1000110001000001101010001110110 I
b10111000010001000111010101010 J
b1111100010000010011000000000001 K
b1101011000000110100000000111000 L
b11011110101001001011110011010000 M
b1110111111001001110111101011011 N
b100111001010010010001011101 O

#1330000
0!
0+

#1335000
1!
1+
b110101 4
b1111100110010100001001110111000 =
b11100010010000000100011111110101 >
b10011101100001000110101101100110 ?
b111110111011111100111011100111 @
b101111011000100011110001011100 A
b1000111001011110111100110101101 B
b101100010100110010011111001010 C
b11010101000010010100010001110100 D
b1110111111001001110111101011011 E
b100111001010010010001011101 F
b111001100110011101110001110 G
b11111100110000000100001111110100 H
b10101010101111111000001101001101 I
b1001010001001100100101010100001 J
b11011111010100010100000011101 K
b1100001101001110101111110101 L
b11001110011100000001000110011001 M
b1000011101010111000011010000110 N
b10100111011111111100011101000001 O

#1340000
0!
0+

#1345000
1!
1+
b110110 4
b11101011001010110100110111000111 =
b1111100110010100001001110111000 >
b11100010010000000100011111110101 ?
b10011101100001000110101101100110 @
b10000010100110110101010101101101 A
b101111011000100011110001011100 B
b1000111001011110111100110101101 C
b101100010100110010011111001010 D
b1000011101010111000011010000110 E
b10100111011111111100011101000001 F
b1000111001001100011110011001100 G
b11101010010010100100011111110101 H
b111001110000101001010110000111 I
b1010110000100001000100011111110 J
b1111110111010010111111101000011 K
b11001001110001011101110110101001 L
b11101101100101000110000111101110 M
b10010101110110001100111010001 N
b100100000011001101110101111100 O

#1350000
0!
0+

#1355000
1!
1+
b110111 4
b110110110001111111011101001101 =
b11101011001010110100110111000111 >
b1111100110010100001001110111000 ?
b11100010010000000100011111110101 @
b10110000001111111000010100110111 A
b10000010100110110101010101101101 B
b101111011000100011110001011100 C
b1000111001011110111100110101101 D
b10010101110110001100111010001 E
b100100000011001101110101111100 F
b10001111010110110011110101101101 G
b1111110110010110101011111001101 H
b11101000000001010111111100110111 I
b1100111111101000110001000111100 J
b101000001111011000101100001001 K
b1010110011000100001011110010 L
b1001001111111000110011101000001 M
b11110000101010011111000010001010 N
b1100110110100001101011100000100 O

#1360000
0!
0+

#1365000
1!
1+
b111000 4
b1010111011110101100011110001110 =
b110110110001111111011101001101 >
b11101011001010110100110111000111 ?
b1111100110010100001001110111000 @
b11010010111010100011100001111111 A
b10110000001111111000010100110111 B
b10000010100110110101010101101101 C
b101111011000100011110001011100 D
b11110000101010011111000010001010 E
b1100110110100001101011100000100 F
b10010000001110110100010100110111 G
b1110111011010111100011111001111 H
b1000010101100100011001101101000 I
b10000101101011011100101001001111 J
b11011001000111000101111000000100 K
b10111100111100011100111001100000 L
b10101111010000010101000101000010 M
b1101001000111000010000000010010 N
b10111010000111011111101100110111 O

#1370000
0!
0+

#1375000
1!
1+
b111001 4
b100011001110100001101101001001 =
b1010111011110101100011110001110 >
b110110110001111111011101001101 ?
b11101011001010110100110111000111 @
b11100101111001100011001111001010 A
b11010010111010100011100001111111 B
b10110000001111111000010100110111 C
b10000010100110110101010101101101 D
b1101001000111000010000000010010 E
b10111010000111011111101100110111 F
b11010000111110111011010001111111 G
b110111011110101101011101001101 H
b1111010111010101011101110001110 I
b10100001110100101100000101111011 J
b1100100110100101011100101110 K
b10111111010110101111001011011000 L
b101000100010111110100110101011 M
b10010110100110110001100010000001 N
b10110010011001011001001011011011 O

#1380000
0!
0+

#1385000
1!
1+
b111010 4
b1001001000000001010101101011100 =
b100011001110100001101101001001 >
b1010111011110101100011110001110 ?
b110110110001111111011101001101 @
b10000001110001100110011001001000 A
b11100101111001100011001111001010 B
b11010010111010100011100001111111 C
b10110000001111111000010100110111 D
b10010110100110110001100010000001 E
b10110010011001011001001011011011 F
b11010011111011100011101001111111 G
b1000011001110101000101101001100 H
b1001010000011110001001111110110 I
b1000001001000000010100010101 J
b111111110100011101010110011110 K
b10000010101000101101001000011100 L
b11110100101011011101100000100011 M
b101110010000001010100000010 N
b10001101010010011001111101000010 O

#1390000
0!
0+

#1395000
1!
1+
b111011 4
b10010011000100011011010001000100 =
b1001001000000001010101101011100 >
b100011001110100001101101001001 ?
b1010111011110101100011110001110 @
b111100100100000000110001001111 A
b10000001110001100110011001001000 B
b11100101111001100011001111001010 C
b11010010111010100011100001111111 D
b101110010000001010100000010 E
b10001101010010011001111101000010 F
b11000001111001100011011111001000 G
b11000100001011101101001100 H
b11000000001100011110011111010000 I
b11111101000100111111010110101110 J
b1110111111000010011111100000 K
b10001001111010101101001110101110 L
b10001000000001101111100001010111 M
b10100110101100100110000001010100 N
b11000011010000101010001100011100 O

#1400000
0!
0+

#1405000
1!
1+
b111100 4
b1101001111101010000001101110000 =
b10010011000100011011010001000100 >
b1001001000000001010101101011100 ?
b100011001110100001101101001001 @
b11111110001011010010011111100010 A
b111100100100000000110001001111 B
b10000001110001100110011001001000 C
b11100101111001100011001111001010 D
b10100110101100100110000001010100 E
b11000011010000101010001100011100 F
b111101110000100100010001001010 G
b1001001000100011010001101010100 H
b11010101111100111100111011010011 I
b1100001001101001000000001000100 J
b10010100001110011011100111001100 K
b1010111001010001010111110110101 L
b10110100100010100010110010011000 M
b11001010001001100010010011101010 N
b11111000001010111001000100111 O

#1410000
0!
0+

#1415000
1!
1+
b111101 4
b11101001001010111001011100010001 =
b1101001111101010000001101110000 >
b10010011000100011011010001000100 ?
b1001001000000001010101101011100 @
b11101101011000000100000000110011 A
b11111110001011010010011111100010 B
b111100100100000000110001001111 C
b10000001110001100110011001001000 D
b11001010001001100010010011101010 E
b11111000001010111001000100111 F
b11111100101100000000110001101110 G
b11101001001100011001011101010000 H
b1101100100110011110101100111100 I
b1111001111010000011010011111110 J
b10100110100011100110001010111110 K
b10100011000000110011010010111101 L
b1111100001101100011100110101111 M
b11000111001010100111001001110 N
b1010101110010111000001010001100 O

#1420000
0!
0+

#1425000
1!
1+
b111110 4
b1101110101100001101000011011010 =
b11101001001010111001011100010001 >
b1101001111101010000001101110000 ?
b10010011000100011011010001000100 @
b1100001111001011111100110101010 A
b11101101011000000100000000110011 B
b11111110001011010010011111100010 C
b111100100100000000110001001111 D
b11000111001010100111001001110 E
b1010101110010111000001010001100 F
b11111111011010000100011001100010 G
b1101001101100011001001101010000 H
b11011110001111000010100000001010 I
b1101110001101110111111001101001 J
b11011000111111111001011111110001 K
b1010011111100100110111001011111 L
b100001110101001000111110101110 M
b10001010111111100000010010111111 N
b1000111111011011011101101011010 O

#1430000
0!
0+

#1435000
1!
1+
b111111 4
b11010010111010111100000000011001 =
b1101110101100001101000011011010 >
b11101001001010111001011100010001 ?
b1101001111101010000001101110000 @
b11110000011111011100100000011 A
b1100001111001011111100110101010 B
b11101101011000000100000000110011 C
b11111110001011010010011111100010 D
b10001010111111100000010010111111 E
b1000111111011011011101101011010 F
b11100001011001011111100100110010 G
b11101010101010111101000000011001 H
b11011011011101000000000000010011 I
b101011110001110111111010011100 J
b10101010000010101000000011101011 K
b11011011111111010101110000010011 L
b11110011101001110100111101100011 M
b11000101011100110110100000000101 N
b11000110000111111101000000101100 O

#1440000
0!
0+

#1445000
1!
1+
b10 3
b10001011100100110011100000110001 =
b11010010111010111100000000011001 >
b1101110101100001101000011011010 ?
b11101001001010111001011100010001 @
b101111011010000110101101110101 A
b11110000011111011100100000011 B
b1100001111001011111100110101010 C
b11101101011000000100000000110011 D
b11000101011100110110100000000101 E
b11000110000111111101000000101100 F
b1001110100011011011100110001011 G
b11001010101100111101000000011001 H
b11101111100010000101010010111011 I
b1110001011011111011000110111 J
b100001101001011100001001010 N
b10111010001111000010010011010100 O

#1450000
0!
0+

#1455000
1!
1#
b110101111111101100011000100110011111010100110111011000011010011110001001011111001011000101100101001001011111000001000010010000000101111101110001101111001010001101011011011010011011100001001100111101111101000110110011110011000101000110110100000101010100101 '
1(
1+
1-
b110101111111101100011000100110011111010100110111011000011010011110001001011111001011000101100101001001011111000001000010010000000101111101110001101111001010001101011011011010011011100001001100111101111101000110110011110011000101000110110100000101010100101 1
12
b0 3
b1101011111111011000110001001100 5
b11111010100110111011000011010011 6
b11000100101111100101100010110010 7
b10010010111110000010000100100000 8
b101111101110001101111001010001 9
b10101101101101001101110000100110 :
b1111011111010001101100111100110 ;
b101000110110100000101010100101 <

#1460000
0!
0+

#1465000
1!
0#
1%
b1010100011010000110010100100000011011110110110001100100001000000111001001100001011001000110100101101111001000000110001101110010011000010110001101101011011011000110010101100100001000000111010001101111001000000110110001101001011001100110010100101100001000000111011101101000011010010111001101110000011001010111001001101001011011100110011100100000011100110110010101100011011100100110010101110100011100110010000001100110011100100110111101101101001000000110000100100000011001100110111101110010011001110110111101110100 &
0(
1+
0-
1/
b1010100011010000110010100100000011011110110110001100100001000000111001001100001011001000110100101101111001000000110001101110010011000010110001101101011011011000110010101100100001000000111010001101111001000000110110001101001011001100110010100101100001000000111011101101000011010010111001101110000011001010111001001101001011011100110011100100000011100110110010101100011011100100110010101110100011100110010000001100110011100100110111101101101001000000110000100100000011001100110111101110010011001110110111101110100 0
02
b1 3
b0 4
b1101011111111011000110001001100 =
b11111010100110111011000011010011 >
b11000100101111100101100010110010 ?
b10010010111110000010000100100000 @
b101111101110001101111001010001 A
b10101101101101001101110000100110 B
b1111011111010001101100111100110 C
b101000110110100000101010100101 D
b1111101111100001101110110100110 G
b11101010101111111001100011010010 H
b10001110101011010000110101010000 I
b1010010111101000011110011110101 J
bx K
bx L
b1010100011010000110010100100000 M
b10010000101100011011100111111000 N
b1111001011011001010011000100010 O

#1470000
0!
0+

#1475000
1!
0%
1+
0/
b1 4
b1010000111100110000000011010 =
b1101011111111011000110001001100 >
b11111010100110111011000011010011 ?
b11000100101111100101100010110010 @
b100011101010011101101100011000 A
b101111101110001101111001010001 B
b10101101101101001101110000100110 C
b1111011111010001101100111100110 D
b10010000101100011011100111111000 E
b1111001011011001010011000100010 F
b10101111101111001101111000110110 G
b1101010100111111010000001011010 H
b11111011110101111010000011011101 I
b11010111011001110101111001000110 J
b1101111011011000110010000100000 M
b11100011101100001011111100010011 N
b1100110011101110100000100110111 O

#1480000
0!
0+

#1485000
1!
1+
b10 4
b1001010001010000000000001001010 =
b1010000111100110000000011010 >
b1101011111111011000110001001100 ?
b11111010100110111011000011010011 @
b10101000011011110001011111000101 A
b100011101010011101101100011000 B
b101111101110001101111001010001 C
b10101101101101001101110000100110 D
b11100011101100001011111100010011 E
b1100110011101110100000100110111 F
b100111101110011101101100010000 G
b1001010001111000000000001001010 H
b110000110110010111100001111010 I
b11011001100111110101001101101001 J
b111110001000010011101010100000 L
b1110010011000010110010001101001 M
b11010111001100000110101011010111 N
b1111011000101010111100011000100 O

#1490000
0!
0+

#1495000
1!
1+
b11 4
b1010010010001011110001110011011 =
b1001010001010000000000001001010 >
b1010000111100110000000011010 ?
b1101011111111011000110001001100 @
b11010001110011000001101110101010 A
b10101000011011110001011111000101 B
b100011101010011101101100011000 C
b101111101110001101111001010001 D
b11010111001100000110101011010111 E
b1111011000101010111100011000100 F
b10100010011011011101001110010000 G
b1001010000011000110000000011010 H
b11011111110001011000011110000000 I
b111000000100001101110010000101 J
b10111110100011111110000101000010 L
b1101111001000000110001101110010 M
b1100011000011011100110101111101 N
b101001110100011110011110011010 O

#1500000
0!
0+

#1505000
1!
1+
b100 4
b10001100110111111011010100010111 =
b1010010010001011110001110011011 >
b1001010001010000000000001001010 ?
b1010000111100110000000011010 @
b11001111000010110101100111001001 A
b11010001110011000001101110101010 B
b10101000011011110001011111000101 C
b100011101010011101101100011000 D
b1100011000011011100110101111101 E
b101001110100011110011110011010 F
b11100001011011000001111110001100 G
b1001010010011011010000100011011 H
b110101010111111101010110001011 I
b10011011101010010010100011101011 J
b10011110101001010000111100100101 L
b1100001011000110110101101101100 M
b111011011110010101000101010110 N
b1111111101011010111011010100110 O

#1510000
0!
0+

#1515000
1!
1+
b101 4
b10111011001001101100011111111100 =
b10001100110111111011010100010111 >
b1010010010001011110001110011011 ?
b1001010001010000000000001001010 @
b1000101100101111011000101110000 A
b11001111000010110101100111001001 B
b11010001110011000001101110101010 C
b10101000011011110001011111000101 D
b111011011110010101000101010110 E
b1111111101011010111011010100110 F
b11010101010010110001101111001010 G
b10011010010001111110011110011111 H
b10001010001100111001101000100101 I
b100100110001100101010000010001 J
b111101110011001011001001101100 L
b1100101011001000010000001110100 M
b1100001110101011011101000000101 N
b100100011110111000000111000100 O

#1520000
0!
0+

#1525000
1!
1+
b110 4
b10000110010100010011101111001001 =
b10111011001001101100011111111100 >
b10001100110111111011010100010111 ?
b1010010010001011110001110011011 @
b10101011111111011011101001001111 A
b1000101100101111011000101110000 B
b11001111000010110101100111001001 C
b11010001110011000001101110101010 D
b1100001110101011011101000000101 E
b100100011110111000000111000100 F
b1000101100101111111000111000000 G
b10001110010101111011011111011101 H
b11111011001101110101101001100010 I
b10001001100001111010111010001011 J
b11011000110000111110010001000111 L
b1101111001000000110110001101001 M
b10100010010010111010101100000010 N
b10001001100011110001001000111111 O

#1530000
0!
0+

#1535000
1!
1+
b111 4
b101011110110101011110101000001 =
b10000110010100010011101111001001 >
b10111011001001101100011111111100 ?
b10001100110111111011010100010111 @
b11110100100100011000111010011101 A
b10101011111111011011101001001111 B
b1000101100101111011000101110000 C
b11001111000010110101100111001001 D
b10100010010010111010101100000010 E
b10001001100011110001001000111111 F
b10100001100101111011101101101101 G
b10101011010100101011111111001001 H
b11001010000010101111010100101010 I
b11101100101010111001101011110001 J
b10010100001011011110011100010110 L
b1100110011001010010110000100000 M
b1101110110100000011101100011100 N
b1110101010111011011010011110011 O

#1540000
0!
0+

#1545000
1!
1+
b1000 4
b11100100001011011111000000001111 =
b101011110110101011110101000001 >
b10000110010100010011101111001001 ?
b10111011001001101100011111111100 @
b11111011101011111111000000110011 A
b11110100100100011000111010011101 B
b10101011111111011011101001001111 C
b1000101100101111011000101110000 D
b1101110110100000011101100011100 E
b1110101010111011011010011110011 F
b11110000110100011000101001011101 G
b10100110010110011011100101001001 H
b11001110101101000110001011111100 I
b11110011010011101001111000011 J
b111011101000100101001001101111 L
b1110111011010000110100101110011 M
b10100100010000110010001110011011 N
b1110101000011100001110001000101 O

#1550000
0!
0+

#1555000
1!
1+
b1001 4
b11001010100010011111111100000 =
b11100100001011011111000000001111 >
b101011110110101011110101000001 ?
b10000110010100010011101111001001 @
b1011111011010011110101110010111 A
b11111011101011111111000000110011 B
b11110100100100011000111010011101 C
b10101011111111011011101001001111 D
b10100100010000110010001110011011 E
b1110101000011100001110001000101 F
b11111011101110011110010000011011 G
b101001010110011011110101000001 H
b10111101101010110000010100010100 I
b10011011011000111000000100111100 J
b110011100011011010011010110101 L
b1110000011001010111001001101001 M
b11000110000000111110110100010000 N
b11100111000001001100001001010101 O

#1560000
0!
0+

#1565000
1!
1+
b1010 4
b10101101000010001010111101100101 =
b11001010100010011111111100000 >
b11100100001011011111000000001111 ?
b101011110110101011110101000001 @
b1001100010101010010100011011001 A
b1011111011010011110101110010111 B
b11111011101011111111000000110011 C
b11110100100100011000111010011101 D
b11000110000000111110110100010000 E
b11100111000001001100001001010101 F
b11111111111010111111100010110011 G
b10101101000010011011111101100101 H
b110010110100101101010100101000 I
b1010100100011001011001010100000 J
b111001100010100000111101000011 L
b1101110011001110010000001110011 M
b11011011101000101110000000100001 N
b11011111110111001001010010001101 O

#1570000
0!
0+

#1575000
1!
1+
b1011 4
b10111011011111110111010010101110 =
b10101101000010001010111101100101 >
b11001010100010011111111100000 ?
b11100100001011011111000000001111 @
b111011111011001110101100010 A
b1001100010101010010100011011001 B
b1011111011010011110101110010111 C
b11111011101011111111000000110011 D
b11011011101000101110000000100001 E
b11011111110111001001010010001101 F
b1011100010101010110101011010101 G
b10111001010110010011111111100100 H
b11110110011110001011110000111101 I
b10011010100100111010100011000101 J
b10111011001011000111101100010 L
b1100101011000110111001001100101 M
b10101101000010001111001111110101 N
b10101111110100011111110000100001 O

#1580000
0!
0+

#1585000
1!
1+
b1100 4
b1011100110110101111000000010110 =
b10111011011111110111010010101110 >
b10101101000010001010111101100101 ?
b11001010100010011111111100000 @
b10010001001101101110010000000100 A
b111011111011001110101100010 B
b1001100010101010010100011011001 C
b1011111011010011110101110010111 D
b10101101000010001111001111110101 E
b10101111110100011111110000100001 F
b1001101011101011000110011011001 G
b10111101010110101111010000100110 H
b1111100010001000000001110100001 I
b1001101001001111111100000100 J
b1110100001011000100001100110111 L
b1110100011100110010000001100110 M
b10011101101101011111010101001110 N
b111001100111101111011111000111 O

#1590000
0!
0+

#1595000
1!
1+
b1101 4
b11010111010101001110110100010101 =
b1011100110110101111000000010110 >
b10111011011111110111010010101110 ?
b10101101000010001010111101100101 @
b10110111000001110011010100101110 A
b10010001001101101110010000000100 B
b111011111011001110101100010 C
b1001100010101010010100011011001 D
b10011101101101011111010101001110 E
b111001100111101111011111000111 F
b10010001011111101010110001000100 G
b11011111010111101111010000010110 H
b1001110110011111101011010111111 I
b10011100100100000110101101101001 J
b11010111011001110100011011000001 L
b1110010011011110110110100100000 M
b1101101101100100101111110100100 N
b101110001011101100101011010101 O

#1600000
0!
0+

#1605000
1!
1+
b1110 4
b10011011111000010010101001111001 =
b11010111010101001110110100010101 >
b1011100110110101111000000010110 ?
b10111011011111110111010010101110 @
b11010101110110000111100001001 A
b10110111000001110011010100101110 B
b10010001001101101110010000000100 C
b111011111011001110101100010 D
b1101101101100100101111110100100 E
b101110001011101100101011010101 F
b10010011000001111110010100001100 G
b11011111110100001110100000010101 H
b10110001100111010111001111111000 I
b10011000110011100011111111010000 J
b11110100001000101110100001111111 L
b1100001001000000110011001101111 M
b110000010100000010111101010100 N
b10010001011011100101110000001101 O

#1610000
0!
0+

#1615000
1!
1+
b1111 4
b11000001101111101000101101100001 =
b10011011111000010010101001111001 >
b11010111010101001110110100010101 ?
b1011100110110101111000000010110 @
b11101011110011111010010000000010 A
b11010101110110000111100001001 B
b10110111000001110011010100101110 C
b10010001001101101110010000000100 D
b110000010100000010111101010100 E
b10010001011011100101110000001101 F
b11110100010110001010100101100 G
b11010011111101001010101101110001 H
b11010001010011000010100000101010 I
b1101100001000000100011000010001 J
b1010011011011011100100101110100 K
b1011011001010001010110010100001 L
b1110010011001110110111101110100 M
b1001111111001011010000000101001 N
b10100101010000001101001110011011 O

#1620000
0!
0+

#1625000
1!
1+
b10000 4
b11110101001001100111001111000100 =
b11000001101111101000101101100001 >
b10011011111000010010101001111001 ?
b11010111010101001110110100010101 @
b10101100110000001001000000111111 A
b11101011110011111010010000000010 B
b11010101110110000111100001001 C
b10110111000001110011010100101110 D
b1001111111001011010000000101001 E
b10100101010000001101001110011011 F
b10111010111110111000111100000010 G
b11010001101001100010101101100001 H
b111010101000010010011000010110 I
b10011001000011101000010110000100 J
b1010100001110110100111110010111 K
b111111111000100001010010101101 L
b1011000111010110011101111001101 M
b1001000100101111110111101000010 N
b1100010001110101000101110111 O

#1630000
0!
0+

#1635000
1!
1+
b10001 4
b1010100110111110100000010111001 =
b11110101001001100111001111000100 >
b11000001101111101000101101100001 ?
b10011011111000010010101001111001 @
b11111111011001101110001010111 A
b10101100110000001001000000111111 B
b11101011110011111010010000000010 C
b11010101110110000111100001001 D
b1001000100101111110111101000010 E
b1100010001110101000101110111 F
b11101100110000111011000000010111 G
b11010101101111100100001111100001 H
b101101111111111001001110000111 I
b100000111100100110010101100101 J
b10000101101100101011001011011101 K
b1011010010010000010111010100100 L
b10111101110011100110011000010100 M
b11010101111111011101001000011111 N
b11101111011101011101101000 O

#1640000
0!
0+

#1645000
1!
1+
b10010 4
b11011001101110111010100110000111 =
b1010100110111110100000010111001 >
b11110101001001100111001111000100 ?
b11000001101111101000101101100001 @
b1110001110111101111110010011000 A
b11111111011001101110001010111 B
b10101100110000001001000000111111 C
b11101011110011111010010000000010 D
b11010101111111011101001000011111 E
b11101111011101011101101000 F
b10011101110011001101110000110111 G
b11010101101111110110000110000101 H
b1010100111101100011100011011010 I
b11101101101110000110000010101 J
b11110001111001101101011101100000 K
b11111010100010010011110110100110 L
b11000100001101001110101111010100 M
b1111011010010100001010111101000 N
b101010101101011001101001011111 O

#1650000
0!
0+

#1655000
1!
1+
b10011 4
b10100101111111111011000001000111 =
b11011001101110111010100110000111 >
b1010100110111110100000010111001 ?
b11110101001001100111001111000100 @
b111101000010001010000101001001 A
b1110001110111101111110010011000 B
b11111111011001101110001010111 C
b10101100110000001001000000111111 D
b1111011010010100001010111101000 E
b101010101101011001101001011111 F
b110011111011001111110000011110 G
b11010101111111111010000010000111 H
b10010101100000111101110101111011 I
b10001001100000110010011100001111 J
b1110001101011011001111100011 K
b11111111111001111011101011000111 L
b11110001101100001111001010000010 M
b1111111111011100100011110111010 N
b1101011100000110111111000000010 O

#1660000
0!
0+

#1665000
1!
1+
b10100 4
b11101011011100011100010110111100 =
b10100101111111111011000001000111 >
b11011001101110111010100110000111 ?
b1010100110111110100000010111001 @
b1110101000101001011101101111110 A
b111101000010001010000101001001 B
b1110001110111101111110010011000 C
b11111111011001101110001010111 D
b1111111111011100100011110111010 E
b1101011100000110111111000000010 F
b110101110010101110010111001000 G
b11101001111110111010000110000111 H
b11010000001011011101100101001100 I
b11100010001110100111101000000 J
b11101100011110110101010100010111 K
b11101000101000011111011110100110 L
b10101000111100000010010101001001 M
b1001000110110000110001100010111 N
b10111010001010010111101011010011 O

#1670000
0!
0+

#1675000
1!
1+
b10101 4
b11000000011101110111101010 =
b11101011011100011100010110111100 >
b10100101111111111011000001000111 ?
b11011001101110111010100110000111 @
b10011101101101111010001111010000 A
b1110101000101001011101101111110 B
b111101000010001010000101001001 C
b1110001110111101111110010011000 D
b1001000110110000110001100010111 E
b10111010001010010111101011010011 F
b110101000111001010001101011001 G
b10100011011100011101010111101110 H
b1101000111001111100011101111000 I
b11100011101101001000000000110101 J
b11000100001000000001011010011101 K
b1100111001011010100101011010010 L
b11110001110100011110100001010010 M
b11000110111101101000110100100010 N
b1100010110011001110101100110 O

#1680000
0!
0+

#1685000
1!
1+
b10110 4
b11010011010100000010101010001000 =
b11000000011101110111101010 >
b11101011011100011100010110111100 ?
b10100101111111111011000001000111 @
b10100000101100100011011010101001 A
b10011101101101111010001111010000 B
b1110101000101001011101101111110 C
b111101000010001010000101001001 D
b11000110111101101000110100100010 E
b1100010110011001110101100110 F
b11010101101101101010101111010110 G
b11000011010100011100110110101000 H
b100000001110001011001101101110 I
b101010101011011000101001001100 J
b111000010000111011001000101 K
b10110001001111101110101101111 L
b11111110101110000010111110010001 M
b10011000110101011011000011011000 N
b11100011100010101000000100010110 O

#1690000
0!
0+

#1695000
1!
1+
b10111 4
b1111100011000000011000111101110 =
b11010011010100000010101010001000 >
b11000000011101110111101010 ?
b11101011011100011100010110111100 @
b111110110101010110000100011111 A
b10100000101100100011011010101001 B
b10011101101101111010001111010000 C
b1110101000101001011101101111110 D
b10011000110101011011000011011000 E
b11100011100010101000000100010110 F
b10100001101100101010001011001001 G
b1010011010000000011100111101010 H
b10010000101011000101011010001011 I
b110101101011000000000010110111 J
b11110010010111110000000000100110 K
b11001001000111110101001010101000 L
b1111010110011101011101010111011 M
b111110001110111010001010010011 N
b11100011111011001001000001110101 O

#1700000
0!
0+

#1705000
1!
1+
b11000 4
b100010001010000011001100001000 =
b1111100011000000011000111101110 >
b11010011010100000010101010001000 ?
b11000000011101110111101010 @
b101001101011010110100001001111 A
b111110110101010110000100011111 B
b10100000101100100011011010101001 C
b10011101101101111010001111010000 D
b111110001110111010001010010011 E
b11100011111011001001000001110101 F
b10101000100101110111011010101111 G
b1110010011000000011001110001000 H
b110000000001110011110100001011 I
b11100011111101111010011110011000 J
b10000000011101100011100010110000 K
b10010000001010110111010000000 L
b11000111101100100111011010110111 M
b10001010001101111000101000100000 N
b10100010011001110111000010010011 O

#1710000
0!
0+

#1715000
1!
1+
b11001 4
b101100100111101111101010110011 =
b100010001010000011001100001000 >
b1111100011000000011000111101110 ?
b11010011010100000010101010001000 @
b10001101001110010110100000001010 A
b101001101011010110100001001111 B
b111110110101010110000100011111 C
b10100000101100100011011010101001 D
b10001010001101111000101000100000 E
b10100010011001110111000010010011 F
b111011111011010110100100011111 G
b101100001010000011001110101010 H
b1100101010101000001011011101001 I
b10110111110100010100011111001011 J
b100011000011001111000111010111 K
b10001010000101000110000110010000 L
b11100001101110111011000110100100 M
b11110010111100101111110100100 N
b10010001011111000100101010010011 O

#1720000
0!
0+

#1725000
1!
1+
b11010 4
b10101111110110101010101000110111 =
b101100100111101111101010110011 >
b100010001010000011001100001000 ?
b1111100011000000011000111101110 @
b11110001101011101000101000101100 A
b10001101001110010110100000001010 B
b101001101011010110100001001111 C
b111110110101010110000100011111 D
b11110010111100101111110100100 E
b10010001011111000100101010010011 F
b10001001001010010110100001001011 G
b101110100110101011101000110011 H
b11010000111000110000101011100111 I
b100001000111011001100110000001 J
b11010111111111111000111110000 K
b1110101101111001111011110110010 L
b11110000110101001111110010010111 M
b10001001111101001000011101001010 N
b11111111011111011100010100011010 O

#1730000
0!
0+

#1735000
1!
1+
b11011 4
b10001001011100100100110001100100 =
b10101111110110101010101000110111 >
b101100100111101111101010110011 ?
b100010001010000011001100001000 @
b110010101001011100100111000 A
b11110001101011101000101000101100 B
b10001101001110010110100000001010 C
b101001101011010110100001001111 D
b10001001111101001000011101001010 E
b11111111011111011100010100011010 F
b10001001001011011100100000101010 G
b10101101110110101110101000110111 H
b10001000010010010100101010101110 I
b11101101010001010000010001110000 J
b1010011111110001111101010000 K
b10101110110111101000001000000110 L
b11000111101100010011100100000100 M
b100111001010101110110110110100 N
b110110001001000011010011100101 O

#1740000
0!
0+

#1745000
1!
1+
b11100 4
b1011101010011110010001010011001 =
b10001001011100100100110001100100 >
b10101111110110101010101000110111 ?
b101100100111101111101010110011 @
b1001001010100110010000010111100 A
b110010101001011100100111000 B
b11110001101011101000101000101100 C
b10001101001110010110100000001010 D
b100111001010101110110110110100 E
b110110001001000011010011100101 F
b10110000111111001010101000111000 G
b10001101010110100010101000110101 H
b1111111000100110100011110101010 I
b1001111001111000011100011000010 J
b10010101111000010010111111100101 K
b11100001111001010011001101001111 L
b11011110000010110110101111101100 M
b110010010111011100001011100011 N
b1100011011010111000111011111 O

#1750000
0!
0+

#1755000
1!
1+
b11101 4
b111110110010110011010011000010 =
b1011101010011110010001010011001 >
b10001001011100100100110001100100 ?
b10101111110110101010101000110111 @
b1011110111111001011110110010110 A
b1001001010100110010000010111100 B
b110010101001011100100111000 C
b11110001101011101000101000101100 D
b110010010111011100001011100011 E
b1100011011010111000111011111 F
b1001000010100000010000010111100 G
b11101010010110010010011000000 H
b101011100000011001110010010 I
b10010101111011101110011001001110 J
b11001011011111011001010001001001 K
b10111011100100110001011101100000 L
b11111000001110000100100001011010 M
b10011101110011010110101011010111 N
b100010101110110101100001010010 O

#1760000
0!
0+

#1765000
1!
1+
b11110 4
b11000000100010001100001100101001 =
b111110110010110011010011000010 >
b1011101010011110010001010011001 ?
b10001001011100100100110001100100 @
b1001101101010000001010100001110 A
b1011110111111001011110110010110 B
b1001001010100110010000010111100 C
b110010101001011100100111000 D
b10011101110011010110101011010111 E
b100010101110110101100001010010 F
b1001100111110110011010110110110 G
b1011100110010110010001010001001 H
b1001010011000001001001110001110 I
b1001100111101011001001001110000 J
b111101011101010011111110101001 K
b11011000101111000111011000011110 L
b11110010001000001101011011110001 M
b10011001001100001011101110100000 N
b10100111001010111011011000010111 O

#1770000
0!
0+

#1775000
1!
1+
b11111 4
b1000000010111000111000110110111 =
b11000000100010001100001100101001 >
b111110110010110011010011000010 ?
b1011101010011110010001010011001 @
b100010101000110000100000000100 A
b1001101101010000001010100001110 B
b1011110111111001011110110010110 C
b1001001010100110010000010111100 D
b10011001001100001011101110100000 E
b10100111001010111011011000010111 F
b1011100111111001011010110010110 G
b1000000110010000111000110100011 H
b101100011010111100001110001111 I
b1000001100010101101101001010000 J
b1011111010111111110011100110100 K
b101101000110000010110100001001 L
b11000110100100011111101001101000 M
b11000010100101011101010001110001 N
b1101101001101000011010100110010 O

#1780000
0!
0+

#1785000
1!
1+
b100000 4
b101111110010100000100110100011 =
b1000000010111000111000110110111 >
b11000000100010001100001100101001 ?
b111110110010110011010011000010 @
b11111111001001111011100001010 A
b100010101000110000100000000100 B
b1001101101010000001010100001110 C
b1011110111111001011110110010110 D
b11000010100101011101010001110001 E
b1101101001101000011010100110010 F
b1000010101010000000000000000100 G
b1000000110010000100000110100011 H
b10101110110011010111000010000111 I
b111011010001111110101001001101 J
b10100111010001110111111101111101 K
b1110001100110100100111101100001 L
b1010011100010001011110001001111 M
b1011000001011000110111010111011 N
b11101111100101011011001000101010 O

#1790000
0!
0+

#1795000
1!
1+
b100001 4
b1000111110000100010000011100101 =
b101111110010100000100110100011 >
b1000000010111000111000110110111 ?
b11000000100010001100001100101001 @
b10010110111101111010001101111101 A
b11111111001001111011100001010 B
b100010101000110000100000000100 C
b1001101101010000001010100001110 D
b1011000001011000110111010111011 E
b11101111100101011011001000101010 F
b110110111001001010101100001000 G
b1000111110010100010000110100111 H
b1011110010110010010001100110111 I
b11100010001110001011111010110010 J
b10001011111110111100010110100000 K
b11000010010010001101111111100100 L
b11111100111010000000100000101111 M
b10010001110010001010100000101111 N
b10100110001000110100010011011110 O

#1800000
0!
0+

#1805000
1!
1+
b100010 4
b110111111010111110110100001101 =
b1000111110000100010000011100101 >
b101111110010100000100110100011 ?
b1000000010111000111000110110111 @
b1010010010100010110101101011000 A
b10010110111101111010001101111101 B
b11111111001001111011100001010 C
b100010101000110000100000000100 D
b10010001110010001010100000101111 E
b10100110001000110100010011011110 F
b11111111101011011011101011010 G
b100111110010100010100110100101 H
b10001010001001110111000011000011 I
b100010111101101010001110101001 J
b100111011101011100001111011001 K
b1001001101110101010000110011010 L
b11111101000101101000101001001011 M
b10101111110100100101101101001110 N
b10110001111100011001101001101000 O

#1810000
0!
0+

#1815000
1!
1+
b100011 4
b1100001110000111111010110110110 =
b110111111010111110110100001101 >
b1000111110000100010000011100101 ?
b101111110010100000100110100011 @
b11110000001011101100110100000101 A
b1010010010100010110101101011000 B
b10010110111101111010001101111101 C
b11111111001001111011100001010 D
b10101111110100100101101101001110 E
b10110001111100011001101001101000 F
b1010110110100010110101101111000 G
b1100111110000111110010110100101 H
b111010000101010010101011110101 I
b10100000000110000011110000010101 J
b10001111000111011000111011011111 K
b101001011010011101111101011 L
b1100100000001110010100100111000 M
b11001110000011011101010011100010 N
b10100001110110010001000010011010 O

#1820000
0!
0+

#1825000
1!
1+
b100100 4
b1101111111001101110010101111100 =
b1100001110000111111010110110110 >
b110111111010111110110100001101 ?
b1000111110000100010000011100101 @
b11111101110101111101111010000101 A
b11110000001011101100110100000101 B
b1010010010100010110101101011000 C
b10010110111101111010001101111101 D
b11001110000011011101010011100010 E
b10100001110110010001000010011010 F
b11110010000001101110110101011101 G
b1100111111000111110010100111100 H
b10101011100011110011011111010111 I
b101100101001111010011101111111 J
b11000001110011010010001010101110 K
b10010100010100111100010010001011 L
b11110111010010010101010011011100 M
b10001111110100000000010001001 N
b10011011100110001110100010011 O

#1830000
0!
0+

#1835000
1!
1+
b100101 4
b100101011011010001110110011100 =
b1101111111001101110010101111100 >
b1100001110000111111010110110110 ?
b110111111010111110110100001101 @
b1011001101111000010000101101110 A
b11111101110101111101111010000101 B
b11110000001011101100110100000101 C
b1010010010100010110101101011000 D
b10001111110100000000010001001 E
b10011011100110001110100010011 F
b11111001100101101100110000000101 G
b1100101111001111111010110111100 H
b1010001110011000001110010011010 I
b1001010101111010111000000101101 J
b110111110011100000101000000011 K
b1110001101000100011111101001001 L
b10001101011000110000100010001111 M
b10011010011100101011101011010100 N
b10110111101101000001001001010110 O

#1840000
0!
0+

#1845000
1!
1+
b100110 4
b1010010001001101100110100101010 =
b100101011011010001110110011100 >
b1101111111001101110010101111100 ?
b1100001110000111111010110110110 @
b11010010010111101010011111100001 A
b1011001101111000010000101101110 B
b11111101110101111101111010000101 C
b11110000001011101100110100000101 D
b10011010011100101011101011010100 E
b10110111101101000001001001010110 F
b1111101100111010111100101100100 G
b1100111011001101100110100111100 H
b1100110111011111000101100110100 I
b1010100001000001100000110100010 J
b11010111000000101001010010010001 K
b10000000110010000011011100011000 L
b11101000101001111010110100010 M
b1100000110001001100011011011011 N
b11001110010101100101100001110000 O

#1850000
0!
0+

#1855000
1!
1+
b100111 4
b101111000110110001111101001011 =
b1010010001001101100110100101010 >
b100101011011010001110110011100 ?
b1101111111001101110010101111100 @
b11000010100010001011110010010001 A
b11010010010111101010011111100001 B
b1011001101111000010000101101110 C
b11111101110101111101111010000101 D
b1100000110001001100011011011011 E
b11001110010101100101100001110000 F
b11011011001111001010010111101111 G
b100111001011110001110100001010 H
b1011101111000101001001110110110 I
b10010001011011000011101100000100 J
b11101010110101001101101111010111 K
b11100101011101010110111111011111 L
b10011110101000011100001011000000 M
b10011011100101001010111010111101 N
b10000101000100011011000011000000 O

#1860000
0!
0+

#1865000
1!
1+
b101000 4
b100000101001100101111101111101 =
b101111000110110001111101001011 >
b1010010001001101100110100101010 ?
b100101011011010001110110011100 @
b1011011110111001010000111001 A
b11000010100010001011110010010001 B
b11010010010111101010011111100001 C
b1011001101111000010000101101110 D
b10011011100101001010111010111101 E
b10000101000100011011000011000000 F
b11010010000011001011011111010001 G
b100010001001100101111101101011 H
b101010101111010110011001101111 I
b11011110110001101001110110100111 J
b10111001100111010011100100111001 K
b11100100011000100000100000010101 L
b1100010100110011100000000110100 M
b1111111010010001111110111011 N
b1001100111000111100010111011010 O

#1870000
0!
0+

#1875000
1!
1+
b101001 4
b1011100110011001110010110010101 =
b100000101001100101111101111101 >
b101111000110110001111101001011 ?
b1010010001001101100110100101010 @
b110101010101100011110101010111 A
b1011011110111001010000111001 B
b11000010100010001011110010010001 C
b11010010010111101010011111100001 D
b1111111010010001111110111011 E
b1001100111000111100010111011010 F
b11000011110110101001010010010001 G
b101100100011100101111101011101 H
b1001000000011111000101001110001 I
b1011101001011010101100110101000 J
b1110110111101100101001011110 K
b11011001000111111111010011110100 L
b11000110110100001111101101000001 M
b1100010010100011111011110100110 N
b1110100100111011110100111001110 O

#1880000
0!
0+

#1885000
1!
1+
b101010 4
b11010110111011111110000101110100 =
b1011100110011001110010110010101 >
b100000101001100101111101111101 ?
b101111000110110001111101001011 @
b10110100011110001100010011010000 A
b110101010101100011110101010111 B
b1011011110111001010000111001 C
b11000010100010001011110010010001 D
b1100010010100011111011110100110 E
b1110100100111011110100111001110 F
b111111010100110001010001111001 G
b1010100111011101110010101110101 H
b10000001100110001001110001111001 I
b11100100101001010000010001010001 J
b1011111001110000111010010111110 K
b11011000000001000001101101101111 L
b10001100000110001011010111111100 M
b110100111001010001011011000111 N
b11010110100001111000000111101110 O

#1890000
0!
0+

#1895000
1!
1+
b101011 4
b1011011011001001100010110101 =
b11010110111011111110000101110100 >
b1011100110011001110010110010101 ?
b100000101001100101111101111101 @
b1100100000000000011011000010010 A
b10110100011110001100010011010000 B
b110101010101100011110101010111 C
b1011011110111001010000111001 D
b110100111001010001011011000111 E
b11010110100001111000000111101110 F
b110101010101100000110101010101 G
b1011110111011001110000110110101 H
b110101000100011010100101100100 I
b10001011110001111000100111101100 J
b11000100001100100110000101000 K
b1100010111110010110111110001100 L
b111010011110100100100110010100 M
b11001110011111111100011010110001 N
b10010011111111101000101100011001 O

#1900000
0!
0+

#1905000
1!
1+
b101100 4
b1100010011111100101000111001010 =
b1011011011001001100010110101 >
b11010110111011111110000101110100 ?
b1011100110011001110010110010101 @
b11101111001001100010011000101110 A
b1100100000000000011011000010010 B
b10110100011110001100010011010000 C
b110101010101100011110101010111 D
b11001110011111111100011010110001 E
b10010011111111101000101100011001 F
b1110100010110001110011011010010 G
b1000010011011101101000111110100 H
b11101111100010111010111000001001 I
b11101101011100100110101100101011 J
b10111000111000011100011110010101 K
b1001100011000101101000110100010 L
b1110000101100110000110110110010 M
b11011001011001111000010100011111 N
b110001111110100111111111111101 O

#1910000
0!
0+

#1915000
1!
1+
b101101 4
b1011011000100000010100011100 =
b1100010011111100101000111001010 >
b1011011011001001100010110101 ?
b11010110111011111110000101110100 @
b110110001101000110101010110100 A
b11101111001001100010011000101110 B
b1100100000000000011011000010010 C
b10110100011110001100010011010000 D
b11011001011001111000010100011111 E
b110001111110100111111111111101 F
b1100110001001000011011000100110 G
b1011011011100001000110011100 H
b10100010001011001010101001111010 I
b10011100011010110100110100111100 J
b11001000000111000010011111111011 K
b1101101111101100000010011100000 L
b1001011010111110110101011010111 M
b11011001000000001011100100101101 N
b10101101100110101011110000010110 O

#1920000
0!
0+

#1925000
1!
1+
b101110 4
b10000110100110110111010101000011 =
b1011011000100000010100011100 >
b1100010011111100101000111001010 ?
b1011011011001001100010110101 @
b10101111111100001001101010100001 A
b110110001101000110101010110100 B
b11101111001001100010011000101110 C
b1100100000000000011011000010010 D
b11011001000000001011100100101101 E
b10101101100110101011110000010110 F
b1100110001101100010111010101110 G
b10011110100101010101001010 H
b100110011011111110011110010001 I
b101010110001110110110010101110 J
b10110111110001010010110100011101 K
b11100111011100110101101010001100 L
b101111111110110010000101011010 M
b11001000001110010100001001101 N
b101000111010100011110011011011 O

#1930000
0!
0+

#1935000
1!
1+
b101111 4
b1000001111100010110010100101000 =
b10000110100110110111010101000011 >
b1011011000100000010100011100 ?
b1100010011111100101000111001010 @
b100100011100111100000100000010 A
b10101111111100001001101010100001 B
b110110001101000110101010110100 C
b11101111001001100010011000101110 D
b11001000001110010100001001101 E
b101000111010100011110011011011 F
b110110011101001010101010110100 G
b11111100110110010100001000 H
b11111100101010101111011111000110 I
b10001001101011100000001101110 J
b10111011110001011101001000010011 K
b1011000001000111001101100011110 L
b111101000101010010011111001101 M
b10000100010100000101100110001101 N
b100111100101110011001110 O

#1940000
0!
0+

#1945000
1!
1+
b110000 4
b10000100111011101011011001011011 =
b1000001111100010110010100101000 >
b10000110100110110111010101000011 ?
b1011011000100000010100011100 @
b11100110110011101010101101010111 A
b100100011100111100000100000010 B
b10101111111100001001101010100001 C
b110110001101000110101010110100 D
b10000100010100000101100110001101 E
b100111100101110011001110 F
b101101011100101001000110100010 G
b10000100111110110111010101001011 H
b11101001001111101110010011110000 I
b1010010001100100100100010001011 J
b1000010011011110010111000101111 K
b11110100100011011010110011001010 L
b1010001010101101001001010001001 M
b100000110101001001100010000000 N
b1101110001110100101101000111011 O

#1950000
0!
0+

#1955000
1!
1+
b110001 4
b10001111000011101111001010111011 =
b10000100111011101011011001011011 >
b1000001111100010110010100101000 ?
b10000110100110110111010101000011 @
b101100001101101001110110011100 A
b11100110110011101010101101010111 B
b100100011100111100000100000010 C
b10101111111100001001101010100001 D
b100000110101001001100010000000 E
b1101110001110100101101000111011 F
b100100010001111100100100010110 G
b10000101111011101111011000111011 H
b1001101110101010010101011100101 I
b11011000011110111001001010110011 J
b101010110010100000001100011000 K
b110111000100000111110001100001 L
b11101010110110110011110110100100 M
b10110101110001101010000000010110 N
b11010011110001000010000100100000 O

#1960000
0!
0+

#1965000
1!
1+
b110010 4
b10001001100010101100000100110110 =
b10001111000011101111001010111011 >
b10000100111011101011011001011011 ?
b1000001111100010110010100101000 @
b111100011000100001010101011001 A
b101100001101101001110110011100 B
b11100110110011101010101101010111 C
b100100011100111100000100000010 D
b10110101110001101010000000010110 E
b11010011110001000010000100100000 F
b11101110101011101011111100011110 G
b10001101100011101111001000111011 H
b10000000110100100010011000111101 I
b11111110110111001010100010001001 J
b10110110000001101111001001110100 K
b10011011000000011101011100100101 L
b10001000100110011001110101111000 M
b11000001111000010011110101101101 N
b1110011000010001100001111000 O

#1970000
0!
0+

#1975000
1!
1+
b110011 4
b11010000010000100101010111100101 =
b10001001100010101100000100110110 >
b10001111000011101111001010111011 ?
b10000100111011101011011001011011 @
b11110100101010001010010101 A
b111100011000100001010101011001 B
b101100001101101001110110011100 C
b11100110110011101010101101010111 D
b11000001111000010011110101101101 E
b1110011000010001100001111000 F
b101100011001100001110100011001 G
b10001001000010101101000110110111 H
b11010010011010011000000000101010 I
b11101111111111100111101001011111 J
b11110010001100001000010111100000 K
b11111001010111000101111011111001 L
b11000000010001110001101111000011 M
b11111000001010110001101101000111 N
b1011011011101000101000111100001 O

#1980000
0!
0+

#1985000
1!
1+
b110100 4
b1010011100111110110110100101000 =
b11010000010000100101010111100101 >
b10001001100010101100000100110110 ?
b10001111000011101111001010111011 @
b1111101000110011101000110100010 A
b11110100101010001010010101 B
b111100011000100001010101011001 C
b101100001101101001110110011100 D
b11111000001010110001101101000111 E
b1011011011101000101000111100001 F
b1011100101000010011011001 G
b11010001100010100100010100100100 H
b100011110011011111111 I
b110001010100110001010101000010 J
b11001100100101010100010001011000 K
b11111101001100010111001100111000 L
b1100011011110111011101000011 M
b10100100100001111011101110101101 N
b11010001100111000010110000100011 O

#1990000
0!
0+

#1995000
1!
1+
b110101 4
b1110110001000111110011111010000 =
b1010011100111110110110100101000 >
b11010000010000100101010111100101 ?
b10001001100010101100000100110110 @
b110011100101101010111001101000 A
b1111101000110011101000110100010 B
b11110100101010001010010101 C
b111100011000100001010101011001 D
b10100100100001111011101110101101 E
b11010001100111000010110000100011 F
b110001010100001000000010110101 G
b1010010000000110110010111100000 H
b10101100100101000000100100110011 I
b10100110100111110001110001110101 J
b1111010111100000011000000011010 K
b1101110101010011000100111101101 L
b10100110111101111110001111110000 M
b1010001000100100000010111101 N
b11111110100101110110111100010011 O

#2000000
0!
0+

#2005000
1!
1+
b110110 4
b1000101110011010111111010000 =
b1110110001000111110011111010000 >
b1010011100111110110110100101000 ?
b11010000010000100101010111100101 @
b10010011101011010000000111110011 A
b110011100101101010111001101000 B
b1111101000110011101000110100010 C
b11110100101010001010010101 D
b1010001000100100000010111101 E
b11111110100101110110111100010011 F
b1111111100101001101000001100000 G
b1010010101110111110111111010000 H
b10011010000100010110111000011011 I
b100110101111000011100001101110 J
b11100010010110010101110001110101 K
b1010101010010101111110001100111 L
b10010001110011100111011001001011 M
b10010111100011101110101111111101 N
b11101100110011010101110111101011 O

#2010000
0!
0+

#2015000
1!
1+
b110111 4
b10000100010111000100100111101000 =
b1000101110011010111111010000 >
b1110110001000111110011111010000 ?
b1010011100111110110110100101000 @
b1100111110100010100000111100010 A
b10010011101011010000000111110011 B
b110011100101101010111001101000 C
b1111101000110011101000110100010 D
b10010111100011101110101111111101 E
b11101100110011010101110111101011 F
b10011100001111010111111101010 G
b100001110011110111111010000 H
b11111011101001001001010001001 I
b1011101011100110100111000011100 J
b10100100110110001001100100000 K
b1101101011111111101001011101 L
b10010010000110110001011000110 M
b1101000100001101010001001100001 N
b100011101011101000001001011001 O

#2020000
0!
0+

#2025000
1!
1+
b111000 4
b10001100001101010010010010111010 =
b10000100010111000100100111101000 >
b1000101110011010111111010000 ?
b1110110001000111110011111010000 @
b10111100001001100000111110001001 A
b1100111110100010100000111100010 B
b10010011101011010000000111110011 C
b110011100101101010111001101000 D
b1101000100001101010001001100001 E
b100011101011101000001001011001 F
b100111100010010000000111110010 G
b10001100001111010010110111111000 H
b1010010010010111100001010110111 I
b11000100110000001101100000100001 J
b10100101100001111100111100101010 K
b11110101110010001100100101000011 L
b11101000110001011001011001000101 M
b1111101001101011010000110101110 N
b11011110100010001111000010101111 O

#2030000
0!
0+

#2035000
1!
1+
b111001 4
b1011011101111101001001001011101 =
b10001100001101010010010010111010 >
b10000100010111000100100111101000 ?
b1000101110011010111111010000 @
b11110011010110011000100101111110 A
b10111100001001100000111110001001 B
b1100111110100010100000111100010 C
b10010011101011010000000111110011 D
b1111101001101011010000110101110 E
b11011110100010001111000010101111 F
b10110100100000000100100110001000 G
b10001100001111000000000011111000 H
b111110010011000000110000001101 I
b1111000110101111011001001101101 J
b11000101111001000000010011010010 K
b11011101001111110101101110110001 L
b11110010100011011111100100111100 M
b101100001110000101101010010011 N
b11001010100010000000110100000101 O

#2040000
0!
0+

#2045000
1!
1+
b111010 4
b11110110110000000110011110011000 =
b1011011101111101001001001011101 >
b10001100001101010010010010111010 ?
b10000100010111000100100111101000 @
b110100111100100000101001100011 A
b11110011010110011000100101111110 B
b10111100001001100000111110001001 C
b1100111110100010100000111100010 D
b101100001110000101101010010011 E
b11001010100010000000110100000101 F
b10111000010101000000110111101010 G
b11011110101101000010011010011000 H
b111010011100110000111110 I
b10111001101100000110011111110010 J
b10111101010111101011001100111111 K
b1111001110100000111100000011111 L
b10000011100011101111110100011101 M
b11100010001011010010110011101111 N
b11011111100111011111001011010110 O

#2050000
0!
0+

#2055000
1!
1+
b111011 4
b11000001110010110001111111000101 =
b11110110110000000110011110011000 >
b1011011101111101001001001011101 ?
b10001100001101010010010010111010 @
b1100110100010010111011011010111 A
b110100111100100000101001100011 B
b11110011010110011000100101111110 C
b10111100001001100000111110001001 D
b11100010001011010010110011101111 E
b11011111100111011111001011010110 F
b10110101110100001000101101101011 G
b11010011110010100001011111011101 H
b10100010001000111101111010101110 I
b11000011110011011001111101000110 J
b10101001100110111001101110000001 K
b1000011100001010100010001101001 L
b110100000010101010000011000001 M
b11110110100101011101110100000011 N
b1110101111011011111011010001011 O

#2060000
0!
0+

#2065000
1!
1+
b111100 4
b1101100100000111101001110001110 =
b11000001110010110001111111000101 >
b11110110110000000110011110011000 ?
b1011011101111101001001001011101 @
b10000010110010110000000110111101 A
b1100110100010010111011011010111 B
b110100111100100000101001100011 C
b11110011010110011000100101111110 D
b11110110100101011101110100000011 E
b1110101111011011111011010001011 F
b110110101110010000101011010111 G
b11100100110000110101011110001100 H
b1000000111011010100101001111 I
b10100100001110111010101110100111 J
b1111101010010001000000101011000 K
b10100001000011011001001000001001 L
b110110000000010000010100000011 M
b10010101000011100100010011111001 N
b11101100111000010000000011011011 O

#2070000
0!
0+

#2075000
1!
1+
b111101 4
b10000001111011110100010111010100 =
b1101100100000111101001110001110 >
b11000001110010110001111111000101 ?
b11110110110000000110011110011000 @
b11110000110011001101011101010110 A
b10000010110010110000000110111101 B
b1100110100010010111011011010111 C
b110100111100100000101001100011 D
b10010101000011100100010011111001 E
b11101100111000010000000011011011 F
b10000110110010010010000110010101 G
b11000001110010110101011111000100 H
b10110011110010001000110000001000 I
b11010111011101101000000110111111 J
b1111001111101100001100110010111 K
b100011101011011111000101100 L
b1011011100110011011100011100101 M
b10010011000110111101001110000111 N
b1110101100100111110001111001100 O

#2080000
0!
0+

#2085000
1!
1+
b111110 4
b1000101011111011011101010011 =
b10000001111011110100010111010100 >
b1101100100000111101001110001110 ?
b11000001110010110001111111000101 @
b10001001110111000011101100011111 A
b11110000110011001101011101010110 B
b10000010110010110000000110111101 C
b1100110100010010111011011010111 D
b10010011000110111101001110000111 E
b1110101100100111110001111001100 F
b10000010110011110001001110110110 G
b1000101011111101011111010110 H
b11000110011011101110010010001011 I
b11110011110010111100010010101111 J
b11010100001010111100000111110011 K
b10100010001011000111110110000001 L
b10111000100101101100001110010100 M
b1010100101101001011011011000111 N
b11001111000111101011110001100001 O

#2090000
0!
0+

#2095000
1!
1+
b111111 4
b100011110100110111001100101000 =
b1000101011111011011101010011 >
b10000001111011110100010111010100 ?
b1101100100000111101001110001110 @
b10110011111111101011010001100 A
b10001001110111000011101100011111 B
b11110000110011001101011101010110 C
b10000010110010110000000110111101 D
b1010100101101001011011011000111 E
b11001111000111101011110001100001 F
b11100000110111000001001101011110 G
b1111011110111011101010000 H
b11011100011110010110001011011110 I
b11011110001100000111011010101011 J
b10111100001010100010101100100001 K
b11101011011110001110000011010001 L
b11001101011111011100101000000100 M
b11010101110001101100111010111100 N
b11011110011010001101101000101110 O

#2100000
0!
0+

#2105000
1!
1+
b10 3
b10110100001011111010100011101010 =
b100011110100110111001100101000 >
b1000101011111011011101010011 ?
b10000001111011110100010111010100 @
b1000010010010101010001001001010 A
b10110011111111101011010001100 B
b10001001110111000011101100011111 C
b11110000110011001101011101010110 D
b11010101110001101100111010111100 E
b11011110011010001101101000101110 F
b10001011110111101001101100011101 G
b100000101011111011001101101010 H
b1010100111111011110000110010111 I
b1000101000100000100011011111100 J
b1010101101010101111110001100101 N
b1110101101011011001010100000001 O

#2110000
0!
0+

#2115000
1!
b10000000101101001101010011011000011110011011110010001111111011110011010110111000010000000001010001010011100111011001101111010001110010000000111000000010011011110001000011010010110010101100100000010111000101000101010000010100011001101001101110000111111011 '
1(
1+
b10000000101101001101010011011000011110011011110010001111111011110011010110111000010000000001010001010011100111011001101111010001110010000000111000000010011011110001000011010010110010101100100000010111000101000101010000010100011001101001101110000111111011 1
12
b0 3
b100000001011010011010100110110 5
b11110011011110010001111111011 6
b11001101011011100001000000000101 7
b10100111001110110011011110100 8
b1110010000000111000000010011011 9
b11000100001101001011001010110010 :
b101110001010001010100000101 ;
b11001101001101110000111111011 <

#2120000
0!
0+

#2125000
1!
1+

#2130000
0!
0+

#2135000
1!
1+

#2140000
0!
0+

#2145000
1!
1+

#2150000
0!
0+

#2155000
1!
1+

#2160000
0!
0+

#2165000
1!
1+

#2170000
0!
0+

#2175000
1!
1+

#2180000
0!
0+

#2185000
1!
1+

#2190000
0!
0+

#2195000
1!
1+

#2200000
0!
0+

#2205000
1!
1+

#2210000
0!
0+
